{
  "fio version" : "fio-3.38",
  "timestamp" : 1730042019,
  "timestamp_ms" : 1730042019945,
  "time" : "Sun Oct 27 16:13:39 2024",
  "jobs" : [
    {
      "jobname" : "Exo3_2_bssplit_rep_3",
      "groupid" : 0,
      "job_start" : 1730042016224,
      "error" : 0,
      "eta" : 0,
      "elapsed" : 4,
      "job options" : {
        "name" : "Exo3_2_bssplit_rep_3",
        "runtime" : "60",
        "numjobs" : "1",
        "bssplit" : "64k:30,256k:60,512k:10",
        "filesize" : "1G",
        "direct" : "1",
        "rw" : "write"
      },
      "read" : {
        "io_bytes" : 0,
        "io_kbytes" : 0,
        "bw_bytes" : 0,
        "bw" : 0,
        "iops" : 0.000000,
        "runtime" : 0,
        "total_ios" : 0,
        "short_ios" : 0,
        "drop_ios" : 0,
        "slat_ns" : {
          "min" : 0,
          "max" : 0,
          "mean" : 0.000000,
          "stddev" : 0.000000,
          "N" : 0
        },
        "clat_ns" : {
          "min" : 0,
          "max" : 0,
          "mean" : 0.000000,
          "stddev" : 0.000000,
          "N" : 0
        },
        "lat_ns" : {
          "min" : 0,
          "max" : 0,
          "mean" : 0.000000,
          "stddev" : 0.000000,
          "N" : 0
        },
        "bw_min" : 0,
        "bw_max" : 0,
        "bw_agg" : 0.000000,
        "bw_mean" : 0.000000,
        "bw_dev" : 0.000000,
        "bw_samples" : 0,
        "iops_min" : 0,
        "iops_max" : 0,
        "iops_mean" : 0.000000,
        "iops_stddev" : 0.000000,
        "iops_samples" : 0
      },
      "write" : {
        "io_bytes" : 1073741820,
        "io_kbytes" : 1048575,
        "bw_bytes" : 301867253,
        "bw" : 294792,
        "iops" : 2456.283385,
        "runtime" : 3557,
        "total_ios" : 8737,
        "short_ios" : 0,
        "drop_ios" : 0,
        "slat_ns" : {
          "min" : 0,
          "max" : 0,
          "mean" : 0.000000,
          "stddev" : 0.000000,
          "N" : 0
        },
        "clat_ns" : {
          "min" : 9000,
          "max" : 5332000,
          "mean" : 398246.766625,
          "stddev" : 580558.059527,
          "N" : 8737,
          "percentile" : {
            "1.000000" : 10048,
            "5.000000" : 11968,
            "10.000000" : 16064,
            "20.000000" : 20096,
            "30.000000" : 23936,
            "40.000000" : 32128,
            "50.000000" : 75264,
            "60.000000" : 536576,
            "70.000000" : 593920,
            "80.000000" : 618496,
            "90.000000" : 815104,
            "95.000000" : 1220608,
            "99.000000" : 3129344,
            "99.500000" : 3227648,
            "99.900000" : 4292608,
            "99.950000" : 4816896,
            "99.990000" : 5341184
          }
        },
        "lat_ns" : {
          "min" : 9000,
          "max" : 5337000,
          "mean" : 402065.125329,
          "stddev" : 583064.250400,
          "N" : 8737
        },
        "bw_min" : 250989,
        "bw_max" : 329657,
        "bw_agg" : 100.000000,
        "bw_mean" : 295816.142857,
        "bw_dev" : 25613.477419,
        "bw_samples" : 7,
        "iops_min" : 2057,
        "iops_max" : 2684,
        "iops_mean" : 2329.571429,
        "iops_stddev" : 219.209076,
        "iops_samples" : 7
      },
      "trim" : {
        "io_bytes" : 0,
        "io_kbytes" : 0,
        "bw_bytes" : 0,
        "bw" : 0,
        "iops" : 0.000000,
        "runtime" : 0,
        "total_ios" : 0,
        "short_ios" : 0,
        "drop_ios" : 0,
        "slat_ns" : {
          "min" : 0,
          "max" : 0,
          "mean" : 0.000000,
          "stddev" : 0.000000,
          "N" : 0
        },
        "clat_ns" : {
          "min" : 0,
          "max" : 0,
          "mean" : 0.000000,
          "stddev" : 0.000000,
          "N" : 0
        },
        "lat_ns" : {
          "min" : 0,
          "max" : 0,
          "mean" : 0.000000,
          "stddev" : 0.000000,
          "N" : 0
        },
        "bw_min" : 0,
        "bw_max" : 0,
        "bw_agg" : 0.000000,
        "bw_mean" : 0.000000,
        "bw_dev" : 0.000000,
        "bw_samples" : 0,
        "iops_min" : 0,
        "iops_max" : 0,
        "iops_mean" : 0.000000,
        "iops_stddev" : 0.000000,
        "iops_samples" : 0
      },
      "sync" : {
        "total_ios" : 0,
        "lat_ns" : {
          "min" : 0,
          "max" : 0,
          "mean" : 0.000000,
          "stddev" : 0.000000,
          "N" : 0
        }
      },
      "job_runtime" : 3556,
      "usr_cpu" : 2.896513,
      "sys_cpu" : 28.937008,
      "ctx" : 4379,
      "majf" : 0,
      "minf" : 30,
      "iodepth_level" : {
        "1" : 100.000000,
        "2" : 0.000000,
        "4" : 0.000000,
        "8" : 0.000000,
        "16" : 0.000000,
        "32" : 0.000000,
        ">=64" : 0.000000
      },
      "iodepth_submit" : {
        "0" : 0.000000,
        "4" : 100.000000,
        "8" : 0.000000,
        "16" : 0.000000,
        "32" : 0.000000,
        "64" : 0.000000,
        ">=64" : 0.000000
      },
      "iodepth_complete" : {
        "0" : 0.000000,
        "4" : 100.000000,
        "8" : 0.000000,
        "16" : 0.000000,
        "32" : 0.000000,
        "64" : 0.000000,
        ">=64" : 0.000000
      },
      "latency_ns" : {
        "2" : 0.000000,
        "4" : 0.000000,
        "10" : 0.000000,
        "20" : 0.000000,
        "50" : 0.000000,
        "100" : 0.000000,
        "250" : 0.000000,
        "500" : 0.000000,
        "750" : 0.000000,
        "1000" : 0.000000
      },
      "latency_us" : {
        "2" : 0.000000,
        "4" : 0.000000,
        "10" : 0.881309,
        "20" : 11.125100,
        "50" : 35.767426,
        "100" : 4.223418,
        "250" : 0.560833,
        "500" : 5.058945,
        "750" : 30.273549,
        "1000" : 6.077601
      },
      "latency_ms" : {
        "2" : 3.044523,
        "4" : 2.815612,
        "10" : 0.171684,
        "20" : 0.000000,
        "50" : 0.000000,
        "100" : 0.000000,
        "250" : 0.000000,
        "500" : 0.000000,
        "750" : 0.000000,
        "1000" : 0.000000,
        "2000" : 0.000000,
        ">=2000" : 0.000000
      },
      "latency_depth" : 1,
      "latency_target" : 0,
      "latency_percentile" : 100.000000,
      "latency_window" : 0
    }
  ]
}
