{
  "fio version" : "fio-3.38",
  "timestamp" : 1730042015,
  "timestamp_ms" : 1730042015603,
  "time" : "Sun Oct 27 16:13:35 2024",
  "jobs" : [
    {
      "jobname" : "Exo3_2_bssplit_rep_2",
      "groupid" : 0,
      "job_start" : 1730042011896,
      "error" : 0,
      "eta" : 0,
      "elapsed" : 4,
      "job options" : {
        "name" : "Exo3_2_bssplit_rep_2",
        "runtime" : "60",
        "numjobs" : "1",
        "bssplit" : "64k:30,256k:60,512k:10",
        "filesize" : "1G",
        "direct" : "1",
        "rw" : "write"
      },
      "read" : {
        "io_bytes" : 0,
        "io_kbytes" : 0,
        "bw_bytes" : 0,
        "bw" : 0,
        "iops" : 0.000000,
        "runtime" : 0,
        "total_ios" : 0,
        "short_ios" : 0,
        "drop_ios" : 0,
        "slat_ns" : {
          "min" : 0,
          "max" : 0,
          "mean" : 0.000000,
          "stddev" : 0.000000,
          "N" : 0
        },
        "clat_ns" : {
          "min" : 0,
          "max" : 0,
          "mean" : 0.000000,
          "stddev" : 0.000000,
          "N" : 0
        },
        "lat_ns" : {
          "min" : 0,
          "max" : 0,
          "mean" : 0.000000,
          "stddev" : 0.000000,
          "N" : 0
        },
        "bw_min" : 0,
        "bw_max" : 0,
        "bw_agg" : 0.000000,
        "bw_mean" : 0.000000,
        "bw_dev" : 0.000000,
        "bw_samples" : 0,
        "iops_min" : 0,
        "iops_max" : 0,
        "iops_mean" : 0.000000,
        "iops_stddev" : 0.000000,
        "iops_samples" : 0
      },
      "write" : {
        "io_bytes" : 1073741820,
        "io_kbytes" : 1048575,
        "bw_bytes" : 298759549,
        "bw" : 291757,
        "iops" : 2430.996105,
        "runtime" : 3594,
        "total_ios" : 8737,
        "short_ios" : 0,
        "drop_ios" : 0,
        "slat_ns" : {
          "min" : 0,
          "max" : 0,
          "mean" : 0.000000,
          "stddev" : 0.000000,
          "N" : 0
        },
        "clat_ns" : {
          "min" : 9000,
          "max" : 33616000,
          "mean" : 402493.647705,
          "stddev" : 679747.104879,
          "N" : 8737,
          "percentile" : {
            "1.000000" : 10048,
            "5.000000" : 14016,
            "10.000000" : 19072,
            "20.000000" : 20096,
            "30.000000" : 23936,
            "40.000000" : 32128,
            "50.000000" : 74240,
            "60.000000" : 544768,
            "70.000000" : 593920,
            "80.000000" : 610304,
            "90.000000" : 823296,
            "95.000000" : 1220608,
            "99.000000" : 3129344,
            "99.500000" : 3325952,
            "99.900000" : 4292608,
            "99.950000" : 5079040,
            "99.990000" : 33816576
          }
        },
        "lat_ns" : {
          "min" : 9000,
          "max" : 33617000,
          "mean" : 406296.898249,
          "stddev" : 681887.094633,
          "N" : 8737
        },
        "bw_min" : 234552,
        "bw_max" : 324676,
        "bw_agg" : 100.000000,
        "bw_mean" : 291814.857143,
        "bw_dev" : 29284.070877,
        "bw_samples" : 7,
        "iops_min" : 1942,
        "iops_max" : 2572,
        "iops_mean" : 2301.000000,
        "iops_stddev" : 221.119877,
        "iops_samples" : 7
      },
      "trim" : {
        "io_bytes" : 0,
        "io_kbytes" : 0,
        "bw_bytes" : 0,
        "bw" : 0,
        "iops" : 0.000000,
        "runtime" : 0,
        "total_ios" : 0,
        "short_ios" : 0,
        "drop_ios" : 0,
        "slat_ns" : {
          "min" : 0,
          "max" : 0,
          "mean" : 0.000000,
          "stddev" : 0.000000,
          "N" : 0
        },
        "clat_ns" : {
          "min" : 0,
          "max" : 0,
          "mean" : 0.000000,
          "stddev" : 0.000000,
          "N" : 0
        },
        "lat_ns" : {
          "min" : 0,
          "max" : 0,
          "mean" : 0.000000,
          "stddev" : 0.000000,
          "N" : 0
        },
        "bw_min" : 0,
        "bw_max" : 0,
        "bw_agg" : 0.000000,
        "bw_mean" : 0.000000,
        "bw_dev" : 0.000000,
        "bw_samples" : 0,
        "iops_min" : 0,
        "iops_max" : 0,
        "iops_mean" : 0.000000,
        "iops_stddev" : 0.000000,
        "iops_samples" : 0
      },
      "sync" : {
        "total_ios" : 0,
        "lat_ns" : {
          "min" : 0,
          "max" : 0,
          "mean" : 0.000000,
          "stddev" : 0.000000,
          "N" : 0
        }
      },
      "job_runtime" : 3593,
      "usr_cpu" : 2.783190,
      "sys_cpu" : 28.611188,
      "ctx" : 4392,
      "majf" : 0,
      "minf" : 32,
      "iodepth_level" : {
        "1" : 100.000000,
        "2" : 0.000000,
        "4" : 0.000000,
        "8" : 0.000000,
        "16" : 0.000000,
        "32" : 0.000000,
        ">=64" : 0.000000
      },
      "iodepth_submit" : {
        "0" : 0.000000,
        "4" : 100.000000,
        "8" : 0.000000,
        "16" : 0.000000,
        "32" : 0.000000,
        "64" : 0.000000,
        ">=64" : 0.000000
      },
      "iodepth_complete" : {
        "0" : 0.000000,
        "4" : 100.000000,
        "8" : 0.000000,
        "16" : 0.000000,
        "32" : 0.000000,
        "64" : 0.000000,
        ">=64" : 0.000000
      },
      "latency_ns" : {
        "2" : 0.000000,
        "4" : 0.000000,
        "10" : 0.000000,
        "20" : 0.000000,
        "50" : 0.000000,
        "100" : 0.000000,
        "250" : 0.000000,
        "500" : 0.000000,
        "750" : 0.000000,
        "1000" : 0.000000
      },
      "latency_us" : {
        "2" : 0.000000,
        "4" : 0.000000,
        "10" : 0.961428,
        "20" : 10.495593,
        "50" : 35.733089,
        "100" : 4.749914,
        "250" : 0.606616,
        "500" : 4.669795,
        "750" : 30.571134,
        "1000" : 5.894472
      },
      "latency_ms" : {
        "2" : 3.410782,
        "4" : 2.724047,
        "10" : 0.171684,
        "20" : 0.000000,
        "50" : 0.011446,
        "100" : 0.000000,
        "250" : 0.000000,
        "500" : 0.000000,
        "750" : 0.000000,
        "1000" : 0.000000,
        "2000" : 0.000000,
        ">=2000" : 0.000000
      },
      "latency_depth" : 1,
      "latency_target" : 0,
      "latency_percentile" : 100.000000,
      "latency_window" : 0
    }
  ]
}
