{
  "fio version" : "fio-3.38",
  "timestamp" : 1730042011,
  "timestamp_ms" : 1730042011254,
  "time" : "Sun Oct 27 16:13:31 2024",
  "jobs" : [
    {
      "jobname" : "Exo3_2_bssplit_rep_1",
      "groupid" : 0,
      "job_start" : 1730042008027,
      "error" : 0,
      "eta" : 0,
      "elapsed" : 4,
      "job options" : {
        "name" : "Exo3_2_bssplit_rep_1",
        "runtime" : "60",
        "numjobs" : "1",
        "bssplit" : "64k:30,256k:60,512k:10",
        "filesize" : "1G",
        "direct" : "1",
        "rw" : "write"
      },
      "read" : {
        "io_bytes" : 0,
        "io_kbytes" : 0,
        "bw_bytes" : 0,
        "bw" : 0,
        "iops" : 0.000000,
        "runtime" : 0,
        "total_ios" : 0,
        "short_ios" : 0,
        "drop_ios" : 0,
        "slat_ns" : {
          "min" : 0,
          "max" : 0,
          "mean" : 0.000000,
          "stddev" : 0.000000,
          "N" : 0
        },
        "clat_ns" : {
          "min" : 0,
          "max" : 0,
          "mean" : 0.000000,
          "stddev" : 0.000000,
          "N" : 0
        },
        "lat_ns" : {
          "min" : 0,
          "max" : 0,
          "mean" : 0.000000,
          "stddev" : 0.000000,
          "N" : 0
        },
        "bw_min" : 0,
        "bw_max" : 0,
        "bw_agg" : 0.000000,
        "bw_mean" : 0.000000,
        "bw_dev" : 0.000000,
        "bw_samples" : 0,
        "iops_min" : 0,
        "iops_max" : 0,
        "iops_mean" : 0.000000,
        "iops_stddev" : 0.000000,
        "iops_samples" : 0
      },
      "write" : {
        "io_bytes" : 1073741820,
        "io_kbytes" : 1048575,
        "bw_bytes" : 354370237,
        "bw" : 346064,
        "iops" : 2883.498350,
        "runtime" : 3030,
        "total_ios" : 8737,
        "short_ios" : 0,
        "drop_ios" : 0,
        "slat_ns" : {
          "min" : 0,
          "max" : 0,
          "mean" : 0.000000,
          "stddev" : 0.000000,
          "N" : 0
        },
        "clat_ns" : {
          "min" : 9000,
          "max" : 5124000,
          "mean" : 339773.263134,
          "stddev" : 559367.004704,
          "N" : 8737,
          "percentile" : {
            "1.000000" : 9024,
            "5.000000" : 10048,
            "10.000000" : 11968,
            "20.000000" : 15040,
            "30.000000" : 20096,
            "40.000000" : 27008,
            "50.000000" : 63232,
            "60.000000" : 354304,
            "70.000000" : 423936,
            "80.000000" : 536576,
            "90.000000" : 684032,
            "95.000000" : 1105920,
            "99.000000" : 3129344,
            "99.500000" : 3227648,
            "99.900000" : 4227072,
            "99.950000" : 4423680,
            "99.990000" : 5144576
          }
        },
        "lat_ns" : {
          "min" : 9000,
          "max" : 5128000,
          "mean" : 342780.817214,
          "stddev" : 561275.274081,
          "N" : 8737
        },
        "bw_min" : 293958,
        "bw_max" : 416721,
        "bw_agg" : 100.000000,
        "bw_mean" : 346985.333333,
        "bw_dev" : 46095.440971,
        "bw_samples" : 6,
        "iops_min" : 2436,
        "iops_max" : 3177,
        "iops_mean" : 2732.000000,
        "iops_stddev" : 290.890357,
        "iops_samples" : 6
      },
      "trim" : {
        "io_bytes" : 0,
        "io_kbytes" : 0,
        "bw_bytes" : 0,
        "bw" : 0,
        "iops" : 0.000000,
        "runtime" : 0,
        "total_ios" : 0,
        "short_ios" : 0,
        "drop_ios" : 0,
        "slat_ns" : {
          "min" : 0,
          "max" : 0,
          "mean" : 0.000000,
          "stddev" : 0.000000,
          "N" : 0
        },
        "clat_ns" : {
          "min" : 0,
          "max" : 0,
          "mean" : 0.000000,
          "stddev" : 0.000000,
          "N" : 0
        },
        "lat_ns" : {
          "min" : 0,
          "max" : 0,
          "mean" : 0.000000,
          "stddev" : 0.000000,
          "N" : 0
        },
        "bw_min" : 0,
        "bw_max" : 0,
        "bw_agg" : 0.000000,
        "bw_mean" : 0.000000,
        "bw_dev" : 0.000000,
        "bw_samples" : 0,
        "iops_min" : 0,
        "iops_max" : 0,
        "iops_mean" : 0.000000,
        "iops_stddev" : 0.000000,
        "iops_samples" : 0
      },
      "sync" : {
        "total_ios" : 0,
        "lat_ns" : {
          "min" : 0,
          "max" : 0,
          "mean" : 0.000000,
          "stddev" : 0.000000,
          "N" : 0
        }
      },
      "job_runtime" : 3029,
      "usr_cpu" : 2.509079,
      "sys_cpu" : 28.755365,
      "ctx" : 5222,
      "majf" : 5,
      "minf" : 27,
      "iodepth_level" : {
        "1" : 100.000000,
        "2" : 0.000000,
        "4" : 0.000000,
        "8" : 0.000000,
        "16" : 0.000000,
        "32" : 0.000000,
        ">=64" : 0.000000
      },
      "iodepth_submit" : {
        "0" : 0.000000,
        "4" : 100.000000,
        "8" : 0.000000,
        "16" : 0.000000,
        "32" : 0.000000,
        "64" : 0.000000,
        ">=64" : 0.000000
      },
      "iodepth_complete" : {
        "0" : 0.000000,
        "4" : 100.000000,
        "8" : 0.000000,
        "16" : 0.000000,
        "32" : 0.000000,
        "64" : 0.000000,
        ">=64" : 0.000000
      },
      "latency_ns" : {
        "2" : 0.000000,
        "4" : 0.000000,
        "10" : 0.000000,
        "20" : 0.000000,
        "50" : 0.000000,
        "100" : 0.000000,
        "250" : 0.000000,
        "500" : 0.000000,
        "750" : 0.000000,
        "1000" : 0.000000
      },
      "latency_us" : {
        "2" : 0.000000,
        "4" : 0.000000,
        "10" : 2.861394,
        "20" : 26.782649,
        "50" : 18.152684,
        "100" : 4.177635,
        "250" : 0.835527,
        "500" : 22.192972,
        "750" : 17.271375,
        "1000" : 2.254779
      },
      "latency_ms" : {
        "2" : 2.529472,
        "4" : 2.746938,
        "10" : 0.194575,
        "20" : 0.000000,
        "50" : 0.000000,
        "100" : 0.000000,
        "250" : 0.000000,
        "500" : 0.000000,
        "750" : 0.000000,
        "1000" : 0.000000,
        "2000" : 0.000000,
        ">=2000" : 0.000000
      },
      "latency_depth" : 1,
      "latency_target" : 0,
      "latency_percentile" : 100.000000,
      "latency_window" : 0
    }
  ]
}
