{
  "fio version" : "fio-3.38",
  "timestamp" : 1730042024,
  "timestamp_ms" : 1730042024542,
  "time" : "Sun Oct 27 16:13:44 2024",
  "jobs" : [
    {
      "jobname" : "Exo3_2_bssplit_rep_4",
      "groupid" : 0,
      "job_start" : 1730042020581,
      "error" : 0,
      "eta" : 0,
      "elapsed" : 5,
      "job options" : {
        "name" : "Exo3_2_bssplit_rep_4",
        "runtime" : "60",
        "numjobs" : "1",
        "bssplit" : "64k:30,256k:60,512k:10",
        "filesize" : "1G",
        "direct" : "1",
        "rw" : "write"
      },
      "read" : {
        "io_bytes" : 0,
        "io_kbytes" : 0,
        "bw_bytes" : 0,
        "bw" : 0,
        "iops" : 0.000000,
        "runtime" : 0,
        "total_ios" : 0,
        "short_ios" : 0,
        "drop_ios" : 0,
        "slat_ns" : {
          "min" : 0,
          "max" : 0,
          "mean" : 0.000000,
          "stddev" : 0.000000,
          "N" : 0
        },
        "clat_ns" : {
          "min" : 0,
          "max" : 0,
          "mean" : 0.000000,
          "stddev" : 0.000000,
          "N" : 0
        },
        "lat_ns" : {
          "min" : 0,
          "max" : 0,
          "mean" : 0.000000,
          "stddev" : 0.000000,
          "N" : 0
        },
        "bw_min" : 0,
        "bw_max" : 0,
        "bw_agg" : 0.000000,
        "bw_mean" : 0.000000,
        "bw_dev" : 0.000000,
        "bw_samples" : 0,
        "iops_min" : 0,
        "iops_max" : 0,
        "iops_mean" : 0.000000,
        "iops_stddev" : 0.000000,
        "iops_samples" : 0
      },
      "write" : {
        "io_bytes" : 1073741820,
        "io_kbytes" : 1048575,
        "bw_bytes" : 290435980,
        "bw" : 283628,
        "iops" : 2363.267514,
        "runtime" : 3697,
        "total_ios" : 8737,
        "short_ios" : 0,
        "drop_ios" : 0,
        "slat_ns" : {
          "min" : 0,
          "max" : 0,
          "mean" : 0.000000,
          "stddev" : 0.000000,
          "N" : 0
        },
        "clat_ns" : {
          "min" : 9000,
          "max" : 5097000,
          "mean" : 414031.589791,
          "stddev" : 586310.080655,
          "N" : 8737,
          "percentile" : {
            "1.000000" : 10944,
            "5.000000" : 15040,
            "10.000000" : 20096,
            "20.000000" : 21120,
            "30.000000" : 31104,
            "40.000000" : 32128,
            "50.000000" : 74240,
            "60.000000" : 577536,
            "70.000000" : 602112,
            "80.000000" : 626688,
            "90.000000" : 856064,
            "95.000000" : 1236992,
            "99.000000" : 3129344,
            "99.500000" : 3358720,
            "99.900000" : 4145152,
            "99.950000" : 4358144,
            "99.990000" : 5079040
          }
        },
        "lat_ns" : {
          "min" : 9000,
          "max" : 5102000,
          "mean" : 417989.470070,
          "stddev" : 588981.032557,
          "N" : 8737
        },
        "bw_min" : 233573,
        "bw_max" : 308808,
        "bw_agg" : 99.569548,
        "bw_mean" : 282408.142857,
        "bw_dev" : 24314.267646,
        "bw_samples" : 7,
        "iops_min" : 1934,
        "iops_max" : 2516,
        "iops_mean" : 2231.428571,
        "iops_stddev" : 180.625632,
        "iops_samples" : 7
      },
      "trim" : {
        "io_bytes" : 0,
        "io_kbytes" : 0,
        "bw_bytes" : 0,
        "bw" : 0,
        "iops" : 0.000000,
        "runtime" : 0,
        "total_ios" : 0,
        "short_ios" : 0,
        "drop_ios" : 0,
        "slat_ns" : {
          "min" : 0,
          "max" : 0,
          "mean" : 0.000000,
          "stddev" : 0.000000,
          "N" : 0
        },
        "clat_ns" : {
          "min" : 0,
          "max" : 0,
          "mean" : 0.000000,
          "stddev" : 0.000000,
          "N" : 0
        },
        "lat_ns" : {
          "min" : 0,
          "max" : 0,
          "mean" : 0.000000,
          "stddev" : 0.000000,
          "N" : 0
        },
        "bw_min" : 0,
        "bw_max" : 0,
        "bw_agg" : 0.000000,
        "bw_mean" : 0.000000,
        "bw_dev" : 0.000000,
        "bw_samples" : 0,
        "iops_min" : 0,
        "iops_max" : 0,
        "iops_mean" : 0.000000,
        "iops_stddev" : 0.000000,
        "iops_samples" : 0
      },
      "sync" : {
        "total_ios" : 0,
        "lat_ns" : {
          "min" : 0,
          "max" : 0,
          "mean" : 0.000000,
          "stddev" : 0.000000,
          "N" : 0
        }
      },
      "job_runtime" : 3696,
      "usr_cpu" : 2.840909,
      "sys_cpu" : 29.545455,
      "ctx" : 4415,
      "majf" : 0,
      "minf" : 31,
      "iodepth_level" : {
        "1" : 100.000000,
        "2" : 0.000000,
        "4" : 0.000000,
        "8" : 0.000000,
        "16" : 0.000000,
        "32" : 0.000000,
        ">=64" : 0.000000
      },
      "iodepth_submit" : {
        "0" : 0.000000,
        "4" : 100.000000,
        "8" : 0.000000,
        "16" : 0.000000,
        "32" : 0.000000,
        "64" : 0.000000,
        ">=64" : 0.000000
      },
      "iodepth_complete" : {
        "0" : 0.000000,
        "4" : 100.000000,
        "8" : 0.000000,
        "16" : 0.000000,
        "32" : 0.000000,
        "64" : 0.000000,
        ">=64" : 0.000000
      },
      "latency_ns" : {
        "2" : 0.000000,
        "4" : 0.000000,
        "10" : 0.000000,
        "20" : 0.000000,
        "50" : 0.000000,
        "100" : 0.000000,
        "250" : 0.000000,
        "500" : 0.000000,
        "750" : 0.000000,
        "1000" : 0.000000
      },
      "latency_us" : {
        "2" : 0.000000,
        "4" : 0.000000,
        "10" : 0.125901,
        "20" : 8.504063,
        "50" : 37.816184,
        "100" : 5.505322,
        "250" : 0.583724,
        "500" : 2.540918,
        "750" : 30.788600,
        "1000" : 7.908893
      },
      "latency_ms" : {
        "2" : 3.147533,
        "4" : 2.918622,
        "10" : 0.160238,
        "20" : 0.000000,
        "50" : 0.000000,
        "100" : 0.000000,
        "250" : 0.000000,
        "500" : 0.000000,
        "750" : 0.000000,
        "1000" : 0.000000,
        "2000" : 0.000000,
        ">=2000" : 0.000000
      },
      "latency_depth" : 1,
      "latency_target" : 0,
      "latency_percentile" : 100.000000,
      "latency_window" : 0
    }
  ]
}
