{
  "fio version" : "fio-3.38",
  "timestamp" : 1730044433,
  "timestamp_ms" : 1730044433490,
  "time" : "Sun Oct 27 16:53:53 2024",
  "jobs" : [
    {
      "jobname" : "Exo3_2_bssplit_rep_4",
      "groupid" : 0,
      "job_start" : 1730044429498,
      "error" : 0,
      "eta" : 0,
      "elapsed" : 5,
      "job options" : {
        "name" : "Exo3_2_bssplit_rep_4",
        "runtime" : "60",
        "numjobs" : "1",
        "bssplit" : "64k:30,256k:40,4k:30",
        "filesize" : "1G",
        "direct" : "1",
        "rw" : "write"
      },
      "read" : {
        "io_bytes" : 0,
        "io_kbytes" : 0,
        "bw_bytes" : 0,
        "bw" : 0,
        "iops" : 0.000000,
        "runtime" : 0,
        "total_ios" : 0,
        "short_ios" : 0,
        "drop_ios" : 0,
        "slat_ns" : {
          "min" : 0,
          "max" : 0,
          "mean" : 0.000000,
          "stddev" : 0.000000,
          "N" : 0
        },
        "clat_ns" : {
          "min" : 0,
          "max" : 0,
          "mean" : 0.000000,
          "stddev" : 0.000000,
          "N" : 0
        },
        "lat_ns" : {
          "min" : 0,
          "max" : 0,
          "mean" : 0.000000,
          "stddev" : 0.000000,
          "N" : 0
        },
        "bw_min" : 0,
        "bw_max" : 0,
        "bw_agg" : 0.000000,
        "bw_mean" : 0.000000,
        "bw_dev" : 0.000000,
        "bw_samples" : 0,
        "iops_min" : 0,
        "iops_max" : 0,
        "iops_mean" : 0.000000,
        "iops_stddev" : 0.000000,
        "iops_samples" : 0
      },
      "write" : {
        "io_bytes" : 1073741800,
        "io_kbytes" : 1048575,
        "bw_bytes" : 287558061,
        "bw" : 280818,
        "iops" : 3509.641136,
        "runtime" : 3734,
        "total_ios" : 13105,
        "short_ios" : 0,
        "drop_ios" : 0,
        "slat_ns" : {
          "min" : 0,
          "max" : 0,
          "mean" : 0.000000,
          "stddev" : 0.000000,
          "N" : 0
        },
        "clat_ns" : {
          "min" : 9000,
          "max" : 6349000,
          "mean" : 278895.078214,
          "stddev" : 517530.552643,
          "N" : 13105,
          "percentile" : {
            "1.000000" : 9024,
            "5.000000" : 9024,
            "10.000000" : 9024,
            "20.000000" : 9024,
            "30.000000" : 10048,
            "40.000000" : 19072,
            "50.000000" : 21120,
            "60.000000" : 33024,
            "70.000000" : 493568,
            "80.000000" : 602112,
            "90.000000" : 765952,
            "95.000000" : 888832,
            "99.000000" : 3031040,
            "99.500000" : 3194880,
            "99.900000" : 4079616,
            "99.950000" : 4358144,
            "99.990000" : 6324224
          }
        },
        "lat_ns" : {
          "min" : 9000,
          "max" : 6355000,
          "mean" : 280980.083937,
          "stddev" : 519494.690836,
          "N" : 13105
        },
        "bw_min" : 239634,
        "bw_max" : 328067,
        "bw_agg" : 100.000000,
        "bw_mean" : 286262.000000,
        "bw_dev" : 28600.938032,
        "bw_samples" : 7,
        "iops_min" : 1974,
        "iops_max" : 2548,
        "iops_mean" : 2256.857143,
        "iops_stddev" : 203.855691,
        "iops_samples" : 7
      },
      "trim" : {
        "io_bytes" : 0,
        "io_kbytes" : 0,
        "bw_bytes" : 0,
        "bw" : 0,
        "iops" : 0.000000,
        "runtime" : 0,
        "total_ios" : 0,
        "short_ios" : 0,
        "drop_ios" : 0,
        "slat_ns" : {
          "min" : 0,
          "max" : 0,
          "mean" : 0.000000,
          "stddev" : 0.000000,
          "N" : 0
        },
        "clat_ns" : {
          "min" : 0,
          "max" : 0,
          "mean" : 0.000000,
          "stddev" : 0.000000,
          "N" : 0
        },
        "lat_ns" : {
          "min" : 0,
          "max" : 0,
          "mean" : 0.000000,
          "stddev" : 0.000000,
          "N" : 0
        },
        "bw_min" : 0,
        "bw_max" : 0,
        "bw_agg" : 0.000000,
        "bw_mean" : 0.000000,
        "bw_dev" : 0.000000,
        "bw_samples" : 0,
        "iops_min" : 0,
        "iops_max" : 0,
        "iops_mean" : 0.000000,
        "iops_stddev" : 0.000000,
        "iops_samples" : 0
      },
      "sync" : {
        "total_ios" : 0,
        "lat_ns" : {
          "min" : 0,
          "max" : 0,
          "mean" : 0.000000,
          "stddev" : 0.000000,
          "N" : 0
        }
      },
      "job_runtime" : 3733,
      "usr_cpu" : 2.866327,
      "sys_cpu" : 30.029467,
      "ctx" : 4386,
      "majf" : 0,
      "minf" : 31,
      "iodepth_level" : {
        "1" : 100.000000,
        "2" : 0.000000,
        "4" : 0.000000,
        "8" : 0.000000,
        "16" : 0.000000,
        "32" : 0.000000,
        ">=64" : 0.000000
      },
      "iodepth_submit" : {
        "0" : 0.000000,
        "4" : 100.000000,
        "8" : 0.000000,
        "16" : 0.000000,
        "32" : 0.000000,
        "64" : 0.000000,
        ">=64" : 0.000000
      },
      "iodepth_complete" : {
        "0" : 0.000000,
        "4" : 100.000000,
        "8" : 0.000000,
        "16" : 0.000000,
        "32" : 0.000000,
        "64" : 0.000000,
        ">=64" : 0.000000
      },
      "latency_ns" : {
        "2" : 0.000000,
        "4" : 0.000000,
        "10" : 0.000000,
        "20" : 0.000000,
        "50" : 0.000000,
        "100" : 0.000000,
        "250" : 0.000000,
        "500" : 0.000000,
        "750" : 0.000000,
        "1000" : 0.000000
      },
      "latency_us" : {
        "2" : 0.000000,
        "4" : 0.000000,
        "10" : 25.074399,
        "20" : 15.330027,
        "50" : 23.181992,
        "100" : 4.593667,
        "250" : 0.320488,
        "500" : 1.655857,
        "750" : 19.473483,
        "1000" : 6.180847
      },
      "latency_ms" : {
        "2" : 2.205265,
        "4" : 1.854254,
        "10" : 0.129721,
        "20" : 0.000000,
        "50" : 0.000000,
        "100" : 0.000000,
        "250" : 0.000000,
        "500" : 0.000000,
        "750" : 0.000000,
        "1000" : 0.000000,
        "2000" : 0.000000,
        ">=2000" : 0.000000
      },
      "latency_depth" : 1,
      "latency_target" : 0,
      "latency_percentile" : 100.000000,
      "latency_window" : 0
    }
  ]
}
