{
  "fio version" : "fio-3.38",
  "timestamp" : 1730044437,
  "timestamp_ms" : 1730044437831,
  "time" : "Sun Oct 27 16:53:57 2024",
  "jobs" : [
    {
      "jobname" : "Exo3_2_bssplit_rep_5",
      "groupid" : 0,
      "job_start" : 1730044434093,
      "error" : 0,
      "eta" : 0,
      "elapsed" : 4,
      "job options" : {
        "name" : "Exo3_2_bssplit_rep_5",
        "runtime" : "60",
        "numjobs" : "1",
        "bssplit" : "64k:30,256k:40,4k:30",
        "filesize" : "1G",
        "direct" : "1",
        "rw" : "write"
      },
      "read" : {
        "io_bytes" : 0,
        "io_kbytes" : 0,
        "bw_bytes" : 0,
        "bw" : 0,
        "iops" : 0.000000,
        "runtime" : 0,
        "total_ios" : 0,
        "short_ios" : 0,
        "drop_ios" : 0,
        "slat_ns" : {
          "min" : 0,
          "max" : 0,
          "mean" : 0.000000,
          "stddev" : 0.000000,
          "N" : 0
        },
        "clat_ns" : {
          "min" : 0,
          "max" : 0,
          "mean" : 0.000000,
          "stddev" : 0.000000,
          "N" : 0
        },
        "lat_ns" : {
          "min" : 0,
          "max" : 0,
          "mean" : 0.000000,
          "stddev" : 0.000000,
          "N" : 0
        },
        "bw_min" : 0,
        "bw_max" : 0,
        "bw_agg" : 0.000000,
        "bw_mean" : 0.000000,
        "bw_dev" : 0.000000,
        "bw_samples" : 0,
        "iops_min" : 0,
        "iops_max" : 0,
        "iops_mean" : 0.000000,
        "iops_stddev" : 0.000000,
        "iops_samples" : 0
      },
      "write" : {
        "io_bytes" : 1073741800,
        "io_kbytes" : 1048575,
        "bw_bytes" : 289496306,
        "bw" : 282711,
        "iops" : 3533.297385,
        "runtime" : 3709,
        "total_ios" : 13105,
        "short_ios" : 0,
        "drop_ios" : 0,
        "slat_ns" : {
          "min" : 0,
          "max" : 0,
          "mean" : 0.000000,
          "stddev" : 0.000000,
          "N" : 0
        },
        "clat_ns" : {
          "min" : 8000,
          "max" : 5914000,
          "mean" : 277476.001526,
          "stddev" : 515045.013614,
          "N" : 13105,
          "percentile" : {
            "1.000000" : 8032,
            "5.000000" : 8032,
            "10.000000" : 9024,
            "20.000000" : 9024,
            "30.000000" : 9024,
            "40.000000" : 18048,
            "50.000000" : 21120,
            "60.000000" : 32128,
            "70.000000" : 493568,
            "80.000000" : 602112,
            "90.000000" : 757760,
            "95.000000" : 897024,
            "99.000000" : 3031040,
            "99.500000" : 3194880,
            "99.900000" : 4079616,
            "99.950000" : 4358144,
            "99.990000" : 5341184
          }
        },
        "lat_ns" : {
          "min" : 8000,
          "max" : 5920000,
          "mean" : 279575.887066,
          "stddev" : 517009.214018,
          "N" : 13105
        },
        "bw_min" : 229958,
        "bw_max" : 325373,
        "bw_agg" : 100.000000,
        "bw_mean" : 287067.571429,
        "bw_dev" : 29550.569012,
        "bw_samples" : 7,
        "iops_min" : 1916,
        "iops_max" : 2509,
        "iops_mean" : 2264.142857,
        "iops_stddev" : 192.394931,
        "iops_samples" : 7
      },
      "trim" : {
        "io_bytes" : 0,
        "io_kbytes" : 0,
        "bw_bytes" : 0,
        "bw" : 0,
        "iops" : 0.000000,
        "runtime" : 0,
        "total_ios" : 0,
        "short_ios" : 0,
        "drop_ios" : 0,
        "slat_ns" : {
          "min" : 0,
          "max" : 0,
          "mean" : 0.000000,
          "stddev" : 0.000000,
          "N" : 0
        },
        "clat_ns" : {
          "min" : 0,
          "max" : 0,
          "mean" : 0.000000,
          "stddev" : 0.000000,
          "N" : 0
        },
        "lat_ns" : {
          "min" : 0,
          "max" : 0,
          "mean" : 0.000000,
          "stddev" : 0.000000,
          "N" : 0
        },
        "bw_min" : 0,
        "bw_max" : 0,
        "bw_agg" : 0.000000,
        "bw_mean" : 0.000000,
        "bw_dev" : 0.000000,
        "bw_samples" : 0,
        "iops_min" : 0,
        "iops_max" : 0,
        "iops_mean" : 0.000000,
        "iops_stddev" : 0.000000,
        "iops_samples" : 0
      },
      "sync" : {
        "total_ios" : 0,
        "lat_ns" : {
          "min" : 0,
          "max" : 0,
          "mean" : 0.000000,
          "stddev" : 0.000000,
          "N" : 0
        }
      },
      "job_runtime" : 3708,
      "usr_cpu" : 2.804746,
      "sys_cpu" : 30.043150,
      "ctx" : 4376,
      "majf" : 0,
      "minf" : 31,
      "iodepth_level" : {
        "1" : 100.000000,
        "2" : 0.000000,
        "4" : 0.000000,
        "8" : 0.000000,
        "16" : 0.000000,
        "32" : 0.000000,
        ">=64" : 0.000000
      },
      "iodepth_submit" : {
        "0" : 0.000000,
        "4" : 100.000000,
        "8" : 0.000000,
        "16" : 0.000000,
        "32" : 0.000000,
        "64" : 0.000000,
        ">=64" : 0.000000
      },
      "iodepth_complete" : {
        "0" : 0.000000,
        "4" : 100.000000,
        "8" : 0.000000,
        "16" : 0.000000,
        "32" : 0.000000,
        "64" : 0.000000,
        ">=64" : 0.000000
      },
      "latency_ns" : {
        "2" : 0.000000,
        "4" : 0.000000,
        "10" : 0.000000,
        "20" : 0.000000,
        "50" : 0.000000,
        "100" : 0.000000,
        "250" : 0.000000,
        "500" : 0.000000,
        "750" : 0.000000,
        "1000" : 0.000000
      },
      "latency_us" : {
        "2" : 0.000000,
        "4" : 0.000000,
        "10" : 31.392598,
        "20" : 11.110263,
        "50" : 21.266692,
        "100" : 4.372377,
        "250" : 0.358642,
        "500" : 1.648226,
        "750" : 19.717665,
        "1000" : 5.799313
      },
      "latency_ms" : {
        "2" : 2.373140,
        "4" : 1.838993,
        "10" : 0.122091,
        "20" : 0.000000,
        "50" : 0.000000,
        "100" : 0.000000,
        "250" : 0.000000,
        "500" : 0.000000,
        "750" : 0.000000,
        "1000" : 0.000000,
        "2000" : 0.000000,
        ">=2000" : 0.000000
      },
      "latency_depth" : 1,
      "latency_target" : 0,
      "latency_percentile" : 100.000000,
      "latency_window" : 0
    }
  ]
}
