{
  "fio version" : "fio-3.38",
  "timestamp" : 1730044161,
  "timestamp_ms" : 1730044161500,
  "time" : "Sun Oct 27 16:49:21 2024",
  "jobs" : [
    {
      "jobname" : "Exo3_2_bssplit_rep_2",
      "groupid" : 0,
      "job_start" : 1730044157759,
      "error" : 0,
      "eta" : 0,
      "elapsed" : 4,
      "job options" : {
        "name" : "Exo3_2_bssplit_rep_2",
        "runtime" : "60",
        "numjobs" : "1",
        "bssplit" : "64k:30,256k:40,1m:30",
        "filesize" : "1G",
        "direct" : "1",
        "rw" : "write"
      },
      "read" : {
        "io_bytes" : 0,
        "io_kbytes" : 0,
        "bw_bytes" : 0,
        "bw" : 0,
        "iops" : 0.000000,
        "runtime" : 0,
        "total_ios" : 0,
        "short_ios" : 0,
        "drop_ios" : 0,
        "slat_ns" : {
          "min" : 0,
          "max" : 0,
          "mean" : 0.000000,
          "stddev" : 0.000000,
          "N" : 0
        },
        "clat_ns" : {
          "min" : 0,
          "max" : 0,
          "mean" : 0.000000,
          "stddev" : 0.000000,
          "N" : 0
        },
        "lat_ns" : {
          "min" : 0,
          "max" : 0,
          "mean" : 0.000000,
          "stddev" : 0.000000,
          "N" : 0
        },
        "bw_min" : 0,
        "bw_max" : 0,
        "bw_agg" : 0.000000,
        "bw_mean" : 0.000000,
        "bw_dev" : 0.000000,
        "bw_samples" : 0,
        "iops_min" : 0,
        "iops_max" : 0,
        "iops_mean" : 0.000000,
        "iops_stddev" : 0.000000,
        "iops_samples" : 0
      },
      "write" : {
        "io_bytes" : 1073741800,
        "io_kbytes" : 1048575,
        "bw_bytes" : 300768011,
        "bw" : 293718,
        "iops" : 3670.868347,
        "runtime" : 3570,
        "total_ios" : 13105,
        "short_ios" : 0,
        "drop_ios" : 0,
        "slat_ns" : {
          "min" : 0,
          "max" : 0,
          "mean" : 0.000000,
          "stddev" : 0.000000,
          "N" : 0
        },
        "clat_ns" : {
          "min" : 8000,
          "max" : 5143000,
          "mean" : 266872.415109,
          "stddev" : 506853.060190,
          "N" : 13105,
          "percentile" : {
            "1.000000" : 8032,
            "5.000000" : 8032,
            "10.000000" : 9024,
            "20.000000" : 9024,
            "30.000000" : 9024,
            "40.000000" : 15040,
            "50.000000" : 20096,
            "60.000000" : 32128,
            "70.000000" : 374784,
            "80.000000" : 585728,
            "90.000000" : 675840,
            "95.000000" : 888832,
            "99.000000" : 2998272,
            "99.500000" : 3162112,
            "99.900000" : 4046848,
            "99.950000" : 4358144,
            "99.990000" : 5013504
          }
        },
        "lat_ns" : {
          "min" : 8000,
          "max" : 5148000,
          "mean" : 268861.121709,
          "stddev" : 508763.642799,
          "N" : 13105
        },
        "bw_min" : 240146,
        "bw_max" : 335226,
        "bw_agg" : 100.000000,
        "bw_mean" : 297648.571429,
        "bw_dev" : 31662.187184,
        "bw_samples" : 7,
        "iops_min" : 1976,
        "iops_max" : 2726,
        "iops_mean" : 2344.714286,
        "iops_stddev" : 244.775213,
        "iops_samples" : 7
      },
      "trim" : {
        "io_bytes" : 0,
        "io_kbytes" : 0,
        "bw_bytes" : 0,
        "bw" : 0,
        "iops" : 0.000000,
        "runtime" : 0,
        "total_ios" : 0,
        "short_ios" : 0,
        "drop_ios" : 0,
        "slat_ns" : {
          "min" : 0,
          "max" : 0,
          "mean" : 0.000000,
          "stddev" : 0.000000,
          "N" : 0
        },
        "clat_ns" : {
          "min" : 0,
          "max" : 0,
          "mean" : 0.000000,
          "stddev" : 0.000000,
          "N" : 0
        },
        "lat_ns" : {
          "min" : 0,
          "max" : 0,
          "mean" : 0.000000,
          "stddev" : 0.000000,
          "N" : 0
        },
        "bw_min" : 0,
        "bw_max" : 0,
        "bw_agg" : 0.000000,
        "bw_mean" : 0.000000,
        "bw_dev" : 0.000000,
        "bw_samples" : 0,
        "iops_min" : 0,
        "iops_max" : 0,
        "iops_mean" : 0.000000,
        "iops_stddev" : 0.000000,
        "iops_samples" : 0
      },
      "sync" : {
        "total_ios" : 0,
        "lat_ns" : {
          "min" : 0,
          "max" : 0,
          "mean" : 0.000000,
          "stddev" : 0.000000,
          "N" : 0
        }
      },
      "job_runtime" : 3569,
      "usr_cpu" : 2.773886,
      "sys_cpu" : 29.868310,
      "ctx" : 4536,
      "majf" : 0,
      "minf" : 31,
      "iodepth_level" : {
        "1" : 100.000000,
        "2" : 0.000000,
        "4" : 0.000000,
        "8" : 0.000000,
        "16" : 0.000000,
        "32" : 0.000000,
        ">=64" : 0.000000
      },
      "iodepth_submit" : {
        "0" : 0.000000,
        "4" : 100.000000,
        "8" : 0.000000,
        "16" : 0.000000,
        "32" : 0.000000,
        "64" : 0.000000,
        ">=64" : 0.000000
      },
      "iodepth_complete" : {
        "0" : 0.000000,
        "4" : 100.000000,
        "8" : 0.000000,
        "16" : 0.000000,
        "32" : 0.000000,
        "64" : 0.000000,
        ">=64" : 0.000000
      },
      "latency_ns" : {
        "2" : 0.000000,
        "4" : 0.000000,
        "10" : 0.000000,
        "20" : 0.000000,
        "50" : 0.000000,
        "100" : 0.000000,
        "250" : 0.000000,
        "500" : 0.000000,
        "750" : 0.000000,
        "1000" : 0.000000
      },
      "latency_us" : {
        "2" : 0.000000,
        "4" : 0.000000,
        "10" : 31.674933,
        "20" : 12.750858,
        "50" : 19.992369,
        "100" : 3.807707,
        "250" : 0.320488,
        "500" : 4.288440,
        "750" : 18.298359,
        "1000" : 4.677604
      },
      "latency_ms" : {
        "2" : 2.281572,
        "4" : 1.793209,
        "10" : 0.114460,
        "20" : 0.000000,
        "50" : 0.000000,
        "100" : 0.000000,
        "250" : 0.000000,
        "500" : 0.000000,
        "750" : 0.000000,
        "1000" : 0.000000,
        "2000" : 0.000000,
        ">=2000" : 0.000000
      },
      "latency_depth" : 1,
      "latency_target" : 0,
      "latency_percentile" : 100.000000,
      "latency_window" : 0
    }
  ]
}
