{
  "fio version" : "fio-3.38",
  "timestamp" : 1730044169,
  "timestamp_ms" : 1730044169930,
  "time" : "Sun Oct 27 16:49:29 2024",
  "jobs" : [
    {
      "jobname" : "Exo3_2_bssplit_rep_4",
      "groupid" : 0,
      "job_start" : 1730044166446,
      "error" : 0,
      "eta" : 0,
      "elapsed" : 4,
      "job options" : {
        "name" : "Exo3_2_bssplit_rep_4",
        "runtime" : "60",
        "numjobs" : "1",
        "bssplit" : "64k:30,256k:40,1m:30",
        "filesize" : "1G",
        "direct" : "1",
        "rw" : "write"
      },
      "read" : {
        "io_bytes" : 0,
        "io_kbytes" : 0,
        "bw_bytes" : 0,
        "bw" : 0,
        "iops" : 0.000000,
        "runtime" : 0,
        "total_ios" : 0,
        "short_ios" : 0,
        "drop_ios" : 0,
        "slat_ns" : {
          "min" : 0,
          "max" : 0,
          "mean" : 0.000000,
          "stddev" : 0.000000,
          "N" : 0
        },
        "clat_ns" : {
          "min" : 0,
          "max" : 0,
          "mean" : 0.000000,
          "stddev" : 0.000000,
          "N" : 0
        },
        "lat_ns" : {
          "min" : 0,
          "max" : 0,
          "mean" : 0.000000,
          "stddev" : 0.000000,
          "N" : 0
        },
        "bw_min" : 0,
        "bw_max" : 0,
        "bw_agg" : 0.000000,
        "bw_mean" : 0.000000,
        "bw_dev" : 0.000000,
        "bw_samples" : 0,
        "iops_min" : 0,
        "iops_max" : 0,
        "iops_mean" : 0.000000,
        "iops_stddev" : 0.000000,
        "iops_samples" : 0
      },
      "write" : {
        "io_bytes" : 1073741800,
        "io_kbytes" : 1048575,
        "bw_bytes" : 318712318,
        "bw" : 311242,
        "iops" : 3889.878302,
        "runtime" : 3369,
        "total_ios" : 13105,
        "short_ios" : 0,
        "drop_ios" : 0,
        "slat_ns" : {
          "min" : 0,
          "max" : 0,
          "mean" : 0.000000,
          "stddev" : 0.000000,
          "N" : 0
        },
        "clat_ns" : {
          "min" : 8000,
          "max" : 6142000,
          "mean" : 251949.027089,
          "stddev" : 499192.630507,
          "N" : 13105,
          "percentile" : {
            "1.000000" : 9024,
            "5.000000" : 9024,
            "10.000000" : 9024,
            "20.000000" : 9024,
            "30.000000" : 9024,
            "40.000000" : 12992,
            "50.000000" : 20096,
            "60.000000" : 32128,
            "70.000000" : 333824,
            "80.000000" : 536576,
            "90.000000" : 634880,
            "95.000000" : 872448,
            "99.000000" : 3031040,
            "99.500000" : 3162112,
            "99.900000" : 4046848,
            "99.950000" : 4227072,
            "99.990000" : 5013504
          }
        },
        "lat_ns" : {
          "min" : 9000,
          "max" : 6145000,
          "mean" : 253743.685616,
          "stddev" : 500879.809424,
          "N" : 13105
        },
        "bw_min" : 267766,
        "bw_max" : 368728,
        "bw_agg" : 100.000000,
        "bw_mean" : 316123.000000,
        "bw_dev" : 37946.971800,
        "bw_samples" : 6,
        "iops_min" : 2025,
        "iops_max" : 3001,
        "iops_mean" : 2497.000000,
        "iops_stddev" : 353.564138,
        "iops_samples" : 6
      },
      "trim" : {
        "io_bytes" : 0,
        "io_kbytes" : 0,
        "bw_bytes" : 0,
        "bw" : 0,
        "iops" : 0.000000,
        "runtime" : 0,
        "total_ios" : 0,
        "short_ios" : 0,
        "drop_ios" : 0,
        "slat_ns" : {
          "min" : 0,
          "max" : 0,
          "mean" : 0.000000,
          "stddev" : 0.000000,
          "N" : 0
        },
        "clat_ns" : {
          "min" : 0,
          "max" : 0,
          "mean" : 0.000000,
          "stddev" : 0.000000,
          "N" : 0
        },
        "lat_ns" : {
          "min" : 0,
          "max" : 0,
          "mean" : 0.000000,
          "stddev" : 0.000000,
          "N" : 0
        },
        "bw_min" : 0,
        "bw_max" : 0,
        "bw_agg" : 0.000000,
        "bw_mean" : 0.000000,
        "bw_dev" : 0.000000,
        "bw_samples" : 0,
        "iops_min" : 0,
        "iops_max" : 0,
        "iops_mean" : 0.000000,
        "iops_stddev" : 0.000000,
        "iops_samples" : 0
      },
      "sync" : {
        "total_ios" : 0,
        "lat_ns" : {
          "min" : 0,
          "max" : 0,
          "mean" : 0.000000,
          "stddev" : 0.000000,
          "N" : 0
        }
      },
      "job_runtime" : 3368,
      "usr_cpu" : 2.642518,
      "sys_cpu" : 29.661520,
      "ctx" : 4637,
      "majf" : 0,
      "minf" : 32,
      "iodepth_level" : {
        "1" : 100.000000,
        "2" : 0.000000,
        "4" : 0.000000,
        "8" : 0.000000,
        "16" : 0.000000,
        "32" : 0.000000,
        ">=64" : 0.000000
      },
      "iodepth_submit" : {
        "0" : 0.000000,
        "4" : 100.000000,
        "8" : 0.000000,
        "16" : 0.000000,
        "32" : 0.000000,
        "64" : 0.000000,
        ">=64" : 0.000000
      },
      "iodepth_complete" : {
        "0" : 0.000000,
        "4" : 100.000000,
        "8" : 0.000000,
        "16" : 0.000000,
        "32" : 0.000000,
        "64" : 0.000000,
        ">=64" : 0.000000
      },
      "latency_ns" : {
        "2" : 0.000000,
        "4" : 0.000000,
        "10" : 0.000000,
        "20" : 0.000000,
        "50" : 0.000000,
        "100" : 0.000000,
        "250" : 0.000000,
        "500" : 0.000000,
        "750" : 0.000000,
        "1000" : 0.000000
      },
      "latency_us" : {
        "2" : 0.000000,
        "4" : 0.000000,
        "10" : 31.232354,
        "20" : 17.832888,
        "50" : 15.352919,
        "100" : 3.822968,
        "250" : 0.373903,
        "500" : 8.821061,
        "750" : 14.673789,
        "1000" : 3.922167
      },
      "latency_ms" : {
        "2" : 2.052652,
        "4" : 1.785578,
        "10" : 0.129721,
        "20" : 0.000000,
        "50" : 0.000000,
        "100" : 0.000000,
        "250" : 0.000000,
        "500" : 0.000000,
        "750" : 0.000000,
        "1000" : 0.000000,
        "2000" : 0.000000,
        ">=2000" : 0.000000
      },
      "latency_depth" : 1,
      "latency_target" : 0,
      "latency_percentile" : 100.000000,
      "latency_window" : 0
    }
  ]
}
