{
  "fio version" : "fio-3.38",
  "timestamp" : 1729847229,
  "timestamp_ms" : 1729847229807,
  "time" : "Fri Oct 25 11:07:09 2024",
  "jobs" : [
    {
      "jobname" : "Exo3_bssplit_rep_1",
      "groupid" : 0,
      "job_start" : 1729847220559,
      "error" : 0,
      "eta" : 0,
      "elapsed" : 10,
      "job options" : {
        "name" : "Exo3_bssplit_rep_1",
        "runtime" : "60",
        "numjobs" : "1",
        "bssplit" : "4k:30,16k:60,64k:10",
        "filesize" : "1G",
        "direct" : "1",
        "rw" : "write"
      },
      "read" : {
        "io_bytes" : 0,
        "io_kbytes" : 0,
        "bw_bytes" : 0,
        "bw" : 0,
        "iops" : 0.000000,
        "runtime" : 0,
        "total_ios" : 0,
        "short_ios" : 0,
        "drop_ios" : 0,
        "slat_ns" : {
          "min" : 0,
          "max" : 0,
          "mean" : 0.000000,
          "stddev" : 0.000000,
          "N" : 0
        },
        "clat_ns" : {
          "min" : 0,
          "max" : 0,
          "mean" : 0.000000,
          "stddev" : 0.000000,
          "N" : 0
        },
        "lat_ns" : {
          "min" : 0,
          "max" : 0,
          "mean" : 0.000000,
          "stddev" : 0.000000,
          "N" : 0
        },
        "bw_min" : 0,
        "bw_max" : 0,
        "bw_agg" : 0.000000,
        "bw_mean" : 0.000000,
        "bw_dev" : 0.000000,
        "bw_samples" : 0,
        "iops_min" : 0,
        "iops_max" : 0,
        "iops_mean" : 0.000000,
        "iops_stddev" : 0.000000,
        "iops_samples" : 0
      },
      "write" : {
        "io_bytes" : 1073741820,
        "io_kbytes" : 1048575,
        "bw_bytes" : 116635001,
        "bw" : 113901,
        "iops" : 14182.163806,
        "runtime" : 9206,
        "total_ios" : 130561,
        "short_ios" : 0,
        "drop_ios" : 0,
        "slat_ns" : {
          "min" : 0,
          "max" : 0,
          "mean" : 0.000000,
          "stddev" : 0.000000,
          "N" : 0
        },
        "clat_ns" : {
          "min" : 8000,
          "max" : 5041000,
          "mean" : 68639.555457,
          "stddev" : 145931.078854,
          "N" : 130561,
          "percentile" : {
            "1.000000" : 9024,
            "5.000000" : 9024,
            "10.000000" : 9024,
            "20.000000" : 10048,
            "30.000000" : 10944,
            "40.000000" : 11968,
            "50.000000" : 43776,
            "60.000000" : 85504,
            "70.000000" : 88576,
            "80.000000" : 103936,
            "90.000000" : 154624,
            "95.000000" : 193536,
            "99.000000" : 236544,
            "99.500000" : 370688,
            "99.900000" : 2998272,
            "99.950000" : 3063808,
            "99.990000" : 3784704
          }
        },
        "lat_ns" : {
          "min" : 8000,
          "max" : 5041000,
          "mean" : 68891.958548,
          "stddev" : 145963.073765,
          "N" : 130561
        },
        "bw_min" : 98493,
        "bw_max" : 125441,
        "bw_agg" : 99.918905,
        "bw_mean" : 113809.555556,
        "bw_dev" : 6287.674060,
        "bw_samples" : 18,
        "iops_min" : 12516,
        "iops_max" : 15452,
        "iops_mean" : 14172.388889,
        "iops_stddev" : 718.396428,
        "iops_samples" : 18
      },
      "trim" : {
        "io_bytes" : 0,
        "io_kbytes" : 0,
        "bw_bytes" : 0,
        "bw" : 0,
        "iops" : 0.000000,
        "runtime" : 0,
        "total_ios" : 0,
        "short_ios" : 0,
        "drop_ios" : 0,
        "slat_ns" : {
          "min" : 0,
          "max" : 0,
          "mean" : 0.000000,
          "stddev" : 0.000000,
          "N" : 0
        },
        "clat_ns" : {
          "min" : 0,
          "max" : 0,
          "mean" : 0.000000,
          "stddev" : 0.000000,
          "N" : 0
        },
        "lat_ns" : {
          "min" : 0,
          "max" : 0,
          "mean" : 0.000000,
          "stddev" : 0.000000,
          "N" : 0
        },
        "bw_min" : 0,
        "bw_max" : 0,
        "bw_agg" : 0.000000,
        "bw_mean" : 0.000000,
        "bw_dev" : 0.000000,
        "bw_samples" : 0,
        "iops_min" : 0,
        "iops_max" : 0,
        "iops_mean" : 0.000000,
        "iops_stddev" : 0.000000,
        "iops_samples" : 0
      },
      "sync" : {
        "total_ios" : 0,
        "lat_ns" : {
          "min" : 0,
          "max" : 0,
          "mean" : 0.000000,
          "stddev" : 0.000000,
          "N" : 0
        }
      },
      "job_runtime" : 9205,
      "usr_cpu" : 3.867463,
      "sys_cpu" : 32.134709,
      "ctx" : 67879,
      "majf" : 5,
      "minf" : 26,
      "iodepth_level" : {
        "1" : 100.000000,
        "2" : 0.000000,
        "4" : 0.000000,
        "8" : 0.000000,
        "16" : 0.000000,
        "32" : 0.000000,
        ">=64" : 0.000000
      },
      "iodepth_submit" : {
        "0" : 0.000000,
        "4" : 100.000000,
        "8" : 0.000000,
        "16" : 0.000000,
        "32" : 0.000000,
        "64" : 0.000000,
        ">=64" : 0.000000
      },
      "iodepth_complete" : {
        "0" : 0.000000,
        "4" : 100.000000,
        "8" : 0.000000,
        "16" : 0.000000,
        "32" : 0.000000,
        "64" : 0.000000,
        ">=64" : 0.000000
      },
      "latency_ns" : {
        "2" : 0.000000,
        "4" : 0.000000,
        "10" : 0.000000,
        "20" : 0.000000,
        "50" : 0.000000,
        "100" : 0.000000,
        "250" : 0.000000,
        "500" : 0.000000,
        "750" : 0.000000,
        "1000" : 0.000000
      },
      "latency_us" : {
        "2" : 0.000000,
        "4" : 0.000000,
        "10" : 18.923721,
        "20" : 28.773523,
        "50" : 7.329907,
        "100" : 23.258094,
        "250" : 20.923553,
        "500" : 0.404409,
        "750" : 0.098804,
        "1000" : 0.018382
      },
      "latency_ms" : {
        "2" : 0.075061,
        "4" : 0.186886,
        "10" : 0.010000,
        "20" : 0.000000,
        "50" : 0.000000,
        "100" : 0.000000,
        "250" : 0.000000,
        "500" : 0.000000,
        "750" : 0.000000,
        "1000" : 0.000000,
        "2000" : 0.000000,
        ">=2000" : 0.000000
      },
      "latency_depth" : 1,
      "latency_target" : 0,
      "latency_percentile" : 100.000000,
      "latency_window" : 0
    }
  ]
}
