{
  "fio version" : "fio-3.38",
  "timestamp" : 1729847251,
  "timestamp_ms" : 1729847251496,
  "time" : "Fri Oct 25 11:07:31 2024",
  "jobs" : [
    {
      "jobname" : "Exo3_bssplit_rep_3",
      "groupid" : 0,
      "job_start" : 1729847241512,
      "error" : 0,
      "eta" : 0,
      "elapsed" : 11,
      "job options" : {
        "name" : "Exo3_bssplit_rep_3",
        "runtime" : "60",
        "numjobs" : "1",
        "bssplit" : "4k:30,16k:60,64k:10",
        "filesize" : "1G",
        "direct" : "1",
        "rw" : "write"
      },
      "read" : {
        "io_bytes" : 0,
        "io_kbytes" : 0,
        "bw_bytes" : 0,
        "bw" : 0,
        "iops" : 0.000000,
        "runtime" : 0,
        "total_ios" : 0,
        "short_ios" : 0,
        "drop_ios" : 0,
        "slat_ns" : {
          "min" : 0,
          "max" : 0,
          "mean" : 0.000000,
          "stddev" : 0.000000,
          "N" : 0
        },
        "clat_ns" : {
          "min" : 0,
          "max" : 0,
          "mean" : 0.000000,
          "stddev" : 0.000000,
          "N" : 0
        },
        "lat_ns" : {
          "min" : 0,
          "max" : 0,
          "mean" : 0.000000,
          "stddev" : 0.000000,
          "N" : 0
        },
        "bw_min" : 0,
        "bw_max" : 0,
        "bw_agg" : 0.000000,
        "bw_mean" : 0.000000,
        "bw_dev" : 0.000000,
        "bw_samples" : 0,
        "iops_min" : 0,
        "iops_max" : 0,
        "iops_mean" : 0.000000,
        "iops_stddev" : 0.000000,
        "iops_samples" : 0
      },
      "write" : {
        "io_bytes" : 1073741820,
        "io_kbytes" : 1048575,
        "bw_bytes" : 109097929,
        "bw" : 106540,
        "iops" : 13265.698029,
        "runtime" : 9842,
        "total_ios" : 130561,
        "short_ios" : 0,
        "drop_ios" : 0,
        "slat_ns" : {
          "min" : 0,
          "max" : 0,
          "mean" : 0.000000,
          "stddev" : 0.000000,
          "N" : 0
        },
        "clat_ns" : {
          "min" : 8000,
          "max" : 26138000,
          "mean" : 73285.682555,
          "stddev" : 164178.325999,
          "N" : 130561,
          "percentile" : {
            "1.000000" : 9024,
            "5.000000" : 9024,
            "10.000000" : 9024,
            "20.000000" : 10048,
            "30.000000" : 11968,
            "40.000000" : 12992,
            "50.000000" : 44800,
            "60.000000" : 85504,
            "70.000000" : 95744,
            "80.000000" : 120320,
            "90.000000" : 162816,
            "95.000000" : 195584,
            "99.000000" : 254976,
            "99.500000" : 387072,
            "99.900000" : 2965504,
            "99.950000" : 3063808,
            "99.990000" : 3948544
          }
        },
        "lat_ns" : {
          "min" : 8000,
          "max" : 26138000,
          "mean" : 73542.160369,
          "stddev" : 164208.647608,
          "N" : 130561
        },
        "bw_min" : 78182,
        "bw_max" : 122344,
        "bw_agg" : 99.813268,
        "bw_mean" : 106342.684211,
        "bw_dev" : 10021.483074,
        "bw_samples" : 19,
        "iops_min" : 9610,
        "iops_max" : 15372,
        "iops_mean" : 13247.105263,
        "iops_stddev" : 1269.897017,
        "iops_samples" : 19
      },
      "trim" : {
        "io_bytes" : 0,
        "io_kbytes" : 0,
        "bw_bytes" : 0,
        "bw" : 0,
        "iops" : 0.000000,
        "runtime" : 0,
        "total_ios" : 0,
        "short_ios" : 0,
        "drop_ios" : 0,
        "slat_ns" : {
          "min" : 0,
          "max" : 0,
          "mean" : 0.000000,
          "stddev" : 0.000000,
          "N" : 0
        },
        "clat_ns" : {
          "min" : 0,
          "max" : 0,
          "mean" : 0.000000,
          "stddev" : 0.000000,
          "N" : 0
        },
        "lat_ns" : {
          "min" : 0,
          "max" : 0,
          "mean" : 0.000000,
          "stddev" : 0.000000,
          "N" : 0
        },
        "bw_min" : 0,
        "bw_max" : 0,
        "bw_agg" : 0.000000,
        "bw_mean" : 0.000000,
        "bw_dev" : 0.000000,
        "bw_samples" : 0,
        "iops_min" : 0,
        "iops_max" : 0,
        "iops_mean" : 0.000000,
        "iops_stddev" : 0.000000,
        "iops_samples" : 0
      },
      "sync" : {
        "total_ios" : 0,
        "lat_ns" : {
          "min" : 0,
          "max" : 0,
          "mean" : 0.000000,
          "stddev" : 0.000000,
          "N" : 0
        }
      },
      "job_runtime" : 9841,
      "usr_cpu" : 4.074789,
      "sys_cpu" : 34.183518,
      "ctx" : 66787,
      "majf" : 0,
      "minf" : 31,
      "iodepth_level" : {
        "1" : 100.000000,
        "2" : 0.000000,
        "4" : 0.000000,
        "8" : 0.000000,
        "16" : 0.000000,
        "32" : 0.000000,
        ">=64" : 0.000000
      },
      "iodepth_submit" : {
        "0" : 0.000000,
        "4" : 100.000000,
        "8" : 0.000000,
        "16" : 0.000000,
        "32" : 0.000000,
        "64" : 0.000000,
        ">=64" : 0.000000
      },
      "iodepth_complete" : {
        "0" : 0.000000,
        "4" : 100.000000,
        "8" : 0.000000,
        "16" : 0.000000,
        "32" : 0.000000,
        "64" : 0.000000,
        ">=64" : 0.000000
      },
      "latency_ns" : {
        "2" : 0.000000,
        "4" : 0.000000,
        "10" : 0.000000,
        "20" : 0.000000,
        "50" : 0.000000,
        "100" : 0.000000,
        "250" : 0.000000,
        "500" : 0.000000,
        "750" : 0.000000,
        "1000" : 0.000000
      },
      "latency_us" : {
        "2" : 0.000000,
        "4" : 0.000000,
        "10" : 16.938443,
        "20" : 26.632762,
        "50" : 10.384418,
        "100" : 16.981334,
        "250" : 27.951685,
        "500" : 0.759798,
        "750" : 0.058976,
        "1000" : 0.014553
      },
      "latency_ms" : {
        "2" : 0.075827,
        "4" : 0.193779,
        "10" : 0.010000,
        "20" : 0.000000,
        "50" : 0.010000,
        "100" : 0.000000,
        "250" : 0.000000,
        "500" : 0.000000,
        "750" : 0.000000,
        "1000" : 0.000000,
        "2000" : 0.000000,
        ">=2000" : 0.000000
      },
      "latency_depth" : 1,
      "latency_target" : 0,
      "latency_percentile" : 100.000000,
      "latency_window" : 0
    }
  ]
}
