{
  "fio version" : "fio-3.38",
  "timestamp" : 1729844213,
  "timestamp_ms" : 1729844213817,
  "time" : "Fri Oct 25 10:16:53 2024",
  "jobs" : [
    {
      "jobname" : "Exo2_bs_256k_rep_2",
      "groupid" : 0,
      "job_start" : 1729844212886,
      "error" : 0,
      "eta" : 2147483647,
      "elapsed" : 2,
      "job options" : {
        "name" : "Exo2_bs_256k_rep_2",
        "runtime" : "60",
        "numjobs" : "1",
        "rwmixwrite" : "33",
        "filesize" : "1G",
        "direct" : "1",
        "rw" : "randrw",
        "bs" : "256k"
      },
      "read" : {
        "io_bytes" : 704905216,
        "io_kbytes" : 688384,
        "bw_bytes" : 827353539,
        "bw" : 807962,
        "iops" : 3156.103286,
        "runtime" : 852,
        "total_ios" : 2689,
        "short_ios" : 0,
        "drop_ios" : 0,
        "slat_ns" : {
          "min" : 0,
          "max" : 0,
          "mean" : 0.000000,
          "stddev" : 0.000000,
          "N" : 0
        },
        "clat_ns" : {
          "min" : 36000,
          "max" : 5220000,
          "mean" : 157313.127557,
          "stddev" : 365219.505683,
          "N" : 2689,
          "percentile" : {
            "1.000000" : 39168,
            "5.000000" : 40192,
            "10.000000" : 41216,
            "20.000000" : 42752,
            "30.000000" : 45824,
            "40.000000" : 49920,
            "50.000000" : 54016,
            "60.000000" : 64768,
            "70.000000" : 84480,
            "80.000000" : 107008,
            "90.000000" : 337920,
            "95.000000" : 577536,
            "99.000000" : 2244608,
            "99.500000" : 2408448,
            "99.900000" : 3293184,
            "99.950000" : 3325952,
            "99.990000" : 5210112
          }
        },
        "lat_ns" : {
          "min" : 36000,
          "max" : 5220000,
          "mean" : 157664.931201,
          "stddev" : 365231.915836,
          "N" : 2689
        },
        "bw_min" : 936111,
        "bw_max" : 936111,
        "bw_agg" : 100.000000,
        "bw_mean" : 936111.000000,
        "bw_dev" : 0.000000,
        "bw_samples" : 1,
        "iops_min" : 3656,
        "iops_max" : 3656,
        "iops_mean" : 3656.000000,
        "iops_stddev" : 0.000000,
        "iops_samples" : 1
      },
      "write" : {
        "io_bytes" : 368836608,
        "io_kbytes" : 360192,
        "bw_bytes" : 432906816,
        "bw" : 422760,
        "iops" : 1651.408451,
        "runtime" : 852,
        "total_ios" : 1407,
        "short_ios" : 0,
        "drop_ios" : 0,
        "slat_ns" : {
          "min" : 0,
          "max" : 0,
          "mean" : 0.000000,
          "stddev" : 0.000000,
          "N" : 0
        },
        "clat_ns" : {
          "min" : 148000,
          "max" : 612000,
          "mean" : 288878.464819,
          "stddev" : 144890.183111,
          "N" : 1407,
          "percentile" : {
            "1.000000" : 152576,
            "5.000000" : 156672,
            "10.000000" : 162816,
            "20.000000" : 179200,
            "30.000000" : 197632,
            "40.000000" : 207872,
            "50.000000" : 224256,
            "60.000000" : 240640,
            "70.000000" : 272384,
            "80.000000" : 477184,
            "90.000000" : 561152,
            "95.000000" : 569344,
            "99.000000" : 577536,
            "99.500000" : 585728,
            "99.900000" : 602112,
            "99.950000" : 610304,
            "99.990000" : 610304
          }
        },
        "lat_ns" : {
          "min" : 151000,
          "max" : 622000,
          "mean" : 293811.656006,
          "stddev" : 146259.617108,
          "N" : 1407
        },
        "bw_min" : 476231,
        "bw_max" : 476231,
        "bw_agg" : 100.000000,
        "bw_mean" : 476231.000000,
        "bw_dev" : 0.000000,
        "bw_samples" : 1,
        "iops_min" : 1860,
        "iops_max" : 1860,
        "iops_mean" : 1860.000000,
        "iops_stddev" : 0.000000,
        "iops_samples" : 1
      },
      "trim" : {
        "io_bytes" : 0,
        "io_kbytes" : 0,
        "bw_bytes" : 0,
        "bw" : 0,
        "iops" : 0.000000,
        "runtime" : 0,
        "total_ios" : 0,
        "short_ios" : 0,
        "drop_ios" : 0,
        "slat_ns" : {
          "min" : 0,
          "max" : 0,
          "mean" : 0.000000,
          "stddev" : 0.000000,
          "N" : 0
        },
        "clat_ns" : {
          "min" : 0,
          "max" : 0,
          "mean" : 0.000000,
          "stddev" : 0.000000,
          "N" : 0
        },
        "lat_ns" : {
          "min" : 0,
          "max" : 0,
          "mean" : 0.000000,
          "stddev" : 0.000000,
          "N" : 0
        },
        "bw_min" : 0,
        "bw_max" : 0,
        "bw_agg" : 0.000000,
        "bw_mean" : 0.000000,
        "bw_dev" : 0.000000,
        "bw_samples" : 0,
        "iops_min" : 0,
        "iops_max" : 0,
        "iops_mean" : 0.000000,
        "iops_stddev" : 0.000000,
        "iops_samples" : 0
      },
      "sync" : {
        "total_ios" : 0,
        "lat_ns" : {
          "min" : 0,
          "max" : 0,
          "mean" : 0.000000,
          "stddev" : 0.000000,
          "N" : 0
        }
      },
      "job_runtime" : 851,
      "usr_cpu" : 3.525264,
      "sys_cpu" : 34.312573,
      "ctx" : 1909,
      "majf" : 0,
      "minf" : 30,
      "iodepth_level" : {
        "1" : 100.000000,
        "2" : 0.000000,
        "4" : 0.000000,
        "8" : 0.000000,
        "16" : 0.000000,
        "32" : 0.000000,
        ">=64" : 0.000000
      },
      "iodepth_submit" : {
        "0" : 0.000000,
        "4" : 100.000000,
        "8" : 0.000000,
        "16" : 0.000000,
        "32" : 0.000000,
        "64" : 0.000000,
        ">=64" : 0.000000
      },
      "iodepth_complete" : {
        "0" : 0.000000,
        "4" : 100.000000,
        "8" : 0.000000,
        "16" : 0.000000,
        "32" : 0.000000,
        "64" : 0.000000,
        ">=64" : 0.000000
      },
      "latency_ns" : {
        "2" : 0.000000,
        "4" : 0.000000,
        "10" : 0.000000,
        "20" : 0.000000,
        "50" : 0.000000,
        "100" : 0.000000,
        "250" : 0.000000,
        "500" : 0.000000,
        "750" : 0.000000,
        "1000" : 0.000000
      },
      "latency_us" : {
        "2" : 0.000000,
        "4" : 0.000000,
        "10" : 0.000000,
        "20" : 0.000000,
        "50" : 23.730469,
        "100" : 27.709961,
        "250" : 27.343750,
        "500" : 11.035156,
        "750" : 8.032227,
        "1000" : 0.097656
      },
      "latency_ms" : {
        "2" : 1.074219,
        "4" : 0.952148,
        "10" : 0.024414,
        "20" : 0.000000,
        "50" : 0.000000,
        "100" : 0.000000,
        "250" : 0.000000,
        "500" : 0.000000,
        "750" : 0.000000,
        "1000" : 0.000000,
        "2000" : 0.000000,
        ">=2000" : 0.000000
      },
      "latency_depth" : 1,
      "latency_target" : 0,
      "latency_percentile" : 100.000000,
      "latency_window" : 0
    }
  ]
}
