{
  "fio version" : "fio-3.38",
  "timestamp" : 1729844192,
  "timestamp_ms" : 1729844192751,
  "time" : "Fri Oct 25 10:16:32 2024",
  "jobs" : [
    {
      "jobname" : "Exo2_bs_64k_rep_4",
      "groupid" : 0,
      "job_start" : 1729844189257,
      "error" : 0,
      "eta" : 0,
      "elapsed" : 4,
      "job options" : {
        "name" : "Exo2_bs_64k_rep_4",
        "runtime" : "60",
        "numjobs" : "1",
        "rwmixwrite" : "33",
        "filesize" : "1G",
        "direct" : "1",
        "rw" : "randrw",
        "bs" : "64k"
      },
      "read" : {
        "io_bytes" : 717029376,
        "io_kbytes" : 700224,
        "bw_bytes" : 221578917,
        "bw" : 216385,
        "iops" : 3381.025958,
        "runtime" : 3236,
        "total_ios" : 10941,
        "short_ios" : 0,
        "drop_ios" : 0,
        "slat_ns" : {
          "min" : 0,
          "max" : 0,
          "mean" : 0.000000,
          "stddev" : 0.000000,
          "N" : 0
        },
        "clat_ns" : {
          "min" : 12000,
          "max" : 5191000,
          "mean" : 229741.431313,
          "stddev" : 243172.994881,
          "N" : 10941,
          "percentile" : {
            "1.000000" : 15040,
            "5.000000" : 19072,
            "10.000000" : 21888,
            "20.000000" : 30080,
            "30.000000" : 209920,
            "40.000000" : 226304,
            "50.000000" : 236544,
            "60.000000" : 246784,
            "70.000000" : 257024,
            "80.000000" : 272384,
            "90.000000" : 292864,
            "95.000000" : 313344,
            "99.000000" : 1417216,
            "99.500000" : 1941504,
            "99.900000" : 2441216,
            "99.950000" : 3227648,
            "99.990000" : 4227072
          }
        },
        "lat_ns" : {
          "min" : 12000,
          "max" : 5191000,
          "mean" : 230156.841239,
          "stddev" : 243179.482632,
          "N" : 10941
        },
        "bw_min" : 201542,
        "bw_max" : 229248,
        "bw_agg" : 100.000000,
        "bw_mean" : 217360.500000,
        "bw_dev" : 9587.838083,
        "bw_samples" : 6,
        "iops_min" : 3149,
        "iops_max" : 3582,
        "iops_mean" : 3396.000000,
        "iops_stddev" : 149.913308,
        "iops_samples" : 6
      },
      "write" : {
        "io_bytes" : 356712448,
        "io_kbytes" : 348352,
        "bw_bytes" : 110232524,
        "bw" : 107648,
        "iops" : 1682.014833,
        "runtime" : 3236,
        "total_ios" : 5443,
        "short_ios" : 0,
        "drop_ios" : 0,
        "slat_ns" : {
          "min" : 0,
          "max" : 0,
          "mean" : 0.000000,
          "stddev" : 0.000000,
          "N" : 0
        },
        "clat_ns" : {
          "min" : 73000,
          "max" : 434000,
          "mean" : 118682.711740,
          "stddev" : 26967.772575,
          "N" : 5443,
          "percentile" : {
            "1.000000" : 75264,
            "5.000000" : 79360,
            "10.000000" : 87552,
            "20.000000" : 99840,
            "30.000000" : 103936,
            "40.000000" : 107008,
            "50.000000" : 116224,
            "60.000000" : 127488,
            "70.000000" : 130560,
            "80.000000" : 134144,
            "90.000000" : 144384,
            "95.000000" : 160768,
            "99.000000" : 205824,
            "99.500000" : 236544,
            "99.900000" : 317440,
            "99.950000" : 329728,
            "99.990000" : 432128
          }
        },
        "lat_ns" : {
          "min" : 74000,
          "max" : 445000,
          "mean" : 120686.018740,
          "stddev" : 27344.180871,
          "N" : 5443
        },
        "bw_min" : 102653,
        "bw_max" : 112926,
        "bw_agg" : 100.000000,
        "bw_mean" : 108146.333333,
        "bw_dev" : 3806.752877,
        "bw_samples" : 6,
        "iops_min" : 1603,
        "iops_max" : 1764,
        "iops_mean" : 1689.333333,
        "iops_stddev" : 59.721576,
        "iops_samples" : 6
      },
      "trim" : {
        "io_bytes" : 0,
        "io_kbytes" : 0,
        "bw_bytes" : 0,
        "bw" : 0,
        "iops" : 0.000000,
        "runtime" : 0,
        "total_ios" : 0,
        "short_ios" : 0,
        "drop_ios" : 0,
        "slat_ns" : {
          "min" : 0,
          "max" : 0,
          "mean" : 0.000000,
          "stddev" : 0.000000,
          "N" : 0
        },
        "clat_ns" : {
          "min" : 0,
          "max" : 0,
          "mean" : 0.000000,
          "stddev" : 0.000000,
          "N" : 0
        },
        "lat_ns" : {
          "min" : 0,
          "max" : 0,
          "mean" : 0.000000,
          "stddev" : 0.000000,
          "N" : 0
        },
        "bw_min" : 0,
        "bw_max" : 0,
        "bw_agg" : 0.000000,
        "bw_mean" : 0.000000,
        "bw_dev" : 0.000000,
        "bw_samples" : 0,
        "iops_min" : 0,
        "iops_max" : 0,
        "iops_mean" : 0.000000,
        "iops_stddev" : 0.000000,
        "iops_samples" : 0
      },
      "sync" : {
        "total_ios" : 0,
        "lat_ns" : {
          "min" : 0,
          "max" : 0,
          "mean" : 0.000000,
          "stddev" : 0.000000,
          "N" : 0
        }
      },
      "job_runtime" : 3235,
      "usr_cpu" : 3.183926,
      "sys_cpu" : 23.802164,
      "ctx" : 14227,
      "majf" : 0,
      "minf" : 31,
      "iodepth_level" : {
        "1" : 100.000000,
        "2" : 0.000000,
        "4" : 0.000000,
        "8" : 0.000000,
        "16" : 0.000000,
        "32" : 0.000000,
        ">=64" : 0.000000
      },
      "iodepth_submit" : {
        "0" : 0.000000,
        "4" : 100.000000,
        "8" : 0.000000,
        "16" : 0.000000,
        "32" : 0.000000,
        "64" : 0.000000,
        ">=64" : 0.000000
      },
      "iodepth_complete" : {
        "0" : 0.000000,
        "4" : 100.000000,
        "8" : 0.000000,
        "16" : 0.000000,
        "32" : 0.000000,
        "64" : 0.000000,
        ">=64" : 0.000000
      },
      "latency_ns" : {
        "2" : 0.000000,
        "4" : 0.000000,
        "10" : 0.000000,
        "20" : 0.000000,
        "50" : 0.000000,
        "100" : 0.000000,
        "250" : 0.000000,
        "500" : 0.000000,
        "750" : 0.000000,
        "1000" : 0.000000
      },
      "latency_us" : {
        "2" : 0.000000,
        "4" : 0.000000,
        "10" : 0.000000,
        "20" : 3.729248,
        "50" : 10.974121,
        "100" : 6.573486,
        "250" : 53.839111,
        "500" : 23.254395,
        "750" : 0.079346,
        "1000" : 0.103760
      },
      "latency_ms" : {
        "2" : 1.153564,
        "4" : 0.268555,
        "10" : 0.024414,
        "20" : 0.000000,
        "50" : 0.000000,
        "100" : 0.000000,
        "250" : 0.000000,
        "500" : 0.000000,
        "750" : 0.000000,
        "1000" : 0.000000,
        "2000" : 0.000000,
        ">=2000" : 0.000000
      },
      "latency_depth" : 1,
      "latency_target" : 0,
      "latency_percentile" : 100.000000,
      "latency_window" : 0
    }
  ]
}
