{
  "fio version" : "fio-3.38",
  "timestamp" : 1729844068,
  "timestamp_ms" : 1729844068483,
  "time" : "Fri Oct 25 10:14:28 2024",
  "jobs" : [
    {
      "jobname" : "Exo2_bs_8k_rep_3",
      "groupid" : 0,
      "job_start" : 1729844057619,
      "error" : 0,
      "eta" : 0,
      "elapsed" : 11,
      "job options" : {
        "name" : "Exo2_bs_8k_rep_3",
        "runtime" : "60",
        "numjobs" : "1",
        "rwmixwrite" : "33",
        "filesize" : "1G",
        "direct" : "1",
        "rw" : "randrw",
        "bs" : "8k"
      },
      "read" : {
        "io_bytes" : 719708160,
        "io_kbytes" : 702840,
        "bw_bytes" : 67049390,
        "bw" : 65477,
        "iops" : 8184.740078,
        "runtime" : 10734,
        "total_ios" : 87855,
        "short_ios" : 0,
        "drop_ios" : 0,
        "slat_ns" : {
          "min" : 0,
          "max" : 0,
          "mean" : 0.000000,
          "stddev" : 0.000000,
          "N" : 0
        },
        "clat_ns" : {
          "min" : 2000,
          "max" : 5279000,
          "mean" : 104442.262819,
          "stddev" : 108034.347033,
          "N" : 87855,
          "percentile" : {
            "1.000000" : 2992,
            "5.000000" : 4016,
            "10.000000" : 4016,
            "20.000000" : 5024,
            "30.000000" : 101888,
            "40.000000" : 108032,
            "50.000000" : 120320,
            "60.000000" : 125440,
            "70.000000" : 132096,
            "80.000000" : 146432,
            "90.000000" : 154624,
            "95.000000" : 175104,
            "99.000000" : 238592,
            "99.500000" : 366592,
            "99.900000" : 1499136,
            "99.950000" : 1941504,
            "99.990000" : 2277376
          }
        },
        "lat_ns" : {
          "min" : 3000,
          "max" : 5279000,
          "mean" : 104620.966365,
          "stddev" : 108039.416178,
          "N" : 87855
        },
        "bw_min" : 57952,
        "bw_max" : 67976,
        "bw_agg" : 99.873362,
        "bw_mean" : 65395.761905,
        "bw_dev" : 2282.732593,
        "bw_samples" : 21,
        "iops_min" : 7244,
        "iops_max" : 8497,
        "iops_mean" : 8174.190476,
        "iops_stddev" : 285.340256,
        "iops_samples" : 21
      },
      "write" : {
        "io_bytes" : 354033664,
        "io_kbytes" : 345736,
        "bw_bytes" : 32982454,
        "bw" : 32209,
        "iops" : 4026.178498,
        "runtime" : 10734,
        "total_ios" : 43217,
        "short_ios" : 0,
        "drop_ios" : 0,
        "slat_ns" : {
          "min" : 0,
          "max" : 0,
          "mean" : 0.000000,
          "stddev" : 0.000000,
          "N" : 0
        },
        "clat_ns" : {
          "min" : 10000,
          "max" : 15633000,
          "mean" : 30555.267603,
          "stddev" : 76285.922863,
          "N" : 43217,
          "percentile" : {
            "1.000000" : 18048,
            "5.000000" : 24960,
            "10.000000" : 25984,
            "20.000000" : 27008,
            "30.000000" : 28032,
            "40.000000" : 28032,
            "50.000000" : 29056,
            "60.000000" : 30080,
            "70.000000" : 30080,
            "80.000000" : 31104,
            "90.000000" : 34048,
            "95.000000" : 41216,
            "99.000000" : 57088,
            "99.500000" : 68096,
            "99.900000" : 99840,
            "99.950000" : 124416,
            "99.990000" : 218112
          }
        },
        "lat_ns" : {
          "min" : 10000,
          "max" : 15634000,
          "mean" : 30840.919083,
          "stddev" : 76298.863374,
          "N" : 43217
        },
        "bw_min" : 29813,
        "bw_max" : 33846,
        "bw_agg" : 99.880694,
        "bw_mean" : 32171.000000,
        "bw_dev" : 1114.373815,
        "bw_samples" : 21,
        "iops_min" : 3726,
        "iops_max" : 4230,
        "iops_mean" : 4020.952381,
        "iops_stddev" : 139.298771,
        "iops_samples" : 21
      },
      "trim" : {
        "io_bytes" : 0,
        "io_kbytes" : 0,
        "bw_bytes" : 0,
        "bw" : 0,
        "iops" : 0.000000,
        "runtime" : 0,
        "total_ios" : 0,
        "short_ios" : 0,
        "drop_ios" : 0,
        "slat_ns" : {
          "min" : 0,
          "max" : 0,
          "mean" : 0.000000,
          "stddev" : 0.000000,
          "N" : 0
        },
        "clat_ns" : {
          "min" : 0,
          "max" : 0,
          "mean" : 0.000000,
          "stddev" : 0.000000,
          "N" : 0
        },
        "lat_ns" : {
          "min" : 0,
          "max" : 0,
          "mean" : 0.000000,
          "stddev" : 0.000000,
          "N" : 0
        },
        "bw_min" : 0,
        "bw_max" : 0,
        "bw_agg" : 0.000000,
        "bw_mean" : 0.000000,
        "bw_dev" : 0.000000,
        "bw_samples" : 0,
        "iops_min" : 0,
        "iops_max" : 0,
        "iops_mean" : 0.000000,
        "iops_stddev" : 0.000000,
        "iops_samples" : 0
      },
      "sync" : {
        "total_ios" : 0,
        "lat_ns" : {
          "min" : 0,
          "max" : 0,
          "mean" : 0.000000,
          "stddev" : 0.000000,
          "N" : 0
        }
      },
      "job_runtime" : 10733,
      "usr_cpu" : 3.279605,
      "sys_cpu" : 24.159135,
      "ctx" : 66258,
      "majf" : 0,
      "minf" : 34,
      "iodepth_level" : {
        "1" : 100.000000,
        "2" : 0.000000,
        "4" : 0.000000,
        "8" : 0.000000,
        "16" : 0.000000,
        "32" : 0.000000,
        ">=64" : 0.000000
      },
      "iodepth_submit" : {
        "0" : 0.000000,
        "4" : 100.000000,
        "8" : 0.000000,
        "16" : 0.000000,
        "32" : 0.000000,
        "64" : 0.000000,
        ">=64" : 0.000000
      },
      "iodepth_complete" : {
        "0" : 0.000000,
        "4" : 100.000000,
        "8" : 0.000000,
        "16" : 0.000000,
        "32" : 0.000000,
        "64" : 0.000000,
        ">=64" : 0.000000
      },
      "latency_ns" : {
        "2" : 0.000000,
        "4" : 0.000000,
        "10" : 0.000000,
        "20" : 0.000000,
        "50" : 0.000000,
        "100" : 0.000000,
        "250" : 0.000000,
        "500" : 0.000000,
        "750" : 0.000000,
        "1000" : 0.000000
      },
      "latency_us" : {
        "2" : 0.000000,
        "4" : 2.109528,
        "10" : 14.952850,
        "20" : 0.421906,
        "50" : 32.013702,
        "100" : 1.253510,
        "250" : 48.655701,
        "500" : 0.300598,
        "750" : 0.015259,
        "1000" : 0.010000
      },
      "latency_ms" : {
        "2" : 0.243378,
        "4" : 0.025177,
        "10" : 0.010000,
        "20" : 0.010000,
        "50" : 0.000000,
        "100" : 0.000000,
        "250" : 0.000000,
        "500" : 0.000000,
        "750" : 0.000000,
        "1000" : 0.000000,
        "2000" : 0.000000,
        ">=2000" : 0.000000
      },
      "latency_depth" : 1,
      "latency_target" : 0,
      "latency_percentile" : 100.000000,
      "latency_window" : 0
    }
  ]
}
