{
  "fio version" : "fio-3.38",
  "timestamp" : 1729844188,
  "timestamp_ms" : 1729844188149,
  "time" : "Fri Oct 25 10:16:28 2024",
  "jobs" : [
    {
      "jobname" : "Exo2_bs_64k_rep_3",
      "groupid" : 0,
      "job_start" : 1729844184700,
      "error" : 0,
      "eta" : 0,
      "elapsed" : 4,
      "job options" : {
        "name" : "Exo2_bs_64k_rep_3",
        "runtime" : "60",
        "numjobs" : "1",
        "rwmixwrite" : "33",
        "filesize" : "1G",
        "direct" : "1",
        "rw" : "randrw",
        "bs" : "64k"
      },
      "read" : {
        "io_bytes" : 717029376,
        "io_kbytes" : 700224,
        "bw_bytes" : 214422660,
        "bw" : 209397,
        "iops" : 3271.830144,
        "runtime" : 3344,
        "total_ios" : 10941,
        "short_ios" : 0,
        "drop_ios" : 0,
        "slat_ns" : {
          "min" : 0,
          "max" : 0,
          "mean" : 0.000000,
          "stddev" : 0.000000,
          "N" : 0
        },
        "clat_ns" : {
          "min" : 12000,
          "max" : 5150000,
          "mean" : 236016.908875,
          "stddev" : 242790.580134,
          "N" : 10941,
          "percentile" : {
            "1.000000" : 15040,
            "5.000000" : 20096,
            "10.000000" : 23936,
            "20.000000" : 31104,
            "30.000000" : 216064,
            "40.000000" : 232448,
            "50.000000" : 242688,
            "60.000000" : 252928,
            "70.000000" : 264192,
            "80.000000" : 276480,
            "90.000000" : 296960,
            "95.000000" : 321536,
            "99.000000" : 1400832,
            "99.500000" : 1990656,
            "99.900000" : 2670592,
            "99.950000" : 3096576,
            "99.990000" : 4177920
          }
        },
        "lat_ns" : {
          "min" : 12000,
          "max" : 5150000,
          "mean" : 236448.587880,
          "stddev" : 242795.806567,
          "N" : 10941
        },
        "bw_min" : 202920,
        "bw_max" : 214506,
        "bw_agg" : 99.929737,
        "bw_mean" : 209250.500000,
        "bw_dev" : 4512.471950,
        "bw_samples" : 6,
        "iops_min" : 3170,
        "iops_max" : 3351,
        "iops_mean" : 3269.000000,
        "iops_stddev" : 70.560612,
        "iops_samples" : 6
      },
      "write" : {
        "io_bytes" : 356712448,
        "io_kbytes" : 348352,
        "bw_bytes" : 106672382,
        "bw" : 104172,
        "iops" : 1627.691388,
        "runtime" : 3344,
        "total_ios" : 5443,
        "short_ios" : 0,
        "drop_ios" : 0,
        "slat_ns" : {
          "min" : 0,
          "max" : 0,
          "mean" : 0.000000,
          "stddev" : 0.000000,
          "N" : 0
        },
        "clat_ns" : {
          "min" : 73000,
          "max" : 577000,
          "mean" : 124912.915672,
          "stddev" : 28597.848824,
          "N" : 5443,
          "percentile" : {
            "1.000000" : 77312,
            "5.000000" : 85504,
            "10.000000" : 91648,
            "20.000000" : 102912,
            "30.000000" : 108032,
            "40.000000" : 119296,
            "50.000000" : 128512,
            "60.000000" : 130560,
            "70.000000" : 134144,
            "80.000000" : 138240,
            "90.000000" : 152576,
            "95.000000" : 171008,
            "99.000000" : 216064,
            "99.500000" : 248832,
            "99.900000" : 313344,
            "99.950000" : 399360,
            "99.990000" : 577536
          }
        },
        "lat_ns" : {
          "min" : 74000,
          "max" : 580000,
          "mean" : 126983.465001,
          "stddev" : 28967.667893,
          "N" : 5443
        },
        "bw_min" : 99639,
        "bw_max" : 113540,
        "bw_agg" : 100.000000,
        "bw_mean" : 104338.833333,
        "bw_dev" : 5259.561328,
        "bw_samples" : 6,
        "iops_min" : 1556,
        "iops_max" : 1774,
        "iops_mean" : 1629.666667,
        "iops_stddev" : 82.405501,
        "iops_samples" : 6
      },
      "trim" : {
        "io_bytes" : 0,
        "io_kbytes" : 0,
        "bw_bytes" : 0,
        "bw" : 0,
        "iops" : 0.000000,
        "runtime" : 0,
        "total_ios" : 0,
        "short_ios" : 0,
        "drop_ios" : 0,
        "slat_ns" : {
          "min" : 0,
          "max" : 0,
          "mean" : 0.000000,
          "stddev" : 0.000000,
          "N" : 0
        },
        "clat_ns" : {
          "min" : 0,
          "max" : 0,
          "mean" : 0.000000,
          "stddev" : 0.000000,
          "N" : 0
        },
        "lat_ns" : {
          "min" : 0,
          "max" : 0,
          "mean" : 0.000000,
          "stddev" : 0.000000,
          "N" : 0
        },
        "bw_min" : 0,
        "bw_max" : 0,
        "bw_agg" : 0.000000,
        "bw_mean" : 0.000000,
        "bw_dev" : 0.000000,
        "bw_samples" : 0,
        "iops_min" : 0,
        "iops_max" : 0,
        "iops_mean" : 0.000000,
        "iops_stddev" : 0.000000,
        "iops_samples" : 0
      },
      "sync" : {
        "total_ios" : 0,
        "lat_ns" : {
          "min" : 0,
          "max" : 0,
          "mean" : 0.000000,
          "stddev" : 0.000000,
          "N" : 0
        }
      },
      "job_runtime" : 3343,
      "usr_cpu" : 3.290458,
      "sys_cpu" : 24.498953,
      "ctx" : 14290,
      "majf" : 0,
      "minf" : 30,
      "iodepth_level" : {
        "1" : 100.000000,
        "2" : 0.000000,
        "4" : 0.000000,
        "8" : 0.000000,
        "16" : 0.000000,
        "32" : 0.000000,
        ">=64" : 0.000000
      },
      "iodepth_submit" : {
        "0" : 0.000000,
        "4" : 100.000000,
        "8" : 0.000000,
        "16" : 0.000000,
        "32" : 0.000000,
        "64" : 0.000000,
        ">=64" : 0.000000
      },
      "iodepth_complete" : {
        "0" : 0.000000,
        "4" : 100.000000,
        "8" : 0.000000,
        "16" : 0.000000,
        "32" : 0.000000,
        "64" : 0.000000,
        ">=64" : 0.000000
      },
      "latency_ns" : {
        "2" : 0.000000,
        "4" : 0.000000,
        "10" : 0.000000,
        "20" : 0.000000,
        "50" : 0.000000,
        "100" : 0.000000,
        "250" : 0.000000,
        "500" : 0.000000,
        "750" : 0.000000,
        "1000" : 0.000000
      },
      "latency_us" : {
        "2" : 0.000000,
        "4" : 0.000000,
        "10" : 0.000000,
        "20" : 2.716064,
        "50" : 11.517334,
        "100" : 4.791260,
        "250" : 52.172852,
        "500" : 27.185059,
        "750" : 0.073242,
        "1000" : 0.140381
      },
      "latency_ms" : {
        "2" : 1.074219,
        "4" : 0.317383,
        "10" : 0.012207,
        "20" : 0.000000,
        "50" : 0.000000,
        "100" : 0.000000,
        "250" : 0.000000,
        "500" : 0.000000,
        "750" : 0.000000,
        "1000" : 0.000000,
        "2000" : 0.000000,
        ">=2000" : 0.000000
      },
      "latency_depth" : 1,
      "latency_target" : 0,
      "latency_percentile" : 100.000000,
      "latency_window" : 0
    }
  ]
}
