{
  "fio version" : "fio-3.38",
  "timestamp" : 1729844042,
  "timestamp_ms" : 1729844042294,
  "time" : "Fri Oct 25 10:14:02 2024",
  "jobs" : [
    {
      "jobname" : "Exo2_bs_8k_rep_1",
      "groupid" : 0,
      "job_start" : 1729844030697,
      "error" : 0,
      "eta" : 0,
      "elapsed" : 12,
      "job options" : {
        "name" : "Exo2_bs_8k_rep_1",
        "runtime" : "60",
        "numjobs" : "1",
        "rwmixwrite" : "33",
        "filesize" : "1G",
        "direct" : "1",
        "rw" : "randrw",
        "bs" : "8k"
      },
      "read" : {
        "io_bytes" : 719708160,
        "io_kbytes" : 702840,
        "bw_bytes" : 63427175,
        "bw" : 61940,
        "iops" : 7742.575130,
        "runtime" : 11347,
        "total_ios" : 87855,
        "short_ios" : 0,
        "drop_ios" : 0,
        "slat_ns" : {
          "min" : 0,
          "max" : 0,
          "mean" : 0.000000,
          "stddev" : 0.000000,
          "N" : 0
        },
        "clat_ns" : {
          "min" : 2000,
          "max" : 5185000,
          "mean" : 111233.646349,
          "stddev" : 105811.717344,
          "N" : 87855,
          "percentile" : {
            "1.000000" : 2992,
            "5.000000" : 4016,
            "10.000000" : 4016,
            "20.000000" : 7008,
            "30.000000" : 103936,
            "40.000000" : 115200,
            "50.000000" : 122368,
            "60.000000" : 127488,
            "70.000000" : 132096,
            "80.000000" : 148480,
            "90.000000" : 158720,
            "95.000000" : 177152,
            "99.000000" : 234496,
            "99.500000" : 370688,
            "99.900000" : 1613824,
            "99.950000" : 1990656,
            "99.990000" : 2441216
          }
        },
        "lat_ns" : {
          "min" : 3000,
          "max" : 5186000,
          "mean" : 111459.746173,
          "stddev" : 105814.155812,
          "N" : 87855
        },
        "bw_min" : 58666,
        "bw_max" : 65428,
        "bw_agg" : 99.916693,
        "bw_mean" : 61889.772727,
        "bw_dev" : 2093.587464,
        "bw_samples" : 22,
        "iops_min" : 7333,
        "iops_max" : 8178,
        "iops_mean" : 7735.909091,
        "iops_stddev" : 261.608379,
        "iops_samples" : 22
      },
      "write" : {
        "io_bytes" : 354033664,
        "io_kbytes" : 345736,
        "bw_bytes" : 31200640,
        "bw" : 30469,
        "iops" : 3808.671896,
        "runtime" : 11347,
        "total_ios" : 43217,
        "short_ios" : 0,
        "drop_ios" : 0,
        "slat_ns" : {
          "min" : 0,
          "max" : 0,
          "mean" : 0.000000,
          "stddev" : 0.000000,
          "N" : 0
        },
        "clat_ns" : {
          "min" : 10000,
          "max" : 1096000,
          "mean" : 30629.705903,
          "stddev" : 9023.372998,
          "N" : 43217,
          "percentile" : {
            "1.000000" : 18048,
            "5.000000" : 24960,
            "10.000000" : 25984,
            "20.000000" : 27008,
            "30.000000" : 28032,
            "40.000000" : 29056,
            "50.000000" : 30080,
            "60.000000" : 30080,
            "70.000000" : 31104,
            "80.000000" : 32128,
            "90.000000" : 35072,
            "95.000000" : 42752,
            "99.000000" : 56064,
            "99.500000" : 66048,
            "99.900000" : 92672,
            "99.950000" : 117248,
            "99.990000" : 201728
          }
        },
        "lat_ns" : {
          "min" : 10000,
          "max" : 1096000,
          "mean" : 30933.567809,
          "stddev" : 9092.774676,
          "N" : 43217
        },
        "bw_min" : 27730,
        "bw_max" : 32603,
        "bw_agg" : 99.942976,
        "bw_mean" : 30452.818182,
        "bw_dev" : 1177.789319,
        "bw_samples" : 22,
        "iops_min" : 3466,
        "iops_max" : 4075,
        "iops_mean" : 3806.363636,
        "iops_stddev" : 147.247296,
        "iops_samples" : 22
      },
      "trim" : {
        "io_bytes" : 0,
        "io_kbytes" : 0,
        "bw_bytes" : 0,
        "bw" : 0,
        "iops" : 0.000000,
        "runtime" : 0,
        "total_ios" : 0,
        "short_ios" : 0,
        "drop_ios" : 0,
        "slat_ns" : {
          "min" : 0,
          "max" : 0,
          "mean" : 0.000000,
          "stddev" : 0.000000,
          "N" : 0
        },
        "clat_ns" : {
          "min" : 0,
          "max" : 0,
          "mean" : 0.000000,
          "stddev" : 0.000000,
          "N" : 0
        },
        "lat_ns" : {
          "min" : 0,
          "max" : 0,
          "mean" : 0.000000,
          "stddev" : 0.000000,
          "N" : 0
        },
        "bw_min" : 0,
        "bw_max" : 0,
        "bw_agg" : 0.000000,
        "bw_mean" : 0.000000,
        "bw_dev" : 0.000000,
        "bw_samples" : 0,
        "iops_min" : 0,
        "iops_max" : 0,
        "iops_mean" : 0.000000,
        "iops_stddev" : 0.000000,
        "iops_samples" : 0
      },
      "sync" : {
        "total_ios" : 0,
        "lat_ns" : {
          "min" : 0,
          "max" : 0,
          "mean" : 0.000000,
          "stddev" : 0.000000,
          "N" : 0
        }
      },
      "job_runtime" : 11346,
      "usr_cpu" : 3.322757,
      "sys_cpu" : 23.876256,
      "ctx" : 70579,
      "majf" : 0,
      "minf" : 32,
      "iodepth_level" : {
        "1" : 100.000000,
        "2" : 0.000000,
        "4" : 0.000000,
        "8" : 0.000000,
        "16" : 0.000000,
        "32" : 0.000000,
        ">=64" : 0.000000
      },
      "iodepth_submit" : {
        "0" : 0.000000,
        "4" : 100.000000,
        "8" : 0.000000,
        "16" : 0.000000,
        "32" : 0.000000,
        "64" : 0.000000,
        ">=64" : 0.000000
      },
      "iodepth_complete" : {
        "0" : 0.000000,
        "4" : 100.000000,
        "8" : 0.000000,
        "16" : 0.000000,
        "32" : 0.000000,
        "64" : 0.000000,
        ">=64" : 0.000000
      },
      "latency_ns" : {
        "2" : 0.000000,
        "4" : 0.000000,
        "10" : 0.000000,
        "20" : 0.000000,
        "50" : 0.000000,
        "100" : 0.000000,
        "250" : 0.000000,
        "500" : 0.000000,
        "750" : 0.000000,
        "1000" : 0.000000
      },
      "latency_us" : {
        "2" : 0.000000,
        "4" : 1.367188,
        "10" : 12.390137,
        "20" : 0.393677,
        "50" : 31.920624,
        "100" : 1.235199,
        "250" : 52.109528,
        "500" : 0.307465,
        "750" : 0.017548,
        "1000" : 0.012970
      },
      "latency_ms" : {
        "2" : 0.214386,
        "4" : 0.030518,
        "10" : 0.010000,
        "20" : 0.000000,
        "50" : 0.000000,
        "100" : 0.000000,
        "250" : 0.000000,
        "500" : 0.000000,
        "750" : 0.000000,
        "1000" : 0.000000,
        "2000" : 0.000000,
        ">=2000" : 0.000000
      },
      "latency_depth" : 1,
      "latency_target" : 0,
      "latency_percentile" : 100.000000,
      "latency_window" : 0
    }
  ]
}
