{
  "fio version" : "fio-3.38",
  "timestamp" : 1729844094,
  "timestamp_ms" : 1729844094891,
  "time" : "Fri Oct 25 10:14:54 2024",
  "jobs" : [
    {
      "jobname" : "Exo2_bs_8k_rep_5",
      "groupid" : 0,
      "job_start" : 1729844083788,
      "error" : 0,
      "eta" : 0,
      "elapsed" : 12,
      "job options" : {
        "name" : "Exo2_bs_8k_rep_5",
        "runtime" : "60",
        "numjobs" : "1",
        "rwmixwrite" : "33",
        "filesize" : "1G",
        "direct" : "1",
        "rw" : "randrw",
        "bs" : "8k"
      },
      "read" : {
        "io_bytes" : 719708160,
        "io_kbytes" : 702840,
        "bw_bytes" : 65750791,
        "bw" : 64209,
        "iops" : 8026.219624,
        "runtime" : 10946,
        "total_ios" : 87855,
        "short_ios" : 0,
        "drop_ios" : 0,
        "slat_ns" : {
          "min" : 0,
          "max" : 0,
          "mean" : 0.000000,
          "stddev" : 0.000000,
          "N" : 0
        },
        "clat_ns" : {
          "min" : 2000,
          "max" : 5197000,
          "mean" : 106919.890729,
          "stddev" : 105810.484075,
          "N" : 87855,
          "percentile" : {
            "1.000000" : 2992,
            "5.000000" : 4016,
            "10.000000" : 4016,
            "20.000000" : 5024,
            "30.000000" : 102912,
            "40.000000" : 109056,
            "50.000000" : 121344,
            "60.000000" : 126464,
            "70.000000" : 132096,
            "80.000000" : 146432,
            "90.000000" : 152576,
            "95.000000" : 171008,
            "99.000000" : 222208,
            "99.500000" : 382976,
            "99.900000" : 1531904,
            "99.950000" : 1925120,
            "99.990000" : 2310144
          }
        },
        "lat_ns" : {
          "min" : 3000,
          "max" : 5197000,
          "mean" : 107118.945991,
          "stddev" : 105815.440826,
          "N" : 87855
        },
        "bw_min" : 61169,
        "bw_max" : 66677,
        "bw_agg" : 99.953657,
        "bw_mean" : 64180.142857,
        "bw_dev" : 1534.236595,
        "bw_samples" : 21,
        "iops_min" : 7646,
        "iops_max" : 8334,
        "iops_mean" : 8022.095238,
        "iops_stddev" : 191.728951,
        "iops_samples" : 21
      },
      "write" : {
        "io_bytes" : 354033664,
        "io_kbytes" : 345736,
        "bw_bytes" : 32343656,
        "bw" : 31585,
        "iops" : 3948.200256,
        "runtime" : 10946,
        "total_ios" : 43217,
        "short_ios" : 0,
        "drop_ios" : 0,
        "slat_ns" : {
          "min" : 0,
          "max" : 0,
          "mean" : 0.000000,
          "stddev" : 0.000000,
          "N" : 0
        },
        "clat_ns" : {
          "min" : 10000,
          "max" : 318000,
          "mean" : 30336.742486,
          "stddev" : 5947.249734,
          "N" : 43217,
          "percentile" : {
            "1.000000" : 18048,
            "5.000000" : 25984,
            "10.000000" : 25984,
            "20.000000" : 27008,
            "30.000000" : 28032,
            "40.000000" : 29056,
            "50.000000" : 30080,
            "60.000000" : 30080,
            "70.000000" : 31104,
            "80.000000" : 32128,
            "90.000000" : 34048,
            "95.000000" : 40192,
            "99.000000" : 51968,
            "99.500000" : 59136,
            "99.900000" : 87552,
            "99.950000" : 93696,
            "99.990000" : 144384
          }
        },
        "lat_ns" : {
          "min" : 10000,
          "max" : 318000,
          "mean" : 30636.647616,
          "stddev" : 6007.991865,
          "N" : 43217
        },
        "bw_min" : 29705,
        "bw_max" : 32615,
        "bw_agg" : 100.000000,
        "bw_mean" : 31588.238095,
        "bw_dev" : 653.540428,
        "bw_samples" : 21,
        "iops_min" : 3713,
        "iops_max" : 4076,
        "iops_mean" : 3948.190476,
        "iops_stddev" : 81.724304,
        "iops_samples" : 21
      },
      "trim" : {
        "io_bytes" : 0,
        "io_kbytes" : 0,
        "bw_bytes" : 0,
        "bw" : 0,
        "iops" : 0.000000,
        "runtime" : 0,
        "total_ios" : 0,
        "short_ios" : 0,
        "drop_ios" : 0,
        "slat_ns" : {
          "min" : 0,
          "max" : 0,
          "mean" : 0.000000,
          "stddev" : 0.000000,
          "N" : 0
        },
        "clat_ns" : {
          "min" : 0,
          "max" : 0,
          "mean" : 0.000000,
          "stddev" : 0.000000,
          "N" : 0
        },
        "lat_ns" : {
          "min" : 0,
          "max" : 0,
          "mean" : 0.000000,
          "stddev" : 0.000000,
          "N" : 0
        },
        "bw_min" : 0,
        "bw_max" : 0,
        "bw_agg" : 0.000000,
        "bw_mean" : 0.000000,
        "bw_dev" : 0.000000,
        "bw_samples" : 0,
        "iops_min" : 0,
        "iops_max" : 0,
        "iops_mean" : 0.000000,
        "iops_stddev" : 0.000000,
        "iops_samples" : 0
      },
      "sync" : {
        "total_ios" : 0,
        "lat_ns" : {
          "min" : 0,
          "max" : 0,
          "mean" : 0.000000,
          "stddev" : 0.000000,
          "N" : 0
        }
      },
      "job_runtime" : 10945,
      "usr_cpu" : 3.261763,
      "sys_cpu" : 24.138876,
      "ctx" : 68156,
      "majf" : 0,
      "minf" : 33,
      "iodepth_level" : {
        "1" : 100.000000,
        "2" : 0.000000,
        "4" : 0.000000,
        "8" : 0.000000,
        "16" : 0.000000,
        "32" : 0.000000,
        ">=64" : 0.000000
      },
      "iodepth_submit" : {
        "0" : 0.000000,
        "4" : 100.000000,
        "8" : 0.000000,
        "16" : 0.000000,
        "32" : 0.000000,
        "64" : 0.000000,
        ">=64" : 0.000000
      },
      "iodepth_complete" : {
        "0" : 0.000000,
        "4" : 100.000000,
        "8" : 0.000000,
        "16" : 0.000000,
        "32" : 0.000000,
        "64" : 0.000000,
        ">=64" : 0.000000
      },
      "latency_ns" : {
        "2" : 0.000000,
        "4" : 0.000000,
        "10" : 0.000000,
        "20" : 0.000000,
        "50" : 0.000000,
        "100" : 0.000000,
        "250" : 0.000000,
        "500" : 0.000000,
        "750" : 0.000000,
        "1000" : 0.000000
      },
      "latency_us" : {
        "2" : 0.000000,
        "4" : 1.660156,
        "10" : 13.835907,
        "20" : 0.376129,
        "50" : 32.129669,
        "100" : 0.910187,
        "250" : 50.580597,
        "500" : 0.218201,
        "750" : 0.018311,
        "1000" : 0.012207
      },
      "latency_ms" : {
        "2" : 0.230408,
        "4" : 0.027466,
        "10" : 0.010000,
        "20" : 0.000000,
        "50" : 0.000000,
        "100" : 0.000000,
        "250" : 0.000000,
        "500" : 0.000000,
        "750" : 0.000000,
        "1000" : 0.000000,
        "2000" : 0.000000,
        ">=2000" : 0.000000
      },
      "latency_depth" : 1,
      "latency_target" : 0,
      "latency_percentile" : 100.000000,
      "latency_window" : 0
    }
  ]
}
