{
  "fio version" : "fio-3.38",
  "timestamp" : 1729844028,
  "timestamp_ms" : 1729844028682,
  "time" : "Fri Oct 25 10:13:48 2024",
  "jobs" : [
    {
      "jobname" : "Exo2_bs_4k_rep_5",
      "groupid" : 0,
      "job_start" : 1729844007641,
      "error" : 0,
      "eta" : 0,
      "elapsed" : 22,
      "job options" : {
        "name" : "Exo2_bs_4k_rep_5",
        "runtime" : "60",
        "numjobs" : "1",
        "rwmixwrite" : "33",
        "filesize" : "1G",
        "direct" : "1",
        "rw" : "randrw",
        "bs" : "4k"
      },
      "read" : {
        "io_bytes" : 718589952,
        "io_kbytes" : 701748,
        "bw_bytes" : 34486248,
        "bw" : 33677,
        "iops" : 8419.494169,
        "runtime" : 20837,
        "total_ios" : 175437,
        "short_ios" : 0,
        "drop_ios" : 0,
        "slat_ns" : {
          "min" : 0,
          "max" : 0,
          "mean" : 0.000000,
          "stddev" : 0.000000,
          "N" : 0
        },
        "clat_ns" : {
          "min" : 2000,
          "max" : 5153000,
          "mean" : 100860.776233,
          "stddev" : 88193.074508,
          "N" : 175437,
          "percentile" : {
            "1.000000" : 2992,
            "5.000000" : 2992,
            "10.000000" : 4016,
            "20.000000" : 89600,
            "30.000000" : 92672,
            "40.000000" : 103936,
            "50.000000" : 110080,
            "60.000000" : 115200,
            "70.000000" : 121344,
            "80.000000" : 136192,
            "90.000000" : 140288,
            "95.000000" : 158720,
            "99.000000" : 218112,
            "99.500000" : 292864,
            "99.900000" : 1368064,
            "99.950000" : 1482752,
            "99.990000" : 1843200
          }
        },
        "lat_ns" : {
          "min" : 2000,
          "max" : 5153000,
          "mean" : 101082.377150,
          "stddev" : 88195.959596,
          "N" : 175437
        },
        "bw_min" : 24920,
        "bw_max" : 35706,
        "bw_agg" : 100.000000,
        "bw_mean" : 33688.926829,
        "bw_dev" : 1741.537143,
        "bw_samples" : 41,
        "iops_min" : 6230,
        "iops_max" : 8926,
        "iops_mean" : 8421.975610,
        "iops_stddev" : 435.375441,
        "iops_samples" : 41
      },
      "write" : {
        "io_bytes" : 355151872,
        "io_kbytes" : 346828,
        "bw_bytes" : 17044290,
        "bw" : 16644,
        "iops" : 4161.203628,
        "runtime" : 20837,
        "total_ios" : 86707,
        "short_ios" : 0,
        "drop_ios" : 0,
        "slat_ns" : {
          "min" : 0,
          "max" : 0,
          "mean" : 0.000000,
          "stddev" : 0.000000,
          "N" : 0
        },
        "clat_ns" : {
          "min" : 10000,
          "max" : 61701000,
          "mean" : 30524.594323,
          "stddev" : 230790.761602,
          "N" : 86707,
          "percentile" : {
            "1.000000" : 17024,
            "5.000000" : 24960,
            "10.000000" : 24960,
            "20.000000" : 25984,
            "30.000000" : 27008,
            "40.000000" : 28032,
            "50.000000" : 28032,
            "60.000000" : 29056,
            "70.000000" : 29056,
            "80.000000" : 30080,
            "90.000000" : 33024,
            "95.000000" : 40192,
            "99.000000" : 54016,
            "99.500000" : 64256,
            "99.900000" : 99840,
            "99.950000" : 116224,
            "99.990000" : 428032
          }
        },
        "lat_ns" : {
          "min" : 10000,
          "max" : 61701000,
          "mean" : 30789.717093,
          "stddev" : 230792.897688,
          "N" : 86707
        },
        "bw_min" : 12650,
        "bw_max" : 17736,
        "bw_agg" : 100.000000,
        "bw_mean" : 16650.365854,
        "bw_dev" : 843.652824,
        "bw_samples" : 41,
        "iops_min" : 3162,
        "iops_max" : 4434,
        "iops_mean" : 4162.317073,
        "iops_stddev" : 210.930609,
        "iops_samples" : 41
      },
      "trim" : {
        "io_bytes" : 0,
        "io_kbytes" : 0,
        "bw_bytes" : 0,
        "bw" : 0,
        "iops" : 0.000000,
        "runtime" : 0,
        "total_ios" : 0,
        "short_ios" : 0,
        "drop_ios" : 0,
        "slat_ns" : {
          "min" : 0,
          "max" : 0,
          "mean" : 0.000000,
          "stddev" : 0.000000,
          "N" : 0
        },
        "clat_ns" : {
          "min" : 0,
          "max" : 0,
          "mean" : 0.000000,
          "stddev" : 0.000000,
          "N" : 0
        },
        "lat_ns" : {
          "min" : 0,
          "max" : 0,
          "mean" : 0.000000,
          "stddev" : 0.000000,
          "N" : 0
        },
        "bw_min" : 0,
        "bw_max" : 0,
        "bw_agg" : 0.000000,
        "bw_mean" : 0.000000,
        "bw_dev" : 0.000000,
        "bw_samples" : 0,
        "iops_min" : 0,
        "iops_max" : 0,
        "iops_mean" : 0.000000,
        "iops_stddev" : 0.000000,
        "iops_samples" : 0
      },
      "sync" : {
        "total_ios" : 0,
        "lat_ns" : {
          "min" : 0,
          "max" : 0,
          "mean" : 0.000000,
          "stddev" : 0.000000,
          "N" : 0
        }
      },
      "job_runtime" : 20836,
      "usr_cpu" : 3.561144,
      "sys_cpu" : 25.259167,
      "ctx" : 143157,
      "majf" : 0,
      "minf" : 34,
      "iodepth_level" : {
        "1" : 100.000000,
        "2" : 0.000000,
        "4" : 0.000000,
        "8" : 0.000000,
        "16" : 0.000000,
        "32" : 0.000000,
        ">=64" : 0.000000
      },
      "iodepth_submit" : {
        "0" : 0.000000,
        "4" : 100.000000,
        "8" : 0.000000,
        "16" : 0.000000,
        "32" : 0.000000,
        "64" : 0.000000,
        ">=64" : 0.000000
      },
      "iodepth_complete" : {
        "0" : 0.000000,
        "4" : 100.000000,
        "8" : 0.000000,
        "16" : 0.000000,
        "32" : 0.000000,
        "64" : 0.000000,
        ">=64" : 0.000000
      },
      "latency_ns" : {
        "2" : 0.000000,
        "4" : 0.000000,
        "10" : 0.000000,
        "20" : 0.000000,
        "50" : 0.000000,
        "100" : 0.000000,
        "250" : 0.000000,
        "500" : 0.000000,
        "750" : 0.000000,
        "1000" : 0.000000
      },
      "latency_us" : {
        "2" : 0.000000,
        "4" : 5.971527,
        "10" : 6.930161,
        "20" : 0.387192,
        "50" : 32.239914,
        "100" : 13.831329,
        "250" : 40.168762,
        "500" : 0.251389,
        "750" : 0.013733,
        "1000" : 0.010000
      },
      "latency_ms" : {
        "2" : 0.195694,
        "4" : 0.010000,
        "10" : 0.010000,
        "20" : 0.000000,
        "50" : 0.010000,
        "100" : 0.010000,
        "250" : 0.000000,
        "500" : 0.000000,
        "750" : 0.000000,
        "1000" : 0.000000,
        "2000" : 0.000000,
        ">=2000" : 0.000000
      },
      "latency_depth" : 1,
      "latency_target" : 0,
      "latency_percentile" : 100.000000,
      "latency_window" : 0
    }
  ]
}
