{
  "fio version" : "fio-3.38",
  "timestamp" : 1729844209,
  "timestamp_ms" : 1729844209602,
  "time" : "Fri Oct 25 10:16:49 2024",
  "jobs" : [
    {
      "jobname" : "Exo2_bs_128k_rep_5",
      "groupid" : 0,
      "job_start" : 1729844208083,
      "error" : 0,
      "eta" : 2147483647,
      "elapsed" : 2,
      "job options" : {
        "name" : "Exo2_bs_128k_rep_5",
        "runtime" : "60",
        "numjobs" : "1",
        "rwmixwrite" : "33",
        "filesize" : "1G",
        "direct" : "1",
        "rw" : "randrw",
        "bs" : "128k"
      },
      "read" : {
        "io_bytes" : 709623808,
        "io_kbytes" : 692992,
        "bw_bytes" : 486043704,
        "bw" : 474652,
        "iops" : 3708.219178,
        "runtime" : 1460,
        "total_ios" : 5414,
        "short_ios" : 0,
        "drop_ios" : 0,
        "slat_ns" : {
          "min" : 0,
          "max" : 0,
          "mean" : 0.000000,
          "stddev" : 0.000000,
          "N" : 0
        },
        "clat_ns" : {
          "min" : 21000,
          "max" : 3864000,
          "mean" : 108858.884374,
          "stddev" : 259113.927407,
          "N" : 5414,
          "percentile" : {
            "1.000000" : 23936,
            "5.000000" : 25984,
            "10.000000" : 28032,
            "20.000000" : 32128,
            "30.000000" : 34048,
            "40.000000" : 41216,
            "50.000000" : 43776,
            "60.000000" : 44800,
            "70.000000" : 51968,
            "80.000000" : 67072,
            "90.000000" : 296960,
            "95.000000" : 577536,
            "99.000000" : 1499136,
            "99.500000" : 1957888,
            "99.900000" : 2441216,
            "99.950000" : 3588096,
            "99.990000" : 3850240
          }
        },
        "lat_ns" : {
          "min" : 21000,
          "max" : 3864000,
          "mean" : 109341.152567,
          "stddev" : 259133.296901,
          "N" : 5414
        },
        "bw_min" : 316071,
        "bw_max" : 514272,
        "bw_agg" : 87.468493,
        "bw_mean" : 415171.500000,
        "bw_dev" : 140149.271138,
        "bw_samples" : 2,
        "iops_min" : 2469,
        "iops_max" : 4017,
        "iops_mean" : 3243.000000,
        "iops_stddev" : 1094.601297,
        "iops_samples" : 2
      },
      "write" : {
        "io_bytes" : 364118016,
        "io_kbytes" : 355584,
        "bw_bytes" : 249395901,
        "bw" : 243550,
        "iops" : 1902.739726,
        "runtime" : 1460,
        "total_ios" : 2778,
        "short_ios" : 0,
        "drop_ios" : 0,
        "slat_ns" : {
          "min" : 0,
          "max" : 0,
          "mean" : 0.000000,
          "stddev" : 0.000000,
          "N" : 0
        },
        "clat_ns" : {
          "min" : 100000,
          "max" : 2251000,
          "mean" : 295906.047516,
          "stddev" : 169962.289531,
          "N" : 2778,
          "percentile" : {
            "1.000000" : 112128,
            "5.000000" : 132096,
            "10.000000" : 138240,
            "20.000000" : 166912,
            "30.000000" : 175104,
            "40.000000" : 183296,
            "50.000000" : 201728,
            "60.000000" : 216064,
            "70.000000" : 477184,
            "80.000000" : 536576,
            "90.000000" : 536576,
            "95.000000" : 544768,
            "99.000000" : 544768,
            "99.500000" : 552960,
            "99.900000" : 626688,
            "99.950000" : 806912,
            "99.990000" : 2244608
          }
        },
        "lat_ns" : {
          "min" : 103000,
          "max" : 2253000,
          "mean" : 299532.037437,
          "stddev" : 170343.819372,
          "N" : 2778
        },
        "bw_min" : 159176,
        "bw_max" : 271400,
        "bw_agg" : 88.395563,
        "bw_mean" : 215288.000000,
        "bw_dev" : 79354.351412,
        "bw_samples" : 2,
        "iops_min" : 1243,
        "iops_max" : 2120,
        "iops_mean" : 1681.500000,
        "iops_stddev" : 620.132647,
        "iops_samples" : 2
      },
      "trim" : {
        "io_bytes" : 0,
        "io_kbytes" : 0,
        "bw_bytes" : 0,
        "bw" : 0,
        "iops" : 0.000000,
        "runtime" : 0,
        "total_ios" : 0,
        "short_ios" : 0,
        "drop_ios" : 0,
        "slat_ns" : {
          "min" : 0,
          "max" : 0,
          "mean" : 0.000000,
          "stddev" : 0.000000,
          "N" : 0
        },
        "clat_ns" : {
          "min" : 0,
          "max" : 0,
          "mean" : 0.000000,
          "stddev" : 0.000000,
          "N" : 0
        },
        "lat_ns" : {
          "min" : 0,
          "max" : 0,
          "mean" : 0.000000,
          "stddev" : 0.000000,
          "N" : 0
        },
        "bw_min" : 0,
        "bw_max" : 0,
        "bw_agg" : 0.000000,
        "bw_mean" : 0.000000,
        "bw_dev" : 0.000000,
        "bw_samples" : 0,
        "iops_min" : 0,
        "iops_max" : 0,
        "iops_mean" : 0.000000,
        "iops_stddev" : 0.000000,
        "iops_samples" : 0
      },
      "sync" : {
        "total_ios" : 0,
        "lat_ns" : {
          "min" : 0,
          "max" : 0,
          "mean" : 0.000000,
          "stddev" : 0.000000,
          "N" : 0
        }
      },
      "job_runtime" : 1459,
      "usr_cpu" : 4.797807,
      "sys_cpu" : 37.491432,
      "ctx" : 3383,
      "majf" : 0,
      "minf" : 30,
      "iodepth_level" : {
        "1" : 100.000000,
        "2" : 0.000000,
        "4" : 0.000000,
        "8" : 0.000000,
        "16" : 0.000000,
        "32" : 0.000000,
        ">=64" : 0.000000
      },
      "iodepth_submit" : {
        "0" : 0.000000,
        "4" : 100.000000,
        "8" : 0.000000,
        "16" : 0.000000,
        "32" : 0.000000,
        "64" : 0.000000,
        ">=64" : 0.000000
      },
      "iodepth_complete" : {
        "0" : 0.000000,
        "4" : 100.000000,
        "8" : 0.000000,
        "16" : 0.000000,
        "32" : 0.000000,
        "64" : 0.000000,
        ">=64" : 0.000000
      },
      "latency_ns" : {
        "2" : 0.000000,
        "4" : 0.000000,
        "10" : 0.000000,
        "20" : 0.000000,
        "50" : 0.000000,
        "100" : 0.000000,
        "250" : 0.000000,
        "500" : 0.000000,
        "750" : 0.000000,
        "1000" : 0.000000
      },
      "latency_us" : {
        "2" : 0.000000,
        "4" : 0.000000,
        "10" : 0.000000,
        "20" : 0.000000,
        "50" : 44.897461,
        "100" : 14.123535,
        "250" : 21.411133,
        "500" : 6.018066,
        "750" : 12.365723,
        "1000" : 0.146484
      },
      "latency_ms" : {
        "2" : 0.720215,
        "4" : 0.317383,
        "10" : 0.000000,
        "20" : 0.000000,
        "50" : 0.000000,
        "100" : 0.000000,
        "250" : 0.000000,
        "500" : 0.000000,
        "750" : 0.000000,
        "1000" : 0.000000,
        "2000" : 0.000000,
        ">=2000" : 0.000000
      },
      "latency_depth" : 1,
      "latency_target" : 0,
      "latency_percentile" : 100.000000,
      "latency_window" : 0
    }
  ]
}
