{
  "fio version" : "fio-3.38",
  "timestamp" : 1729846042,
  "timestamp_ms" : 1729846042923,
  "time" : "Fri Oct 25 10:47:22 2024",
  "jobs" : [
    {
      "jobname" : "Exo2_bs_1m_rep_1",
      "groupid" : 0,
      "job_start" : 1729846041406,
      "error" : 0,
      "eta" : 2147483647,
      "elapsed" : 2,
      "job options" : {
        "name" : "Exo2_bs_1m_rep_1",
        "runtime" : "60",
        "numjobs" : "1",
        "rwmixwrite" : "33",
        "filesize" : "1G",
        "direct" : "1",
        "rw" : "randrw",
        "bs" : "1m"
      },
      "read" : {
        "io_bytes" : 704643072,
        "io_kbytes" : 688128,
        "bw_bytes" : 470389233,
        "bw" : 459364,
        "iops" : 448.598131,
        "runtime" : 1498,
        "total_ios" : 672,
        "short_ios" : 0,
        "drop_ios" : 0,
        "slat_ns" : {
          "min" : 0,
          "max" : 0,
          "mean" : 0.000000,
          "stddev" : 0.000000,
          "N" : 0
        },
        "clat_ns" : {
          "min" : 726000,
          "max" : 4854000,
          "mean" : 1233686.011905,
          "stddev" : 468649.215889,
          "N" : 672,
          "percentile" : {
            "1.000000" : 741376,
            "5.000000" : 757760,
            "10.000000" : 765952,
            "20.000000" : 839680,
            "30.000000" : 864256,
            "40.000000" : 897024,
            "50.000000" : 1318912,
            "60.000000" : 1384448,
            "70.000000" : 1466368,
            "80.000000" : 1564672,
            "90.000000" : 1630208,
            "95.000000" : 2113536,
            "99.000000" : 2637824,
            "99.500000" : 3325952,
            "99.900000" : 4882432,
            "99.950000" : 4882432,
            "99.990000" : 4882432
          }
        },
        "lat_ns" : {
          "min" : 727000,
          "max" : 4856000,
          "mean" : 1235866.071429,
          "stddev" : 468785.379106,
          "N" : 672
        },
        "bw_min" : 437693,
        "bw_max" : 441725,
        "bw_agg" : 95.721157,
        "bw_mean" : 439709.000000,
        "bw_dev" : 2851.054542,
        "bw_samples" : 2,
        "iops_min" : 427,
        "iops_max" : 431,
        "iops_mean" : 429.000000,
        "iops_stddev" : 2.828427,
        "iops_samples" : 2
      },
      "write" : {
        "io_bytes" : 369098752,
        "io_kbytes" : 360448,
        "bw_bytes" : 246394360,
        "bw" : 240619,
        "iops" : 234.979973,
        "runtime" : 1498,
        "total_ios" : 352,
        "short_ios" : 0,
        "drop_ios" : 0,
        "slat_ns" : {
          "min" : 0,
          "max" : 0,
          "mean" : 0.000000,
          "stddev" : 0.000000,
          "N" : 0
        },
        "clat_ns" : {
          "min" : 1412000,
          "max" : 2270000,
          "mean" : 1735579.545455,
          "stddev" : 143113.285400,
          "N" : 352,
          "percentile" : {
            "1.000000" : 1515520,
            "5.000000" : 1564672,
            "10.000000" : 1581056,
            "20.000000" : 1581056,
            "30.000000" : 1613824,
            "40.000000" : 1662976,
            "50.000000" : 1728512,
            "60.000000" : 1777664,
            "70.000000" : 1826816,
            "80.000000" : 1875968,
            "90.000000" : 1908736,
            "95.000000" : 1957888,
            "99.000000" : 2088960,
            "99.500000" : 2179072,
            "99.900000" : 2277376,
            "99.950000" : 2277376,
            "99.990000" : 2277376
          }
        },
        "lat_ns" : {
          "min" : 1510000,
          "max" : 2346000,
          "mean" : 1824417.613636,
          "stddev" : 139115.844764,
          "N" : 352
        },
        "bw_min" : 230901,
        "bw_max" : 246330,
        "bw_agg" : 99.166945,
        "bw_mean" : 238615.500000,
        "bw_dev" : 10909.950527,
        "bw_samples" : 2,
        "iops_min" : 225,
        "iops_max" : 240,
        "iops_mean" : 232.500000,
        "iops_stddev" : 10.606602,
        "iops_samples" : 2
      },
      "trim" : {
        "io_bytes" : 0,
        "io_kbytes" : 0,
        "bw_bytes" : 0,
        "bw" : 0,
        "iops" : 0.000000,
        "runtime" : 0,
        "total_ios" : 0,
        "short_ios" : 0,
        "drop_ios" : 0,
        "slat_ns" : {
          "min" : 0,
          "max" : 0,
          "mean" : 0.000000,
          "stddev" : 0.000000,
          "N" : 0
        },
        "clat_ns" : {
          "min" : 0,
          "max" : 0,
          "mean" : 0.000000,
          "stddev" : 0.000000,
          "N" : 0
        },
        "lat_ns" : {
          "min" : 0,
          "max" : 0,
          "mean" : 0.000000,
          "stddev" : 0.000000,
          "N" : 0
        },
        "bw_min" : 0,
        "bw_max" : 0,
        "bw_agg" : 0.000000,
        "bw_mean" : 0.000000,
        "bw_dev" : 0.000000,
        "bw_samples" : 0,
        "iops_min" : 0,
        "iops_max" : 0,
        "iops_mean" : 0.000000,
        "iops_stddev" : 0.000000,
        "iops_samples" : 0
      },
      "sync" : {
        "total_ios" : 0,
        "lat_ns" : {
          "min" : 0,
          "max" : 0,
          "mean" : 0.000000,
          "stddev" : 0.000000,
          "N" : 0
        }
      },
      "job_runtime" : 1497,
      "usr_cpu" : 4.609218,
      "sys_cpu" : 50.233801,
      "ctx" : 736,
      "majf" : 0,
      "minf" : 29,
      "iodepth_level" : {
        "1" : 100.000000,
        "2" : 0.000000,
        "4" : 0.000000,
        "8" : 0.000000,
        "16" : 0.000000,
        "32" : 0.000000,
        ">=64" : 0.000000
      },
      "iodepth_submit" : {
        "0" : 0.000000,
        "4" : 100.000000,
        "8" : 0.000000,
        "16" : 0.000000,
        "32" : 0.000000,
        "64" : 0.000000,
        ">=64" : 0.000000
      },
      "iodepth_complete" : {
        "0" : 0.000000,
        "4" : 100.000000,
        "8" : 0.000000,
        "16" : 0.000000,
        "32" : 0.000000,
        "64" : 0.000000,
        ">=64" : 0.000000
      },
      "latency_ns" : {
        "2" : 0.000000,
        "4" : 0.000000,
        "10" : 0.000000,
        "20" : 0.000000,
        "50" : 0.000000,
        "100" : 0.000000,
        "250" : 0.000000,
        "500" : 0.000000,
        "750" : 0.000000,
        "1000" : 0.000000
      },
      "latency_us" : {
        "2" : 0.000000,
        "4" : 0.000000,
        "10" : 0.000000,
        "20" : 0.000000,
        "50" : 0.000000,
        "100" : 0.000000,
        "250" : 0.000000,
        "500" : 0.000000,
        "750" : 2.050781,
        "1000" : 29.199219
      },
      "latency_ms" : {
        "2" : 63.476562,
        "4" : 5.175781,
        "10" : 0.097656,
        "20" : 0.000000,
        "50" : 0.000000,
        "100" : 0.000000,
        "250" : 0.000000,
        "500" : 0.000000,
        "750" : 0.000000,
        "1000" : 0.000000,
        "2000" : 0.000000,
        ">=2000" : 0.000000
      },
      "latency_depth" : 1,
      "latency_target" : 0,
      "latency_percentile" : 100.000000,
      "latency_window" : 0
    }
  ]
}
