{
  "fio version" : "fio-3.38",
  "timestamp" : 1729846015,
  "timestamp_ms" : 1729846015702,
  "time" : "Fri Oct 25 10:46:55 2024",
  "jobs" : [
    {
      "jobname" : "Exo2_bs_256k_rep_4",
      "groupid" : 0,
      "job_start" : 1729846014664,
      "error" : 0,
      "eta" : 2147483647,
      "elapsed" : 2,
      "job options" : {
        "name" : "Exo2_bs_256k_rep_4",
        "runtime" : "60",
        "numjobs" : "1",
        "rwmixwrite" : "33",
        "filesize" : "1G",
        "direct" : "1",
        "rw" : "randrw",
        "bs" : "256k"
      },
      "read" : {
        "io_bytes" : 704905216,
        "io_kbytes" : 688384,
        "bw_bytes" : 694487897,
        "bw" : 678210,
        "iops" : 2649.261084,
        "runtime" : 1015,
        "total_ios" : 2689,
        "short_ios" : 0,
        "drop_ios" : 0,
        "slat_ns" : {
          "min" : 0,
          "max" : 0,
          "mean" : 0.000000,
          "stddev" : 0.000000,
          "N" : 0
        },
        "clat_ns" : {
          "min" : 36000,
          "max" : 5058000,
          "mean" : 246731.498698,
          "stddev" : 443244.573892,
          "N" : 2689,
          "percentile" : {
            "1.000000" : 41216,
            "5.000000" : 42752,
            "10.000000" : 45824,
            "20.000000" : 51968,
            "30.000000" : 56064,
            "40.000000" : 63232,
            "50.000000" : 72192,
            "60.000000" : 95744,
            "70.000000" : 301056,
            "80.000000" : 342016,
            "90.000000" : 391168,
            "95.000000" : 561152,
            "99.000000" : 2375680,
            "99.500000" : 2473984,
            "99.900000" : 3751936,
            "99.950000" : 3915776,
            "99.990000" : 5079040
          }
        },
        "lat_ns" : {
          "min" : 37000,
          "max" : 5058000,
          "mean" : 247075.492748,
          "stddev" : 443261.601483,
          "N" : 2689
        },
        "bw_min" : 657408,
        "bw_max" : 699699,
        "bw_agg" : 100.000000,
        "bw_mean" : 678553.500000,
        "bw_dev" : 29904.252883,
        "bw_samples" : 2,
        "iops_min" : 2568,
        "iops_max" : 2733,
        "iops_mean" : 2650.500000,
        "iops_stddev" : 116.672619,
        "iops_samples" : 2
      },
      "write" : {
        "io_bytes" : 368836608,
        "io_kbytes" : 360192,
        "bw_bytes" : 363385820,
        "bw" : 354868,
        "iops" : 1386.206897,
        "runtime" : 1015,
        "total_ios" : 1407,
        "short_ios" : 0,
        "drop_ios" : 0,
        "slat_ns" : {
          "min" : 0,
          "max" : 0,
          "mean" : 0.000000,
          "stddev" : 0.000000,
          "N" : 0
        },
        "clat_ns" : {
          "min" : 153000,
          "max" : 2157000,
          "mean" : 233170.575693,
          "stddev" : 75962.665185,
          "N" : 1407,
          "percentile" : {
            "1.000000" : 158720,
            "5.000000" : 164864,
            "10.000000" : 173056,
            "20.000000" : 189440,
            "30.000000" : 201728,
            "40.000000" : 211968,
            "50.000000" : 222208,
            "60.000000" : 234496,
            "70.000000" : 248832,
            "80.000000" : 268288,
            "90.000000" : 296960,
            "95.000000" : 317440,
            "99.000000" : 448512,
            "99.500000" : 501760,
            "99.900000" : 806912,
            "99.950000" : 2146304,
            "99.990000" : 2146304
          }
        },
        "lat_ns" : {
          "min" : 158000,
          "max" : 2168000,
          "mean" : 238871.357498,
          "stddev" : 77221.438605,
          "N" : 1407
        },
        "bw_min" : 351114,
        "bw_max" : 353280,
        "bw_agg" : 99.247056,
        "bw_mean" : 352197.000000,
        "bw_dev" : 1531.593288,
        "bw_samples" : 2,
        "iops_min" : 1371,
        "iops_max" : 1380,
        "iops_mean" : 1375.500000,
        "iops_stddev" : 6.363961,
        "iops_samples" : 2
      },
      "trim" : {
        "io_bytes" : 0,
        "io_kbytes" : 0,
        "bw_bytes" : 0,
        "bw" : 0,
        "iops" : 0.000000,
        "runtime" : 0,
        "total_ios" : 0,
        "short_ios" : 0,
        "drop_ios" : 0,
        "slat_ns" : {
          "min" : 0,
          "max" : 0,
          "mean" : 0.000000,
          "stddev" : 0.000000,
          "N" : 0
        },
        "clat_ns" : {
          "min" : 0,
          "max" : 0,
          "mean" : 0.000000,
          "stddev" : 0.000000,
          "N" : 0
        },
        "lat_ns" : {
          "min" : 0,
          "max" : 0,
          "mean" : 0.000000,
          "stddev" : 0.000000,
          "N" : 0
        },
        "bw_min" : 0,
        "bw_max" : 0,
        "bw_agg" : 0.000000,
        "bw_mean" : 0.000000,
        "bw_dev" : 0.000000,
        "bw_samples" : 0,
        "iops_min" : 0,
        "iops_max" : 0,
        "iops_mean" : 0.000000,
        "iops_stddev" : 0.000000,
        "iops_samples" : 0
      },
      "sync" : {
        "total_ios" : 0,
        "lat_ns" : {
          "min" : 0,
          "max" : 0,
          "mean" : 0.000000,
          "stddev" : 0.000000,
          "N" : 0
        }
      },
      "job_runtime" : 1014,
      "usr_cpu" : 2.859961,
      "sys_cpu" : 27.514793,
      "ctx" : 2611,
      "majf" : 0,
      "minf" : 30,
      "iodepth_level" : {
        "1" : 100.000000,
        "2" : 0.000000,
        "4" : 0.000000,
        "8" : 0.000000,
        "16" : 0.000000,
        "32" : 0.000000,
        ">=64" : 0.000000
      },
      "iodepth_submit" : {
        "0" : 0.000000,
        "4" : 100.000000,
        "8" : 0.000000,
        "16" : 0.000000,
        "32" : 0.000000,
        "64" : 0.000000,
        ">=64" : 0.000000
      },
      "iodepth_complete" : {
        "0" : 0.000000,
        "4" : 100.000000,
        "8" : 0.000000,
        "16" : 0.000000,
        "32" : 0.000000,
        "64" : 0.000000,
        ">=64" : 0.000000
      },
      "latency_ns" : {
        "2" : 0.000000,
        "4" : 0.000000,
        "10" : 0.000000,
        "20" : 0.000000,
        "50" : 0.000000,
        "100" : 0.000000,
        "250" : 0.000000,
        "500" : 0.000000,
        "750" : 0.000000,
        "1000" : 0.000000
      },
      "latency_us" : {
        "2" : 0.000000,
        "4" : 0.000000,
        "10" : 0.000000,
        "20" : 0.000000,
        "50" : 10.156250,
        "100" : 29.760742,
        "250" : 26.025391,
        "500" : 30.249023,
        "750" : 0.610352,
        "1000" : 0.097656
      },
      "latency_ms" : {
        "2" : 1.318359,
        "4" : 1.757812,
        "10" : 0.024414,
        "20" : 0.000000,
        "50" : 0.000000,
        "100" : 0.000000,
        "250" : 0.000000,
        "500" : 0.000000,
        "750" : 0.000000,
        "1000" : 0.000000,
        "2000" : 0.000000,
        ">=2000" : 0.000000
      },
      "latency_depth" : 1,
      "latency_target" : 0,
      "latency_percentile" : 100.000000,
      "latency_window" : 0
    }
  ]
}
