{
  "fio version" : "fio-3.38",
  "timestamp" : 1729844199,
  "timestamp_ms" : 1729844199715,
  "time" : "Fri Oct 25 10:16:39 2024",
  "jobs" : [
    {
      "jobname" : "Exo2_bs_128k_rep_1",
      "groupid" : 0,
      "job_start" : 1729844198302,
      "error" : 0,
      "eta" : 2147483647,
      "elapsed" : 2,
      "job options" : {
        "name" : "Exo2_bs_128k_rep_1",
        "runtime" : "60",
        "numjobs" : "1",
        "rwmixwrite" : "33",
        "filesize" : "1G",
        "direct" : "1",
        "rw" : "randrw",
        "bs" : "128k"
      },
      "read" : {
        "io_bytes" : 709623808,
        "io_kbytes" : 692992,
        "bw_bytes" : 608596747,
        "bw" : 594332,
        "iops" : 4643.224700,
        "runtime" : 1166,
        "total_ios" : 5414,
        "short_ios" : 0,
        "drop_ios" : 0,
        "slat_ns" : {
          "min" : 0,
          "max" : 0,
          "mean" : 0.000000,
          "stddev" : 0.000000,
          "N" : 0
        },
        "clat_ns" : {
          "min" : 20000,
          "max" : 3957000,
          "mean" : 114686.368674,
          "stddev" : 281074.501812,
          "N" : 5414,
          "percentile" : {
            "1.000000" : 23936,
            "5.000000" : 27008,
            "10.000000" : 30080,
            "20.000000" : 33024,
            "30.000000" : 34048,
            "40.000000" : 38144,
            "50.000000" : 42240,
            "60.000000" : 43776,
            "70.000000" : 49920,
            "80.000000" : 57088,
            "90.000000" : 309248,
            "95.000000" : 366592,
            "99.000000" : 1826816,
            "99.500000" : 2244608,
            "99.900000" : 2637824,
            "99.950000" : 3522560,
            "99.990000" : 3948544
          }
        },
        "lat_ns" : {
          "min" : 20000,
          "max" : 3957000,
          "mean" : 115061.691910,
          "stddev" : 281063.117074,
          "N" : 5414
        },
        "bw_min" : 545380,
        "bw_max" : 607049,
        "bw_agg" : 96.951411,
        "bw_mean" : 576214.500000,
        "bw_dev" : 43606.568089,
        "bw_samples" : 2,
        "iops_min" : 4260,
        "iops_max" : 4742,
        "iops_mean" : 4501.000000,
        "iops_stddev" : 340.825469,
        "iops_samples" : 2
      },
      "write" : {
        "io_bytes" : 364118016,
        "io_kbytes" : 355584,
        "bw_bytes" : 312279602,
        "bw" : 304960,
        "iops" : 2382.504288,
        "runtime" : 1166,
        "total_ios" : 2778,
        "short_ios" : 0,
        "drop_ios" : 0,
        "slat_ns" : {
          "min" : 0,
          "max" : 0,
          "mean" : 0.000000,
          "stddev" : 0.000000,
          "N" : 0
        },
        "clat_ns" : {
          "min" : 98000,
          "max" : 626000,
          "mean" : 182127.069834,
          "stddev" : 62018.194458,
          "N" : 2778,
          "percentile" : {
            "1.000000" : 102912,
            "5.000000" : 119296,
            "10.000000" : 132096,
            "20.000000" : 136192,
            "30.000000" : 142336,
            "40.000000" : 158720,
            "50.000000" : 162816,
            "60.000000" : 168960,
            "70.000000" : 183296,
            "80.000000" : 218112,
            "90.000000" : 288768,
            "95.000000" : 325632,
            "99.000000" : 366592,
            "99.500000" : 374784,
            "99.900000" : 561152,
            "99.950000" : 585728,
            "99.990000" : 626688
          }
        },
        "lat_ns" : {
          "min" : 100000,
          "max" : 630000,
          "mean" : 185938.084953,
          "stddev" : 62234.265765,
          "N" : 2778
        },
        "bw_min" : 278086,
        "bw_max" : 320887,
        "bw_agg" : 98.204834,
        "bw_mean" : 299486.500000,
        "bw_dev" : 30264.877342,
        "bw_samples" : 2,
        "iops_min" : 2172,
        "iops_max" : 2506,
        "iops_mean" : 2339.000000,
        "iops_stddev" : 236.173665,
        "iops_samples" : 2
      },
      "trim" : {
        "io_bytes" : 0,
        "io_kbytes" : 0,
        "bw_bytes" : 0,
        "bw" : 0,
        "iops" : 0.000000,
        "runtime" : 0,
        "total_ios" : 0,
        "short_ios" : 0,
        "drop_ios" : 0,
        "slat_ns" : {
          "min" : 0,
          "max" : 0,
          "mean" : 0.000000,
          "stddev" : 0.000000,
          "N" : 0
        },
        "clat_ns" : {
          "min" : 0,
          "max" : 0,
          "mean" : 0.000000,
          "stddev" : 0.000000,
          "N" : 0
        },
        "lat_ns" : {
          "min" : 0,
          "max" : 0,
          "mean" : 0.000000,
          "stddev" : 0.000000,
          "N" : 0
        },
        "bw_min" : 0,
        "bw_max" : 0,
        "bw_agg" : 0.000000,
        "bw_mean" : 0.000000,
        "bw_dev" : 0.000000,
        "bw_samples" : 0,
        "iops_min" : 0,
        "iops_max" : 0,
        "iops_mean" : 0.000000,
        "iops_stddev" : 0.000000,
        "iops_samples" : 0
      },
      "sync" : {
        "total_ios" : 0,
        "lat_ns" : {
          "min" : 0,
          "max" : 0,
          "mean" : 0.000000,
          "stddev" : 0.000000,
          "N" : 0
        }
      },
      "job_runtime" : 1165,
      "usr_cpu" : 4.549356,
      "sys_cpu" : 37.854077,
      "ctx" : 3614,
      "majf" : 0,
      "minf" : 31,
      "iodepth_level" : {
        "1" : 100.000000,
        "2" : 0.000000,
        "4" : 0.000000,
        "8" : 0.000000,
        "16" : 0.000000,
        "32" : 0.000000,
        ">=64" : 0.000000
      },
      "iodepth_submit" : {
        "0" : 0.000000,
        "4" : 100.000000,
        "8" : 0.000000,
        "16" : 0.000000,
        "32" : 0.000000,
        "64" : 0.000000,
        ">=64" : 0.000000
      },
      "iodepth_complete" : {
        "0" : 0.000000,
        "4" : 100.000000,
        "8" : 0.000000,
        "16" : 0.000000,
        "32" : 0.000000,
        "64" : 0.000000,
        ">=64" : 0.000000
      },
      "latency_ns" : {
        "2" : 0.000000,
        "4" : 0.000000,
        "10" : 0.000000,
        "20" : 0.000000,
        "50" : 0.000000,
        "100" : 0.000000,
        "250" : 0.000000,
        "500" : 0.000000,
        "750" : 0.000000,
        "1000" : 0.000000
      },
      "latency_us" : {
        "2" : 0.000000,
        "4" : 0.000000,
        "10" : 0.000000,
        "20" : 0.000000,
        "50" : 45.898438,
        "100" : 10.559082,
        "250" : 29.492188,
        "500" : 11.840820,
        "750" : 0.866699,
        "1000" : 0.097656
      },
      "latency_ms" : {
        "2" : 0.671387,
        "4" : 0.573730,
        "10" : 0.000000,
        "20" : 0.000000,
        "50" : 0.000000,
        "100" : 0.000000,
        "250" : 0.000000,
        "500" : 0.000000,
        "750" : 0.000000,
        "1000" : 0.000000,
        "2000" : 0.000000,
        ">=2000" : 0.000000
      },
      "latency_depth" : 1,
      "latency_target" : 0,
      "latency_percentile" : 100.000000,
      "latency_window" : 0
    }
  ]
}
