{
  "fio version" : "fio-3.38",
  "timestamp" : 1729844155,
  "timestamp_ms" : 1729844155052,
  "time" : "Fri Oct 25 10:15:55 2024",
  "jobs" : [
    {
      "jobname" : "Exo2_bs_32k_rep_2",
      "groupid" : 0,
      "job_start" : 1729844149287,
      "error" : 0,
      "eta" : 0,
      "elapsed" : 6,
      "job options" : {
        "name" : "Exo2_bs_32k_rep_2",
        "runtime" : "60",
        "numjobs" : "1",
        "rwmixwrite" : "33",
        "filesize" : "1G",
        "direct" : "1",
        "rw" : "randrw",
        "bs" : "32k"
      },
      "read" : {
        "io_bytes" : 718405632,
        "io_kbytes" : 701568,
        "bw_bytes" : 129605923,
        "bw" : 126568,
        "iops" : 3955.258885,
        "runtime" : 5543,
        "total_ios" : 21924,
        "short_ios" : 0,
        "drop_ios" : 0,
        "slat_ns" : {
          "min" : 0,
          "max" : 0,
          "mean" : 0.000000,
          "stddev" : 0.000000,
          "N" : 0
        },
        "clat_ns" : {
          "min" : 6000,
          "max" : 4778000,
          "mean" : 201142.172961,
          "stddev" : 178266.595970,
          "N" : 21924,
          "percentile" : {
            "1.000000" : 9024,
            "5.000000" : 10944,
            "10.000000" : 12992,
            "20.000000" : 160768,
            "30.000000" : 179200,
            "40.000000" : 195584,
            "50.000000" : 207872,
            "60.000000" : 220160,
            "70.000000" : 232448,
            "80.000000" : 244736,
            "90.000000" : 261120,
            "95.000000" : 280576,
            "99.000000" : 1171456,
            "99.500000" : 1335296,
            "99.900000" : 2113536,
            "99.950000" : 2211840,
            "99.990000" : 4112384
          }
        },
        "lat_ns" : {
          "min" : 6000,
          "max" : 4779000,
          "mean" : 201507.571611,
          "stddev" : 178275.873021,
          "N" : 21924
        },
        "bw_min" : 117968,
        "bw_max" : 137728,
        "bw_agg" : 99.831487,
        "bw_mean" : 126355.636364,
        "bw_dev" : 6321.082807,
        "bw_samples" : 11,
        "iops_min" : 3686,
        "iops_max" : 4304,
        "iops_mean" : 3948.545455,
        "iops_stddev" : 197.567388,
        "iops_samples" : 11
      },
      "write" : {
        "io_bytes" : 355336192,
        "io_kbytes" : 347008,
        "bw_bytes" : 64105392,
        "bw" : 62602,
        "iops" : 1956.341331,
        "runtime" : 5543,
        "total_ios" : 10844,
        "short_ios" : 0,
        "drop_ios" : 0,
        "slat_ns" : {
          "min" : 0,
          "max" : 0,
          "mean" : 0.000000,
          "stddev" : 0.000000,
          "N" : 0
        },
        "clat_ns" : {
          "min" : 59000,
          "max" : 1797000,
          "mean" : 93016.599041,
          "stddev" : 38145.576846,
          "N" : 10844,
          "percentile" : {
            "1.000000" : 61184,
            "5.000000" : 63232,
            "10.000000" : 64768,
            "20.000000" : 74240,
            "30.000000" : 81408,
            "40.000000" : 87552,
            "50.000000" : 88576,
            "60.000000" : 90624,
            "70.000000" : 95744,
            "80.000000" : 108032,
            "90.000000" : 118272,
            "95.000000" : 132096,
            "99.000000" : 179200,
            "99.500000" : 207872,
            "99.900000" : 337920,
            "99.950000" : 724992,
            "99.990000" : 1515520
          }
        },
        "lat_ns" : {
          "min" : 59000,
          "max" : 1798000,
          "mean" : 93998.155662,
          "stddev" : 38270.411058,
          "N" : 10844
        },
        "bw_min" : 57600,
        "bw_max" : 68715,
        "bw_agg" : 99.886712,
        "bw_mean" : 62532.909091,
        "bw_dev" : 2959.206125,
        "bw_samples" : 11,
        "iops_min" : 1800,
        "iops_max" : 2147,
        "iops_mean" : 1954.090909,
        "iops_stddev" : 92.403955,
        "iops_samples" : 11
      },
      "trim" : {
        "io_bytes" : 0,
        "io_kbytes" : 0,
        "bw_bytes" : 0,
        "bw" : 0,
        "iops" : 0.000000,
        "runtime" : 0,
        "total_ios" : 0,
        "short_ios" : 0,
        "drop_ios" : 0,
        "slat_ns" : {
          "min" : 0,
          "max" : 0,
          "mean" : 0.000000,
          "stddev" : 0.000000,
          "N" : 0
        },
        "clat_ns" : {
          "min" : 0,
          "max" : 0,
          "mean" : 0.000000,
          "stddev" : 0.000000,
          "N" : 0
        },
        "lat_ns" : {
          "min" : 0,
          "max" : 0,
          "mean" : 0.000000,
          "stddev" : 0.000000,
          "N" : 0
        },
        "bw_min" : 0,
        "bw_max" : 0,
        "bw_agg" : 0.000000,
        "bw_mean" : 0.000000,
        "bw_dev" : 0.000000,
        "bw_samples" : 0,
        "iops_min" : 0,
        "iops_max" : 0,
        "iops_mean" : 0.000000,
        "iops_stddev" : 0.000000,
        "iops_samples" : 0
      },
      "sync" : {
        "total_ios" : 0,
        "lat_ns" : {
          "min" : 0,
          "max" : 0,
          "mean" : 0.000000,
          "stddev" : 0.000000,
          "N" : 0
        }
      },
      "job_runtime" : 5542,
      "usr_cpu" : 3.013353,
      "sys_cpu" : 22.482858,
      "ctx" : 29379,
      "majf" : 0,
      "minf" : 31,
      "iodepth_level" : {
        "1" : 100.000000,
        "2" : 0.000000,
        "4" : 0.000000,
        "8" : 0.000000,
        "16" : 0.000000,
        "32" : 0.000000,
        ">=64" : 0.000000
      },
      "iodepth_submit" : {
        "0" : 0.000000,
        "4" : 100.000000,
        "8" : 0.000000,
        "16" : 0.000000,
        "32" : 0.000000,
        "64" : 0.000000,
        ">=64" : 0.000000
      },
      "iodepth_complete" : {
        "0" : 0.000000,
        "4" : 100.000000,
        "8" : 0.000000,
        "16" : 0.000000,
        "32" : 0.000000,
        "64" : 0.000000,
        ">=64" : 0.000000
      },
      "latency_ns" : {
        "2" : 0.000000,
        "4" : 0.000000,
        "10" : 0.000000,
        "20" : 0.000000,
        "50" : 0.000000,
        "100" : 0.000000,
        "250" : 0.000000,
        "500" : 0.000000,
        "750" : 0.000000,
        "1000" : 0.000000
      },
      "latency_us" : {
        "2" : 0.000000,
        "4" : 0.000000,
        "10" : 1.733398,
        "20" : 9.289551,
        "50" : 0.424194,
        "100" : 24.530029,
        "250" : 52.664185,
        "500" : 10.238647,
        "750" : 0.057983,
        "1000" : 0.064087
      },
      "latency_ms" : {
        "2" : 0.918579,
        "4" : 0.067139,
        "10" : 0.012207,
        "20" : 0.000000,
        "50" : 0.000000,
        "100" : 0.000000,
        "250" : 0.000000,
        "500" : 0.000000,
        "750" : 0.000000,
        "1000" : 0.000000,
        "2000" : 0.000000,
        ">=2000" : 0.000000
      },
      "latency_depth" : 1,
      "latency_target" : 0,
      "latency_percentile" : 100.000000,
      "latency_window" : 0
    }
  ]
}
