{
  "fio version" : "fio-3.38",
  "timestamp" : 1729844197,
  "timestamp_ms" : 1729844197352,
  "time" : "Fri Oct 25 10:16:37 2024",
  "jobs" : [
    {
      "jobname" : "Exo2_bs_64k_rep_5",
      "groupid" : 0,
      "job_start" : 1729844193842,
      "error" : 0,
      "eta" : 0,
      "elapsed" : 4,
      "job options" : {
        "name" : "Exo2_bs_64k_rep_5",
        "runtime" : "60",
        "numjobs" : "1",
        "rwmixwrite" : "33",
        "filesize" : "1G",
        "direct" : "1",
        "rw" : "randrw",
        "bs" : "64k"
      },
      "read" : {
        "io_bytes" : 717029376,
        "io_kbytes" : 700224,
        "bw_bytes" : 219007139,
        "bw" : 213874,
        "iops" : 3341.783751,
        "runtime" : 3274,
        "total_ios" : 10941,
        "short_ios" : 0,
        "drop_ios" : 0,
        "slat_ns" : {
          "min" : 0,
          "max" : 0,
          "mean" : 0.000000,
          "stddev" : 0.000000,
          "N" : 0
        },
        "clat_ns" : {
          "min" : 11000,
          "max" : 5203000,
          "mean" : 230559.820857,
          "stddev" : 245129.712724,
          "N" : 10941,
          "percentile" : {
            "1.000000" : 14016,
            "5.000000" : 18048,
            "10.000000" : 21120,
            "20.000000" : 30080,
            "30.000000" : 207872,
            "40.000000" : 224256,
            "50.000000" : 236544,
            "60.000000" : 246784,
            "70.000000" : 257024,
            "80.000000" : 272384,
            "90.000000" : 296960,
            "95.000000" : 333824,
            "99.000000" : 1433600,
            "99.500000" : 1957888,
            "99.900000" : 2473984,
            "99.950000" : 3555328,
            "99.990000" : 4358144
          }
        },
        "lat_ns" : {
          "min" : 12000,
          "max" : 5203000,
          "mean" : 230886.116443,
          "stddev" : 245145.304839,
          "N" : 10941
        },
        "bw_min" : 204928,
        "bw_max" : 230400,
        "bw_agg" : 100.000000,
        "bw_mean" : 215522.166667,
        "bw_dev" : 9727.271651,
        "bw_samples" : 6,
        "iops_min" : 3202,
        "iops_max" : 3600,
        "iops_mean" : 3367.333333,
        "iops_stddev" : 152.089009,
        "iops_samples" : 6
      },
      "write" : {
        "io_bytes" : 356712448,
        "io_kbytes" : 348352,
        "bw_bytes" : 108953099,
        "bw" : 106399,
        "iops" : 1662.492364,
        "runtime" : 3274,
        "total_ios" : 5443,
        "short_ios" : 0,
        "drop_ios" : 0,
        "slat_ns" : {
          "min" : 0,
          "max" : 0,
          "mean" : 0.000000,
          "stddev" : 0.000000,
          "N" : 0
        },
        "clat_ns" : {
          "min" : 71000,
          "max" : 11558000,
          "mean" : 124262.906485,
          "stddev" : 172355.764380,
          "N" : 5443,
          "percentile" : {
            "1.000000" : 74240,
            "5.000000" : 78336,
            "10.000000" : 82432,
            "20.000000" : 91648,
            "30.000000" : 102912,
            "40.000000" : 107008,
            "50.000000" : 114176,
            "60.000000" : 126464,
            "70.000000" : 130560,
            "80.000000" : 138240,
            "90.000000" : 158720,
            "95.000000" : 181248,
            "99.000000" : 254976,
            "99.500000" : 280576,
            "99.900000" : 1384448,
            "99.950000" : 2277376,
            "99.990000" : 11599872
          }
        },
        "lat_ns" : {
          "min" : 72000,
          "max" : 11559000,
          "mean" : 126284.585706,
          "stddev" : 172571.646582,
          "N" : 5443
        },
        "bw_min" : 100224,
        "bw_max" : 116930,
        "bw_agg" : 100.000000,
        "bw_mean" : 107416.166667,
        "bw_dev" : 7283.800887,
        "bw_samples" : 6,
        "iops_min" : 1566,
        "iops_max" : 1827,
        "iops_mean" : 1678.166667,
        "iops_stddev" : 113.898932,
        "iops_samples" : 6
      },
      "trim" : {
        "io_bytes" : 0,
        "io_kbytes" : 0,
        "bw_bytes" : 0,
        "bw" : 0,
        "iops" : 0.000000,
        "runtime" : 0,
        "total_ios" : 0,
        "short_ios" : 0,
        "drop_ios" : 0,
        "slat_ns" : {
          "min" : 0,
          "max" : 0,
          "mean" : 0.000000,
          "stddev" : 0.000000,
          "N" : 0
        },
        "clat_ns" : {
          "min" : 0,
          "max" : 0,
          "mean" : 0.000000,
          "stddev" : 0.000000,
          "N" : 0
        },
        "lat_ns" : {
          "min" : 0,
          "max" : 0,
          "mean" : 0.000000,
          "stddev" : 0.000000,
          "N" : 0
        },
        "bw_min" : 0,
        "bw_max" : 0,
        "bw_agg" : 0.000000,
        "bw_mean" : 0.000000,
        "bw_dev" : 0.000000,
        "bw_samples" : 0,
        "iops_min" : 0,
        "iops_max" : 0,
        "iops_mean" : 0.000000,
        "iops_stddev" : 0.000000,
        "iops_samples" : 0
      },
      "sync" : {
        "total_ios" : 0,
        "lat_ns" : {
          "min" : 0,
          "max" : 0,
          "mean" : 0.000000,
          "stddev" : 0.000000,
          "N" : 0
        }
      },
      "job_runtime" : 3273,
      "usr_cpu" : 3.024748,
      "sys_cpu" : 23.342499,
      "ctx" : 14468,
      "majf" : 0,
      "minf" : 32,
      "iodepth_level" : {
        "1" : 100.000000,
        "2" : 0.000000,
        "4" : 0.000000,
        "8" : 0.000000,
        "16" : 0.000000,
        "32" : 0.000000,
        ">=64" : 0.000000
      },
      "iodepth_submit" : {
        "0" : 0.000000,
        "4" : 100.000000,
        "8" : 0.000000,
        "16" : 0.000000,
        "32" : 0.000000,
        "64" : 0.000000,
        ">=64" : 0.000000
      },
      "iodepth_complete" : {
        "0" : 0.000000,
        "4" : 100.000000,
        "8" : 0.000000,
        "16" : 0.000000,
        "32" : 0.000000,
        "64" : 0.000000,
        ">=64" : 0.000000
      },
      "latency_ns" : {
        "2" : 0.000000,
        "4" : 0.000000,
        "10" : 0.000000,
        "20" : 0.000000,
        "50" : 0.000000,
        "100" : 0.000000,
        "250" : 0.000000,
        "500" : 0.000000,
        "750" : 0.000000,
        "1000" : 0.000000
      },
      "latency_us" : {
        "2" : 0.000000,
        "4" : 0.000000,
        "10" : 0.000000,
        "20" : 4.736328,
        "50" : 10.119629,
        "100" : 8.319092,
        "250" : 51.367188,
        "500" : 23.669434,
        "750" : 0.170898,
        "1000" : 0.140381
      },
      "latency_ms" : {
        "2" : 1.147461,
        "4" : 0.305176,
        "10" : 0.018311,
        "20" : 0.010000,
        "50" : 0.000000,
        "100" : 0.000000,
        "250" : 0.000000,
        "500" : 0.000000,
        "750" : 0.000000,
        "1000" : 0.000000,
        "2000" : 0.000000,
        ">=2000" : 0.000000
      },
      "latency_depth" : 1,
      "latency_target" : 0,
      "latency_percentile" : 100.000000,
      "latency_window" : 0
    }
  ]
}
