{
  "fio version" : "fio-3.38",
  "timestamp" : 1729846021,
  "timestamp_ms" : 1729846021726,
  "time" : "Fri Oct 25 10:47:01 2024",
  "jobs" : [
    {
      "jobname" : "Exo2_bs_512k_rep_2",
      "groupid" : 0,
      "job_start" : 1729846020778,
      "error" : 0,
      "eta" : 2147483647,
      "elapsed" : 2,
      "job options" : {
        "name" : "Exo2_bs_512k_rep_2",
        "runtime" : "60",
        "numjobs" : "1",
        "rwmixwrite" : "33",
        "filesize" : "1G",
        "direct" : "1",
        "rw" : "randrw",
        "bs" : "512k"
      },
      "read" : {
        "io_bytes" : 714080256,
        "io_kbytes" : 697344,
        "bw_bytes" : 771144984,
        "bw" : 753071,
        "iops" : 1470.842333,
        "runtime" : 926,
        "total_ios" : 1362,
        "short_ios" : 0,
        "drop_ios" : 0,
        "slat_ns" : {
          "min" : 0,
          "max" : 0,
          "mean" : 0.000000,
          "stddev" : 0.000000,
          "N" : 0
        },
        "clat_ns" : {
          "min" : 80000,
          "max" : 4211000,
          "mean" : 465905.286344,
          "stddev" : 551875.291250,
          "N" : 1362,
          "percentile" : {
            "1.000000" : 91648,
            "5.000000" : 103936,
            "10.000000" : 119296,
            "20.000000" : 138240,
            "30.000000" : 162816,
            "40.000000" : 187392,
            "50.000000" : 395264,
            "60.000000" : 436224,
            "70.000000" : 477184,
            "80.000000" : 518144,
            "90.000000" : 577536,
            "95.000000" : 2072576,
            "99.000000" : 2473984,
            "99.500000" : 3063808,
            "99.900000" : 3588096,
            "99.950000" : 4227072,
            "99.990000" : 4227072
          }
        },
        "lat_ns" : {
          "min" : 80000,
          "max" : 4211000,
          "mean" : 466313.509545,
          "stddev" : 551863.866821,
          "N" : 1362
        },
        "bw_min" : 732007,
        "bw_max" : 732007,
        "bw_agg" : 97.202884,
        "bw_mean" : 732007.000000,
        "bw_dev" : 0.000000,
        "bw_samples" : 1,
        "iops_min" : 1429,
        "iops_max" : 1429,
        "iops_mean" : 1429.000000,
        "iops_stddev" : 0.000000,
        "iops_samples" : 1
      },
      "write" : {
        "io_bytes" : 359661568,
        "io_kbytes" : 351232,
        "bw_bytes" : 388403421,
        "bw" : 379300,
        "iops" : 740.820734,
        "runtime" : 926,
        "total_ios" : 686,
        "short_ios" : 0,
        "drop_ios" : 0,
        "slat_ns" : {
          "min" : 0,
          "max" : 0,
          "mean" : 0.000000,
          "stddev" : 0.000000,
          "N" : 0
        },
        "clat_ns" : {
          "min" : 280000,
          "max" : 847000,
          "mean" : 395524.781341,
          "stddev" : 72824.326957,
          "N" : 686,
          "percentile" : {
            "1.000000" : 292864,
            "5.000000" : 296960,
            "10.000000" : 309248,
            "20.000000" : 329728,
            "30.000000" : 346112,
            "40.000000" : 366592,
            "50.000000" : 391168,
            "60.000000" : 419840,
            "70.000000" : 436224,
            "80.000000" : 448512,
            "90.000000" : 468992,
            "95.000000" : 497664,
            "99.000000" : 700416,
            "99.500000" : 708608,
            "99.900000" : 847872,
            "99.950000" : 847872,
            "99.990000" : 847872
          }
        },
        "lat_ns" : {
          "min" : 286000,
          "max" : 861000,
          "mean" : 409814.868805,
          "stddev" : 75232.132135,
          "N" : 686
        },
        "bw_min" : 384253,
        "bw_max" : 384253,
        "bw_agg" : 100.000000,
        "bw_mean" : 384253.000000,
        "bw_dev" : 0.000000,
        "bw_samples" : 1,
        "iops_min" : 750,
        "iops_max" : 750,
        "iops_mean" : 750.000000,
        "iops_stddev" : 0.000000,
        "iops_samples" : 1
      },
      "trim" : {
        "io_bytes" : 0,
        "io_kbytes" : 0,
        "bw_bytes" : 0,
        "bw" : 0,
        "iops" : 0.000000,
        "runtime" : 0,
        "total_ios" : 0,
        "short_ios" : 0,
        "drop_ios" : 0,
        "slat_ns" : {
          "min" : 0,
          "max" : 0,
          "mean" : 0.000000,
          "stddev" : 0.000000,
          "N" : 0
        },
        "clat_ns" : {
          "min" : 0,
          "max" : 0,
          "mean" : 0.000000,
          "stddev" : 0.000000,
          "N" : 0
        },
        "lat_ns" : {
          "min" : 0,
          "max" : 0,
          "mean" : 0.000000,
          "stddev" : 0.000000,
          "N" : 0
        },
        "bw_min" : 0,
        "bw_max" : 0,
        "bw_agg" : 0.000000,
        "bw_mean" : 0.000000,
        "bw_dev" : 0.000000,
        "bw_samples" : 0,
        "iops_min" : 0,
        "iops_max" : 0,
        "iops_mean" : 0.000000,
        "iops_stddev" : 0.000000,
        "iops_samples" : 0
      },
      "sync" : {
        "total_ios" : 0,
        "lat_ns" : {
          "min" : 0,
          "max" : 0,
          "mean" : 0.000000,
          "stddev" : 0.000000,
          "N" : 0
        }
      },
      "job_runtime" : 925,
      "usr_cpu" : 2.594595,
      "sys_cpu" : 27.027027,
      "ctx" : 1473,
      "majf" : 0,
      "minf" : 30,
      "iodepth_level" : {
        "1" : 100.000000,
        "2" : 0.000000,
        "4" : 0.000000,
        "8" : 0.000000,
        "16" : 0.000000,
        "32" : 0.000000,
        ">=64" : 0.000000
      },
      "iodepth_submit" : {
        "0" : 0.000000,
        "4" : 100.000000,
        "8" : 0.000000,
        "16" : 0.000000,
        "32" : 0.000000,
        "64" : 0.000000,
        ">=64" : 0.000000
      },
      "iodepth_complete" : {
        "0" : 0.000000,
        "4" : 100.000000,
        "8" : 0.000000,
        "16" : 0.000000,
        "32" : 0.000000,
        "64" : 0.000000,
        ">=64" : 0.000000
      },
      "latency_ns" : {
        "2" : 0.000000,
        "4" : 0.000000,
        "10" : 0.000000,
        "20" : 0.000000,
        "50" : 0.000000,
        "100" : 0.000000,
        "250" : 0.000000,
        "500" : 0.000000,
        "750" : 0.000000,
        "1000" : 0.000000
      },
      "latency_us" : {
        "2" : 0.000000,
        "4" : 0.000000,
        "10" : 0.000000,
        "20" : 0.000000,
        "50" : 0.000000,
        "100" : 1.757812,
        "250" : 28.271484,
        "500" : 52.441406,
        "750" : 11.816406,
        "1000" : 0.146484
      },
      "latency_ms" : {
        "2" : 1.904297,
        "4" : 3.613281,
        "10" : 0.048828,
        "20" : 0.000000,
        "50" : 0.000000,
        "100" : 0.000000,
        "250" : 0.000000,
        "500" : 0.000000,
        "750" : 0.000000,
        "1000" : 0.000000,
        "2000" : 0.000000,
        ">=2000" : 0.000000
      },
      "latency_depth" : 1,
      "latency_target" : 0,
      "latency_percentile" : 100.000000,
      "latency_window" : 0
    }
  ]
}
