{
  "fio version" : "fio-3.38",
  "timestamp" : 1729844202,
  "timestamp_ms" : 1729844202149,
  "time" : "Fri Oct 25 10:16:42 2024",
  "jobs" : [
    {
      "jobname" : "Exo2_bs_128k_rep_2",
      "groupid" : 0,
      "job_start" : 1729844200635,
      "error" : 0,
      "eta" : 2147483647,
      "elapsed" : 2,
      "job options" : {
        "name" : "Exo2_bs_128k_rep_2",
        "runtime" : "60",
        "numjobs" : "1",
        "rwmixwrite" : "33",
        "filesize" : "1G",
        "direct" : "1",
        "rw" : "randrw",
        "bs" : "128k"
      },
      "read" : {
        "io_bytes" : 709623808,
        "io_kbytes" : 692992,
        "bw_bytes" : 496935439,
        "bw" : 485288,
        "iops" : 3791.316527,
        "runtime" : 1428,
        "total_ios" : 5414,
        "short_ios" : 0,
        "drop_ios" : 0,
        "slat_ns" : {
          "min" : 0,
          "max" : 0,
          "mean" : 0.000000,
          "stddev" : 0.000000,
          "N" : 0
        },
        "clat_ns" : {
          "min" : 20000,
          "max" : 6397000,
          "mean" : 112300.701884,
          "stddev" : 275320.719705,
          "N" : 5414,
          "percentile" : {
            "1.000000" : 22912,
            "5.000000" : 25984,
            "10.000000" : 28032,
            "20.000000" : 32128,
            "30.000000" : 34048,
            "40.000000" : 37120,
            "50.000000" : 42240,
            "60.000000" : 44800,
            "70.000000" : 50944,
            "80.000000" : 63232,
            "90.000000" : 325632,
            "95.000000" : 489472,
            "99.000000" : 1597440,
            "99.500000" : 2113536,
            "99.900000" : 2670592,
            "99.950000" : 3948544,
            "99.990000" : 6389760
          }
        },
        "lat_ns" : {
          "min" : 20000,
          "max" : 6397000,
          "mean" : 112800.701884,
          "stddev" : 275331.863965,
          "N" : 5414
        },
        "bw_min" : 400862,
        "bw_max" : 523497,
        "bw_agg" : 95.237984,
        "bw_mean" : 462179.500000,
        "bw_dev" : 86716.040111,
        "bw_samples" : 2,
        "iops_min" : 3131,
        "iops_max" : 4089,
        "iops_mean" : 3610.000000,
        "iops_stddev" : 677.408296,
        "iops_samples" : 2
      },
      "write" : {
        "io_bytes" : 364118016,
        "io_kbytes" : 355584,
        "bw_bytes" : 254984605,
        "bw" : 249008,
        "iops" : 1945.378151,
        "runtime" : 1428,
        "total_ios" : 2778,
        "short_ios" : 0,
        "drop_ios" : 0,
        "slat_ns" : {
          "min" : 0,
          "max" : 0,
          "mean" : 0.000000,
          "stddev" : 0.000000,
          "N" : 0
        },
        "clat_ns" : {
          "min" : 105000,
          "max" : 706000,
          "mean" : 278306.695464,
          "stddev" : 147221.935913,
          "N" : 2778,
          "percentile" : {
            "1.000000" : 130560,
            "5.000000" : 146432,
            "10.000000" : 158720,
            "20.000000" : 175104,
            "30.000000" : 179200,
            "40.000000" : 187392,
            "50.000000" : 203776,
            "60.000000" : 211968,
            "70.000000" : 280576,
            "80.000000" : 481280,
            "90.000000" : 536576,
            "95.000000" : 536576,
            "99.000000" : 552960,
            "99.500000" : 552960,
            "99.900000" : 593920,
            "99.950000" : 593920,
            "99.990000" : 708608
          }
        },
        "lat_ns" : {
          "min" : 107000,
          "max" : 711000,
          "mean" : 282014.398848,
          "stddev" : 147387.094076,
          "N" : 2778
        },
        "bw_min" : 202858,
        "bw_max" : 279760,
        "bw_agg" : 96.907975,
        "bw_mean" : 241309.000000,
        "bw_dev" : 54377.925687,
        "bw_samples" : 2,
        "iops_min" : 1584,
        "iops_max" : 2185,
        "iops_mean" : 1884.500000,
        "iops_stddev" : 424.971175,
        "iops_samples" : 2
      },
      "trim" : {
        "io_bytes" : 0,
        "io_kbytes" : 0,
        "bw_bytes" : 0,
        "bw" : 0,
        "iops" : 0.000000,
        "runtime" : 0,
        "total_ios" : 0,
        "short_ios" : 0,
        "drop_ios" : 0,
        "slat_ns" : {
          "min" : 0,
          "max" : 0,
          "mean" : 0.000000,
          "stddev" : 0.000000,
          "N" : 0
        },
        "clat_ns" : {
          "min" : 0,
          "max" : 0,
          "mean" : 0.000000,
          "stddev" : 0.000000,
          "N" : 0
        },
        "lat_ns" : {
          "min" : 0,
          "max" : 0,
          "mean" : 0.000000,
          "stddev" : 0.000000,
          "N" : 0
        },
        "bw_min" : 0,
        "bw_max" : 0,
        "bw_agg" : 0.000000,
        "bw_mean" : 0.000000,
        "bw_dev" : 0.000000,
        "bw_samples" : 0,
        "iops_min" : 0,
        "iops_max" : 0,
        "iops_mean" : 0.000000,
        "iops_stddev" : 0.000000,
        "iops_samples" : 0
      },
      "sync" : {
        "total_ios" : 0,
        "lat_ns" : {
          "min" : 0,
          "max" : 0,
          "mean" : 0.000000,
          "stddev" : 0.000000,
          "N" : 0
        }
      },
      "job_runtime" : 1427,
      "usr_cpu" : 4.555011,
      "sys_cpu" : 35.809390,
      "ctx" : 3494,
      "majf" : 0,
      "minf" : 31,
      "iodepth_level" : {
        "1" : 100.000000,
        "2" : 0.000000,
        "4" : 0.000000,
        "8" : 0.000000,
        "16" : 0.000000,
        "32" : 0.000000,
        ">=64" : 0.000000
      },
      "iodepth_submit" : {
        "0" : 0.000000,
        "4" : 100.000000,
        "8" : 0.000000,
        "16" : 0.000000,
        "32" : 0.000000,
        "64" : 0.000000,
        ">=64" : 0.000000
      },
      "iodepth_complete" : {
        "0" : 0.000000,
        "4" : 100.000000,
        "8" : 0.000000,
        "16" : 0.000000,
        "32" : 0.000000,
        "64" : 0.000000,
        ">=64" : 0.000000
      },
      "latency_ns" : {
        "2" : 0.000000,
        "4" : 0.000000,
        "10" : 0.000000,
        "20" : 0.000000,
        "50" : 0.000000,
        "100" : 0.000000,
        "250" : 0.000000,
        "500" : 0.000000,
        "750" : 0.000000,
        "1000" : 0.000000
      },
      "latency_us" : {
        "2" : 0.000000,
        "4" : 0.000000,
        "10" : 0.000000,
        "20" : 0.000000,
        "50" : 44.958496,
        "100" : 12.976074,
        "250" : 23.303223,
        "500" : 9.289551,
        "750" : 8.349609,
        "1000" : 0.109863
      },
      "latency_ms" : {
        "2" : 0.610352,
        "4" : 0.378418,
        "10" : 0.024414,
        "20" : 0.000000,
        "50" : 0.000000,
        "100" : 0.000000,
        "250" : 0.000000,
        "500" : 0.000000,
        "750" : 0.000000,
        "1000" : 0.000000,
        "2000" : 0.000000,
        ">=2000" : 0.000000
      },
      "latency_depth" : 1,
      "latency_target" : 0,
      "latency_percentile" : 100.000000,
      "latency_window" : 0
    }
  ]
}
