{
  "fio version" : "fio-3.38",
  "timestamp" : 1729843528,
  "timestamp_ms" : 1729843528846,
  "time" : "Fri Oct 25 10:05:28 2024",
  "jobs" : [
    {
      "jobname" : "Exo2_bs_1k_rep_4",
      "groupid" : 0,
      "job_start" : 1729843468724,
      "error" : 0,
      "eta" : 0,
      "elapsed" : 61,
      "job options" : {
        "name" : "Exo2_bs_1k_rep_4",
        "runtime" : "60",
        "numjobs" : "1",
        "rwmixwrite" : "33",
        "filesize" : "1G",
        "direct" : "1",
        "rw" : "randrw",
        "bs" : "1k"
      },
      "read" : {
        "io_bytes" : 385914880,
        "io_kbytes" : 376870,
        "bw_bytes" : 6431807,
        "bw" : 6281,
        "iops" : 6281.061982,
        "runtime" : 60001,
        "total_ios" : 376870,
        "short_ios" : 0,
        "drop_ios" : 0,
        "slat_ns" : {
          "min" : 0,
          "max" : 0,
          "mean" : 0.000000,
          "stddev" : 0.000000,
          "N" : 0
        },
        "clat_ns" : {
          "min" : 2000,
          "max" : 8825000,
          "mean" : 94026.499854,
          "stddev" : 75591.901944,
          "N" : 376870,
          "percentile" : {
            "1.000000" : 2008,
            "5.000000" : 2992,
            "10.000000" : 2992,
            "20.000000" : 90624,
            "30.000000" : 91648,
            "40.000000" : 95744,
            "50.000000" : 102912,
            "60.000000" : 110080,
            "70.000000" : 112128,
            "80.000000" : 115200,
            "90.000000" : 126464,
            "95.000000" : 148480,
            "99.000000" : 214016,
            "99.500000" : 261120,
            "99.900000" : 1236992,
            "99.950000" : 1466368,
            "99.990000" : 1548288
          }
        },
        "lat_ns" : {
          "min" : 2000,
          "max" : 8825000,
          "mean" : 94252.150609,
          "stddev" : 75598.354476,
          "N" : 376870
        },
        "bw_min" : 4802,
        "bw_max" : 7099,
        "bw_agg" : 100.000000,
        "bw_mean" : 6293.168067,
        "bw_dev" : 329.283231,
        "bw_samples" : 119,
        "iops_min" : 4802,
        "iops_max" : 7099,
        "iops_mean" : 6293.184874,
        "iops_stddev" : 329.298560,
        "iops_samples" : 119
      },
      "write" : {
        "io_bytes" : 190581760,
        "io_kbytes" : 186115,
        "bw_bytes" : 3176309,
        "bw" : 3101,
        "iops" : 3101.864969,
        "runtime" : 60001,
        "total_ios" : 186115,
        "short_ios" : 0,
        "drop_ios" : 0,
        "slat_ns" : {
          "min" : 0,
          "max" : 0,
          "mean" : 0.000000,
          "stddev" : 0.000000,
          "N" : 0
        },
        "clat_ns" : {
          "min" : 10000,
          "max" : 29374000,
          "mean" : 125290.911533,
          "stddev" : 127361.105058,
          "N" : 186115,
          "percentile" : {
            "1.000000" : 22912,
            "5.000000" : 25984,
            "10.000000" : 25984,
            "20.000000" : 112128,
            "30.000000" : 114176,
            "40.000000" : 124416,
            "50.000000" : 130560,
            "60.000000" : 132096,
            "70.000000" : 142336,
            "80.000000" : 158720,
            "90.000000" : 185344,
            "95.000000" : 203776,
            "99.000000" : 259072,
            "99.500000" : 317440,
            "99.900000" : 1286144,
            "99.950000" : 1515520,
            "99.990000" : 2072576
          }
        },
        "lat_ns" : {
          "min" : 10000,
          "max" : 29374000,
          "mean" : 125518.287081,
          "stddev" : 127365.792604,
          "N" : 186115
        },
        "bw_min" : 2432,
        "bw_max" : 3427,
        "bw_agg" : 100.000000,
        "bw_mean" : 3107.478992,
        "bw_dev" : 169.306704,
        "bw_samples" : 119,
        "iops_min" : 2432,
        "iops_max" : 3427,
        "iops_mean" : 3107.478992,
        "iops_stddev" : 169.306704,
        "iops_samples" : 119
      },
      "trim" : {
        "io_bytes" : 0,
        "io_kbytes" : 0,
        "bw_bytes" : 0,
        "bw" : 0,
        "iops" : 0.000000,
        "runtime" : 0,
        "total_ios" : 0,
        "short_ios" : 0,
        "drop_ios" : 0,
        "slat_ns" : {
          "min" : 0,
          "max" : 0,
          "mean" : 0.000000,
          "stddev" : 0.000000,
          "N" : 0
        },
        "clat_ns" : {
          "min" : 0,
          "max" : 0,
          "mean" : 0.000000,
          "stddev" : 0.000000,
          "N" : 0
        },
        "lat_ns" : {
          "min" : 0,
          "max" : 0,
          "mean" : 0.000000,
          "stddev" : 0.000000,
          "N" : 0
        },
        "bw_min" : 0,
        "bw_max" : 0,
        "bw_agg" : 0.000000,
        "bw_mean" : 0.000000,
        "bw_dev" : 0.000000,
        "bw_samples" : 0,
        "iops_min" : 0,
        "iops_max" : 0,
        "iops_mean" : 0.000000,
        "iops_stddev" : 0.000000,
        "iops_samples" : 0
      },
      "sync" : {
        "total_ios" : 0,
        "lat_ns" : {
          "min" : 0,
          "max" : 0,
          "mean" : 0.000000,
          "stddev" : 0.000000,
          "N" : 0
        }
      },
      "job_runtime" : 60000,
      "usr_cpu" : 2.908333,
      "sys_cpu" : 22.850000,
      "ctx" : 461528,
      "majf" : 0,
      "minf" : 33,
      "iodepth_level" : {
        "1" : 100.000000,
        "2" : 0.000000,
        "4" : 0.000000,
        "8" : 0.000000,
        "16" : 0.000000,
        "32" : 0.000000,
        ">=64" : 0.000000
      },
      "iodepth_submit" : {
        "0" : 0.000000,
        "4" : 100.000000,
        "8" : 0.000000,
        "16" : 0.000000,
        "32" : 0.000000,
        "64" : 0.000000,
        ">=64" : 0.000000
      },
      "iodepth_complete" : {
        "0" : 0.000000,
        "4" : 100.000000,
        "8" : 0.000000,
        "16" : 0.000000,
        "32" : 0.000000,
        "64" : 0.000000,
        ">=64" : 0.000000
      },
      "latency_ns" : {
        "2" : 0.000000,
        "4" : 0.000000,
        "10" : 0.000000,
        "20" : 0.000000,
        "50" : 0.000000,
        "100" : 0.000000,
        "250" : 0.000000,
        "500" : 0.000000,
        "750" : 0.000000,
        "1000" : 0.000000
      },
      "latency_us" : {
        "2" : 0.000000,
        "4" : 6.743519,
        "10" : 5.719158,
        "20" : 0.192367,
        "50" : 6.017745,
        "100" : 20.597707,
        "250" : 59.953818,
        "500" : 0.527368,
        "750" : 0.038012,
        "1000" : 0.010000
      },
      "latency_ms" : {
        "2" : 0.202670,
        "4" : 0.010000,
        "10" : 0.010000,
        "20" : 0.000000,
        "50" : 0.010000,
        "100" : 0.000000,
        "250" : 0.000000,
        "500" : 0.000000,
        "750" : 0.000000,
        "1000" : 0.000000,
        "2000" : 0.000000,
        ">=2000" : 0.000000
      },
      "latency_depth" : 1,
      "latency_target" : 0,
      "latency_percentile" : 100.000000,
      "latency_window" : 0
    }
  ]
}
