{
  "fio version" : "fio-3.38",
  "timestamp" : 1729844174,
  "timestamp_ms" : 1729844174595,
  "time" : "Fri Oct 25 10:16:14 2024",
  "jobs" : [
    {
      "jobname" : "Exo2_bs_32k_rep_5",
      "groupid" : 0,
      "job_start" : 1729844169314,
      "error" : 0,
      "eta" : 0,
      "elapsed" : 6,
      "job options" : {
        "name" : "Exo2_bs_32k_rep_5",
        "runtime" : "60",
        "numjobs" : "1",
        "rwmixwrite" : "33",
        "filesize" : "1G",
        "direct" : "1",
        "rw" : "randrw",
        "bs" : "32k"
      },
      "read" : {
        "io_bytes" : 718405632,
        "io_kbytes" : 701568,
        "bw_bytes" : 140505697,
        "bw" : 137212,
        "iops" : 4287.893605,
        "runtime" : 5113,
        "total_ios" : 21924,
        "short_ios" : 0,
        "drop_ios" : 0,
        "slat_ns" : {
          "min" : 0,
          "max" : 0,
          "mean" : 0.000000,
          "stddev" : 0.000000,
          "N" : 0
        },
        "clat_ns" : {
          "min" : 6000,
          "max" : 4901000,
          "mean" : 183813.492063,
          "stddev" : 180230.987327,
          "N" : 21924,
          "percentile" : {
            "1.000000" : 8032,
            "5.000000" : 10048,
            "10.000000" : 10944,
            "20.000000" : 129536,
            "30.000000" : 158720,
            "40.000000" : 175104,
            "50.000000" : 189440,
            "60.000000" : 201728,
            "70.000000" : 214016,
            "80.000000" : 228352,
            "90.000000" : 250880,
            "95.000000" : 276480,
            "99.000000" : 1155072,
            "99.500000" : 1318912,
            "99.900000" : 2072576,
            "99.950000" : 2310144,
            "99.990000" : 4177920
          }
        },
        "lat_ns" : {
          "min" : 6000,
          "max" : 4902000,
          "mean" : 184114.349571,
          "stddev" : 180239.197291,
          "N" : 21924
        },
        "bw_min" : 129916,
        "bw_max" : 156800,
        "bw_agg" : 99.855994,
        "bw_mean" : 137015.900000,
        "bw_dev" : 7762.868906,
        "bw_samples" : 10,
        "iops_min" : 4059,
        "iops_max" : 4900,
        "iops_mean" : 4281.300000,
        "iops_stddev" : 242.745889,
        "iops_samples" : 10
      },
      "write" : {
        "io_bytes" : 355336192,
        "io_kbytes" : 347008,
        "bw_bytes" : 69496614,
        "bw" : 67867,
        "iops" : 2120.868375,
        "runtime" : 5113,
        "total_ios" : 10844,
        "short_ios" : 0,
        "drop_ios" : 0,
        "slat_ns" : {
          "min" : 0,
          "max" : 0,
          "mean" : 0.000000,
          "stddev" : 0.000000,
          "N" : 0
        },
        "clat_ns" : {
          "min" : 58000,
          "max" : 23368000,
          "mean" : 89387.587606,
          "stddev" : 225529.986847,
          "N" : 10844,
          "percentile" : {
            "1.000000" : 60160,
            "5.000000" : 61184,
            "10.000000" : 63232,
            "20.000000" : 66048,
            "30.000000" : 73216,
            "40.000000" : 76288,
            "50.000000" : 85504,
            "60.000000" : 87552,
            "70.000000" : 90624,
            "80.000000" : 99840,
            "90.000000" : 114176,
            "95.000000" : 128512,
            "99.000000" : 183296,
            "99.500000" : 207872,
            "99.900000" : 350208,
            "99.950000" : 561152,
            "99.990000" : 954368
          }
        },
        "lat_ns" : {
          "min" : 59000,
          "max" : 23369000,
          "mean" : 90311.969753,
          "stddev" : 225552.721992,
          "N" : 10844
        },
        "bw_min" : 62611,
        "bw_max" : 74112,
        "bw_agg" : 99.542070,
        "bw_mean" : 67557.200000,
        "bw_dev" : 3085.878222,
        "bw_samples" : 10,
        "iops_min" : 1956,
        "iops_max" : 2316,
        "iops_mean" : 2110.600000,
        "iops_stddev" : 96.558790,
        "iops_samples" : 10
      },
      "trim" : {
        "io_bytes" : 0,
        "io_kbytes" : 0,
        "bw_bytes" : 0,
        "bw" : 0,
        "iops" : 0.000000,
        "runtime" : 0,
        "total_ios" : 0,
        "short_ios" : 0,
        "drop_ios" : 0,
        "slat_ns" : {
          "min" : 0,
          "max" : 0,
          "mean" : 0.000000,
          "stddev" : 0.000000,
          "N" : 0
        },
        "clat_ns" : {
          "min" : 0,
          "max" : 0,
          "mean" : 0.000000,
          "stddev" : 0.000000,
          "N" : 0
        },
        "lat_ns" : {
          "min" : 0,
          "max" : 0,
          "mean" : 0.000000,
          "stddev" : 0.000000,
          "N" : 0
        },
        "bw_min" : 0,
        "bw_max" : 0,
        "bw_agg" : 0.000000,
        "bw_mean" : 0.000000,
        "bw_dev" : 0.000000,
        "bw_samples" : 0,
        "iops_min" : 0,
        "iops_max" : 0,
        "iops_mean" : 0.000000,
        "iops_stddev" : 0.000000,
        "iops_samples" : 0
      },
      "sync" : {
        "total_ios" : 0,
        "lat_ns" : {
          "min" : 0,
          "max" : 0,
          "mean" : 0.000000,
          "stddev" : 0.000000,
          "N" : 0
        }
      },
      "job_runtime" : 5112,
      "usr_cpu" : 2.992958,
      "sys_cpu" : 22.143975,
      "ctx" : 29032,
      "majf" : 0,
      "minf" : 31,
      "iodepth_level" : {
        "1" : 100.000000,
        "2" : 0.000000,
        "4" : 0.000000,
        "8" : 0.000000,
        "16" : 0.000000,
        "32" : 0.000000,
        ">=64" : 0.000000
      },
      "iodepth_submit" : {
        "0" : 0.000000,
        "4" : 100.000000,
        "8" : 0.000000,
        "16" : 0.000000,
        "32" : 0.000000,
        "64" : 0.000000,
        ">=64" : 0.000000
      },
      "iodepth_complete" : {
        "0" : 0.000000,
        "4" : 100.000000,
        "8" : 0.000000,
        "16" : 0.000000,
        "32" : 0.000000,
        "64" : 0.000000,
        ">=64" : 0.000000
      },
      "latency_ns" : {
        "2" : 0.000000,
        "4" : 0.000000,
        "10" : 0.000000,
        "20" : 0.000000,
        "50" : 0.000000,
        "100" : 0.000000,
        "250" : 0.000000,
        "500" : 0.000000,
        "750" : 0.000000,
        "1000" : 0.000000
      },
      "latency_us" : {
        "2" : 0.000000,
        "4" : 0.000000,
        "10" : 3.250122,
        "20" : 9.219360,
        "50" : 0.732422,
        "100" : 26.300049,
        "250" : 53.414917,
        "500" : 5.923462,
        "750" : 0.073242,
        "1000" : 0.125122
      },
      "latency_ms" : {
        "2" : 0.878906,
        "4" : 0.064087,
        "10" : 0.015259,
        "20" : 0.000000,
        "50" : 0.010000,
        "100" : 0.000000,
        "250" : 0.000000,
        "500" : 0.000000,
        "750" : 0.000000,
        "1000" : 0.000000,
        "2000" : 0.000000,
        ">=2000" : 0.000000
      },
      "latency_depth" : 1,
      "latency_target" : 0,
      "latency_percentile" : 100.000000,
      "latency_window" : 0
    }
  ]
}
