{
  "fio version" : "fio-3.38",
  "timestamp" : 1729844161,
  "timestamp_ms" : 1729844161654,
  "time" : "Fri Oct 25 10:16:01 2024",
  "jobs" : [
    {
      "jobname" : "Exo2_bs_32k_rep_3",
      "groupid" : 0,
      "job_start" : 1729844156352,
      "error" : 0,
      "eta" : 0,
      "elapsed" : 6,
      "job options" : {
        "name" : "Exo2_bs_32k_rep_3",
        "runtime" : "60",
        "numjobs" : "1",
        "rwmixwrite" : "33",
        "filesize" : "1G",
        "direct" : "1",
        "rw" : "randrw",
        "bs" : "32k"
      },
      "read" : {
        "io_bytes" : 718405632,
        "io_kbytes" : 701568,
        "bw_bytes" : 138181502,
        "bw" : 134942,
        "iops" : 4216.964801,
        "runtime" : 5199,
        "total_ios" : 21924,
        "short_ios" : 0,
        "drop_ios" : 0,
        "slat_ns" : {
          "min" : 0,
          "max" : 0,
          "mean" : 0.000000,
          "stddev" : 0.000000,
          "N" : 0
        },
        "clat_ns" : {
          "min" : 6000,
          "max" : 4793000,
          "mean" : 187603.448276,
          "stddev" : 177870.135189,
          "N" : 21924,
          "percentile" : {
            "1.000000" : 8032,
            "5.000000" : 10048,
            "10.000000" : 11968,
            "20.000000" : 17024,
            "30.000000" : 171008,
            "40.000000" : 187392,
            "50.000000" : 201728,
            "60.000000" : 214016,
            "70.000000" : 224256,
            "80.000000" : 236544,
            "90.000000" : 254976,
            "95.000000" : 276480,
            "99.000000" : 1138688,
            "99.500000" : 1351680,
            "99.900000" : 2039808,
            "99.950000" : 2310144,
            "99.990000" : 3948544
          }
        },
        "lat_ns" : {
          "min" : 6000,
          "max" : 4794000,
          "mean" : 187938.651706,
          "stddev" : 177881.176425,
          "N" : 21924
        },
        "bw_min" : 127936,
        "bw_max" : 138475,
        "bw_agg" : 99.891159,
        "bw_mean" : 134796.100000,
        "bw_dev" : 3055.336841,
        "bw_samples" : 10,
        "iops_min" : 3998,
        "iops_max" : 4327,
        "iops_mean" : 4212.000000,
        "iops_stddev" : 95.340326,
        "iops_samples" : 10
      },
      "write" : {
        "io_bytes" : 355336192,
        "io_kbytes" : 347008,
        "bw_bytes" : 68347026,
        "bw" : 66745,
        "iops" : 2085.785728,
        "runtime" : 5199,
        "total_ios" : 10844,
        "short_ios" : 0,
        "drop_ios" : 0,
        "slat_ns" : {
          "min" : 0,
          "max" : 0,
          "mean" : 0.000000,
          "stddev" : 0.000000,
          "N" : 0
        },
        "clat_ns" : {
          "min" : 59000,
          "max" : 1965000,
          "mean" : 89268.258945,
          "stddev" : 38309.585384,
          "N" : 10844,
          "percentile" : {
            "1.000000" : 61184,
            "5.000000" : 63232,
            "10.000000" : 64768,
            "20.000000" : 71168,
            "30.000000" : 75264,
            "40.000000" : 84480,
            "50.000000" : 87552,
            "60.000000" : 88576,
            "70.000000" : 91648,
            "80.000000" : 98816,
            "90.000000" : 114176,
            "95.000000" : 127488,
            "99.000000" : 175104,
            "99.500000" : 197632,
            "99.900000" : 296960,
            "99.950000" : 626688,
            "99.990000" : 1843200
          }
        },
        "lat_ns" : {
          "min" : 59000,
          "max" : 1966000,
          "mean" : 90198.174105,
          "stddev" : 38424.219595,
          "N" : 10844
        },
        "bw_min" : 63053,
        "bw_max" : 70642,
        "bw_agg" : 99.673171,
        "bw_mean" : 66527.800000,
        "bw_dev" : 2135.227950,
        "bw_samples" : 10,
        "iops_min" : 1970,
        "iops_max" : 2207,
        "iops_mean" : 2078.500000,
        "iops_stddev" : 66.682082,
        "iops_samples" : 10
      },
      "trim" : {
        "io_bytes" : 0,
        "io_kbytes" : 0,
        "bw_bytes" : 0,
        "bw" : 0,
        "iops" : 0.000000,
        "runtime" : 0,
        "total_ios" : 0,
        "short_ios" : 0,
        "drop_ios" : 0,
        "slat_ns" : {
          "min" : 0,
          "max" : 0,
          "mean" : 0.000000,
          "stddev" : 0.000000,
          "N" : 0
        },
        "clat_ns" : {
          "min" : 0,
          "max" : 0,
          "mean" : 0.000000,
          "stddev" : 0.000000,
          "N" : 0
        },
        "lat_ns" : {
          "min" : 0,
          "max" : 0,
          "mean" : 0.000000,
          "stddev" : 0.000000,
          "N" : 0
        },
        "bw_min" : 0,
        "bw_max" : 0,
        "bw_agg" : 0.000000,
        "bw_mean" : 0.000000,
        "bw_dev" : 0.000000,
        "bw_samples" : 0,
        "iops_min" : 0,
        "iops_max" : 0,
        "iops_mean" : 0.000000,
        "iops_stddev" : 0.000000,
        "iops_samples" : 0
      },
      "sync" : {
        "total_ios" : 0,
        "lat_ns" : {
          "min" : 0,
          "max" : 0,
          "mean" : 0.000000,
          "stddev" : 0.000000,
          "N" : 0
        }
      },
      "job_runtime" : 5198,
      "usr_cpu" : 3.078107,
      "sys_cpu" : 22.354752,
      "ctx" : 28483,
      "majf" : 0,
      "minf" : 31,
      "iodepth_level" : {
        "1" : 100.000000,
        "2" : 0.000000,
        "4" : 0.000000,
        "8" : 0.000000,
        "16" : 0.000000,
        "32" : 0.000000,
        ">=64" : 0.000000
      },
      "iodepth_submit" : {
        "0" : 0.000000,
        "4" : 100.000000,
        "8" : 0.000000,
        "16" : 0.000000,
        "32" : 0.000000,
        "64" : 0.000000,
        ">=64" : 0.000000
      },
      "iodepth_complete" : {
        "0" : 0.000000,
        "4" : 100.000000,
        "8" : 0.000000,
        "16" : 0.000000,
        "32" : 0.000000,
        "64" : 0.000000,
        ">=64" : 0.000000
      },
      "latency_ns" : {
        "2" : 0.000000,
        "4" : 0.000000,
        "10" : 0.000000,
        "20" : 0.000000,
        "50" : 0.000000,
        "100" : 0.000000,
        "250" : 0.000000,
        "500" : 0.000000,
        "750" : 0.000000,
        "1000" : 0.000000
      },
      "latency_us" : {
        "2" : 0.000000,
        "4" : 0.000000,
        "10" : 2.719116,
        "20" : 11.227417,
        "50" : 0.476074,
        "100" : 26.705933,
        "250" : 50.485229,
        "500" : 7.290649,
        "750" : 0.082397,
        "1000" : 0.088501
      },
      "latency_ms" : {
        "2" : 0.854492,
        "4" : 0.064087,
        "10" : 0.010000,
        "20" : 0.000000,
        "50" : 0.000000,
        "100" : 0.000000,
        "250" : 0.000000,
        "500" : 0.000000,
        "750" : 0.000000,
        "1000" : 0.000000,
        "2000" : 0.000000,
        ">=2000" : 0.000000
      },
      "latency_depth" : 1,
      "latency_target" : 0,
      "latency_percentile" : 100.000000,
      "latency_window" : 0
    }
  ]
}
