{
  "fio version" : "fio-3.38",
  "timestamp" : 1729844204,
  "timestamp_ms" : 1729844204768,
  "time" : "Fri Oct 25 10:16:44 2024",
  "jobs" : [
    {
      "jobname" : "Exo2_bs_128k_rep_3",
      "groupid" : 0,
      "job_start" : 1729844203051,
      "error" : 0,
      "eta" : 2147483647,
      "elapsed" : 2,
      "job options" : {
        "name" : "Exo2_bs_128k_rep_3",
        "runtime" : "60",
        "numjobs" : "1",
        "rwmixwrite" : "33",
        "filesize" : "1G",
        "direct" : "1",
        "rw" : "randrw",
        "bs" : "128k"
      },
      "read" : {
        "io_bytes" : 709623808,
        "io_kbytes" : 692992,
        "bw_bytes" : 429034950,
        "bw" : 418979,
        "iops" : 3273.276904,
        "runtime" : 1654,
        "total_ios" : 5414,
        "short_ios" : 0,
        "drop_ios" : 0,
        "slat_ns" : {
          "min" : 0,
          "max" : 0,
          "mean" : 0.000000,
          "stddev" : 0.000000,
          "N" : 0
        },
        "clat_ns" : {
          "min" : 20000,
          "max" : 3840000,
          "mean" : 107716.660510,
          "stddev" : 245552.986609,
          "N" : 5414,
          "percentile" : {
            "1.000000" : 23936,
            "5.000000" : 27008,
            "10.000000" : 28032,
            "20.000000" : 32128,
            "30.000000" : 34048,
            "40.000000" : 42240,
            "50.000000" : 43776,
            "60.000000" : 45824,
            "70.000000" : 52992,
            "80.000000" : 68096,
            "90.000000" : 276480,
            "95.000000" : 602112,
            "99.000000" : 1286144,
            "99.500000" : 1728512,
            "99.900000" : 2867200,
            "99.950000" : 3293184,
            "99.990000" : 3850240
          }
        },
        "lat_ns" : {
          "min" : 20000,
          "max" : 3840000,
          "mean" : 108213.335796,
          "stddev" : 245581.299929,
          "N" : 5414
        },
        "bw_min" : 388266,
        "bw_max" : 430110,
        "bw_agg" : 96.904277,
        "bw_mean" : 406009.333333,
        "bw_dev" : 21634.274874,
        "bw_samples" : 3,
        "iops_min" : 3033,
        "iops_max" : 3360,
        "iops_mean" : 3171.666667,
        "iops_stddev" : 169.063105,
        "iops_samples" : 3
      },
      "write" : {
        "io_bytes" : 364118016,
        "io_kbytes" : 355584,
        "bw_bytes" : 220143903,
        "bw" : 214984,
        "iops" : 1679.564692,
        "runtime" : 1654,
        "total_ios" : 2778,
        "short_ios" : 0,
        "drop_ios" : 0,
        "slat_ns" : {
          "min" : 0,
          "max" : 0,
          "mean" : 0.000000,
          "stddev" : 0.000000,
          "N" : 0
        },
        "clat_ns" : {
          "min" : 101000,
          "max" : 748000,
          "mean" : 365891.648668,
          "stddev" : 166018.555421,
          "N" : 2778,
          "percentile" : {
            "1.000000" : 115200,
            "5.000000" : 132096,
            "10.000000" : 138240,
            "20.000000" : 175104,
            "30.000000" : 201728,
            "40.000000" : 288768,
            "50.000000" : 436224,
            "60.000000" : 481280,
            "70.000000" : 528384,
            "80.000000" : 536576,
            "90.000000" : 536576,
            "95.000000" : 544768,
            "99.000000" : 544768,
            "99.500000" : 552960,
            "99.900000" : 626688,
            "99.950000" : 716800,
            "99.990000" : 749568
          }
        },
        "lat_ns" : {
          "min" : 103000,
          "max" : 754000,
          "mean" : 369292.296616,
          "stddev" : 166404.867712,
          "N" : 2778
        },
        "bw_min" : 205254,
        "bw_max" : 217952,
        "bw_agg" : 97.566668,
        "bw_mean" : 209753.333333,
        "bw_dev" : 7111.511888,
        "bw_samples" : 3,
        "iops_min" : 1603,
        "iops_max" : 1702,
        "iops_mean" : 1638.000000,
        "iops_stddev" : 55.506756,
        "iops_samples" : 3
      },
      "trim" : {
        "io_bytes" : 0,
        "io_kbytes" : 0,
        "bw_bytes" : 0,
        "bw" : 0,
        "iops" : 0.000000,
        "runtime" : 0,
        "total_ios" : 0,
        "short_ios" : 0,
        "drop_ios" : 0,
        "slat_ns" : {
          "min" : 0,
          "max" : 0,
          "mean" : 0.000000,
          "stddev" : 0.000000,
          "N" : 0
        },
        "clat_ns" : {
          "min" : 0,
          "max" : 0,
          "mean" : 0.000000,
          "stddev" : 0.000000,
          "N" : 0
        },
        "lat_ns" : {
          "min" : 0,
          "max" : 0,
          "mean" : 0.000000,
          "stddev" : 0.000000,
          "N" : 0
        },
        "bw_min" : 0,
        "bw_max" : 0,
        "bw_agg" : 0.000000,
        "bw_mean" : 0.000000,
        "bw_dev" : 0.000000,
        "bw_samples" : 0,
        "iops_min" : 0,
        "iops_max" : 0,
        "iops_mean" : 0.000000,
        "iops_stddev" : 0.000000,
        "iops_samples" : 0
      },
      "sync" : {
        "total_ios" : 0,
        "lat_ns" : {
          "min" : 0,
          "max" : 0,
          "mean" : 0.000000,
          "stddev" : 0.000000,
          "N" : 0
        }
      },
      "job_runtime" : 1654,
      "usr_cpu" : 4.836759,
      "sys_cpu" : 36.940750,
      "ctx" : 3377,
      "majf" : 0,
      "minf" : 30,
      "iodepth_level" : {
        "1" : 100.000000,
        "2" : 0.000000,
        "4" : 0.000000,
        "8" : 0.000000,
        "16" : 0.000000,
        "32" : 0.000000,
        ">=64" : 0.000000
      },
      "iodepth_submit" : {
        "0" : 0.000000,
        "4" : 100.000000,
        "8" : 0.000000,
        "16" : 0.000000,
        "32" : 0.000000,
        "64" : 0.000000,
        ">=64" : 0.000000
      },
      "iodepth_complete" : {
        "0" : 0.000000,
        "4" : 100.000000,
        "8" : 0.000000,
        "16" : 0.000000,
        "32" : 0.000000,
        "64" : 0.000000,
        ">=64" : 0.000000
      },
      "latency_ns" : {
        "2" : 0.000000,
        "4" : 0.000000,
        "10" : 0.000000,
        "20" : 0.000000,
        "50" : 0.000000,
        "100" : 0.000000,
        "250" : 0.000000,
        "500" : 0.000000,
        "750" : 0.000000,
        "1000" : 0.000000
      },
      "latency_us" : {
        "2" : 0.000000,
        "4" : 0.000000,
        "10" : 0.000000,
        "20" : 0.000000,
        "50" : 43.640137,
        "100" : 15.600586,
        "250" : 13.012695,
        "500" : 10.888672,
        "750" : 15.905762,
        "1000" : 0.109863
      },
      "latency_ms" : {
        "2" : 0.622559,
        "4" : 0.219727,
        "10" : 0.000000,
        "20" : 0.000000,
        "50" : 0.000000,
        "100" : 0.000000,
        "250" : 0.000000,
        "500" : 0.000000,
        "750" : 0.000000,
        "1000" : 0.000000,
        "2000" : 0.000000,
        ">=2000" : 0.000000
      },
      "latency_depth" : 1,
      "latency_target" : 0,
      "latency_percentile" : 100.000000,
      "latency_window" : 0
    }
  ]
}
