{
  "fio version" : "fio-3.38",
  "timestamp" : 1729844081,
  "timestamp_ms" : 1729844081831,
  "time" : "Fri Oct 25 10:14:41 2024",
  "jobs" : [
    {
      "jobname" : "Exo2_bs_8k_rep_4",
      "groupid" : 0,
      "job_start" : 1729844070452,
      "error" : 0,
      "eta" : 0,
      "elapsed" : 12,
      "job options" : {
        "name" : "Exo2_bs_8k_rep_4",
        "runtime" : "60",
        "numjobs" : "1",
        "rwmixwrite" : "33",
        "filesize" : "1G",
        "direct" : "1",
        "rw" : "randrw",
        "bs" : "8k"
      },
      "read" : {
        "io_bytes" : 719708160,
        "io_kbytes" : 702840,
        "bw_bytes" : 64536241,
        "bw" : 63023,
        "iops" : 7877.959110,
        "runtime" : 11152,
        "total_ios" : 87855,
        "short_ios" : 0,
        "drop_ios" : 0,
        "slat_ns" : {
          "min" : 0,
          "max" : 0,
          "mean" : 0.000000,
          "stddev" : 0.000000,
          "N" : 0
        },
        "clat_ns" : {
          "min" : 2000,
          "max" : 5355000,
          "mean" : 108574.856297,
          "stddev" : 106901.364005,
          "N" : 87855,
          "percentile" : {
            "1.000000" : 2992,
            "5.000000" : 4016,
            "10.000000" : 4016,
            "20.000000" : 5024,
            "30.000000" : 103936,
            "40.000000" : 110080,
            "50.000000" : 122368,
            "60.000000" : 127488,
            "70.000000" : 132096,
            "80.000000" : 148480,
            "90.000000" : 160768,
            "95.000000" : 177152,
            "99.000000" : 254976,
            "99.500000" : 403456,
            "99.900000" : 1515520,
            "99.950000" : 1744896,
            "99.990000" : 2408448
          }
        },
        "lat_ns" : {
          "min" : 3000,
          "max" : 5356000,
          "mean" : 108754.504581,
          "stddev" : 106910.450444,
          "N" : 87855
        },
        "bw_min" : 54960,
        "bw_max" : 65488,
        "bw_agg" : 99.876756,
        "bw_mean" : 62946.636364,
        "bw_dev" : 2397.917738,
        "bw_samples" : 22,
        "iops_min" : 6870,
        "iops_max" : 8186,
        "iops_mean" : 7868.045455,
        "iops_stddev" : 299.613636,
        "iops_samples" : 22
      },
      "write" : {
        "io_bytes" : 354033664,
        "io_kbytes" : 345736,
        "bw_bytes" : 31746203,
        "bw" : 31002,
        "iops" : 3875.269010,
        "runtime" : 11152,
        "total_ios" : 43217,
        "short_ios" : 0,
        "drop_ios" : 0,
        "slat_ns" : {
          "min" : 0,
          "max" : 0,
          "mean" : 0.000000,
          "stddev" : 0.000000,
          "N" : 0
        },
        "clat_ns" : {
          "min" : 10000,
          "max" : 28690000,
          "mean" : 31680.195294,
          "stddev" : 147174.294238,
          "N" : 43217,
          "percentile" : {
            "1.000000" : 17024,
            "5.000000" : 24960,
            "10.000000" : 25984,
            "20.000000" : 27008,
            "30.000000" : 28032,
            "40.000000" : 29056,
            "50.000000" : 30080,
            "60.000000" : 30080,
            "70.000000" : 31104,
            "80.000000" : 32128,
            "90.000000" : 35072,
            "95.000000" : 42752,
            "99.000000" : 57088,
            "99.500000" : 64768,
            "99.900000" : 97792,
            "99.950000" : 122368,
            "99.990000" : 1220608
          }
        },
        "lat_ns" : {
          "min" : 10000,
          "max" : 28691000,
          "mean" : 31964.921212,
          "stddev" : 147182.675531,
          "N" : 43217
        },
        "bw_min" : 26236,
        "bw_max" : 33365,
        "bw_agg" : 99.915647,
        "bw_mean" : 30976.727273,
        "bw_dev" : 1547.246438,
        "bw_samples" : 22,
        "iops_min" : 3279,
        "iops_max" : 4170,
        "iops_mean" : 3871.772727,
        "iops_stddev" : 193.441989,
        "iops_samples" : 22
      },
      "trim" : {
        "io_bytes" : 0,
        "io_kbytes" : 0,
        "bw_bytes" : 0,
        "bw" : 0,
        "iops" : 0.000000,
        "runtime" : 0,
        "total_ios" : 0,
        "short_ios" : 0,
        "drop_ios" : 0,
        "slat_ns" : {
          "min" : 0,
          "max" : 0,
          "mean" : 0.000000,
          "stddev" : 0.000000,
          "N" : 0
        },
        "clat_ns" : {
          "min" : 0,
          "max" : 0,
          "mean" : 0.000000,
          "stddev" : 0.000000,
          "N" : 0
        },
        "lat_ns" : {
          "min" : 0,
          "max" : 0,
          "mean" : 0.000000,
          "stddev" : 0.000000,
          "N" : 0
        },
        "bw_min" : 0,
        "bw_max" : 0,
        "bw_agg" : 0.000000,
        "bw_mean" : 0.000000,
        "bw_dev" : 0.000000,
        "bw_samples" : 0,
        "iops_min" : 0,
        "iops_max" : 0,
        "iops_mean" : 0.000000,
        "iops_stddev" : 0.000000,
        "iops_samples" : 0
      },
      "sync" : {
        "total_ios" : 0,
        "lat_ns" : {
          "min" : 0,
          "max" : 0,
          "mean" : 0.000000,
          "stddev" : 0.000000,
          "N" : 0
        }
      },
      "job_runtime" : 11151,
      "usr_cpu" : 3.210474,
      "sys_cpu" : 24.132365,
      "ctx" : 67890,
      "majf" : 0,
      "minf" : 38,
      "iodepth_level" : {
        "1" : 100.000000,
        "2" : 0.000000,
        "4" : 0.000000,
        "8" : 0.000000,
        "16" : 0.000000,
        "32" : 0.000000,
        ">=64" : 0.000000
      },
      "iodepth_submit" : {
        "0" : 0.000000,
        "4" : 100.000000,
        "8" : 0.000000,
        "16" : 0.000000,
        "32" : 0.000000,
        "64" : 0.000000,
        ">=64" : 0.000000
      },
      "iodepth_complete" : {
        "0" : 0.000000,
        "4" : 100.000000,
        "8" : 0.000000,
        "16" : 0.000000,
        "32" : 0.000000,
        "64" : 0.000000,
        ">=64" : 0.000000
      },
      "latency_ns" : {
        "2" : 0.000000,
        "4" : 0.000000,
        "10" : 0.000000,
        "20" : 0.000000,
        "50" : 0.000000,
        "100" : 0.000000,
        "250" : 0.000000,
        "500" : 0.000000,
        "750" : 0.000000,
        "1000" : 0.000000
      },
      "latency_us" : {
        "2" : 0.000000,
        "4" : 2.027130,
        "10" : 13.785553,
        "20" : 0.449371,
        "50" : 31.876373,
        "100" : 1.298523,
        "250" : 49.828339,
        "500" : 0.431824,
        "750" : 0.017548,
        "1000" : 0.014496
      },
      "latency_ms" : {
        "2" : 0.246429,
        "4" : 0.022125,
        "10" : 0.010000,
        "20" : 0.010000,
        "50" : 0.010000,
        "100" : 0.000000,
        "250" : 0.000000,
        "500" : 0.000000,
        "750" : 0.000000,
        "1000" : 0.000000,
        "2000" : 0.000000,
        ">=2000" : 0.000000
      },
      "latency_depth" : 1,
      "latency_target" : 0,
      "latency_percentile" : 100.000000,
      "latency_window" : 0
    }
  ]
}
