{
  "fio version" : "fio-3.38",
  "timestamp" : 1729844103,
  "timestamp_ms" : 1729844103974,
  "time" : "Fri Oct 25 10:15:03 2024",
  "jobs" : [
    {
      "jobname" : "Exo2_bs_16k_rep_1",
      "groupid" : 0,
      "job_start" : 1729844096417,
      "error" : 0,
      "eta" : 0,
      "elapsed" : 8,
      "job options" : {
        "name" : "Exo2_bs_16k_rep_1",
        "runtime" : "60",
        "numjobs" : "1",
        "rwmixwrite" : "33",
        "filesize" : "1G",
        "direct" : "1",
        "rw" : "randrw",
        "bs" : "16k"
      },
      "read" : {
        "io_bytes" : 719093760,
        "io_kbytes" : 702240,
        "bw_bytes" : 95573333,
        "bw" : 93333,
        "iops" : 5833.333333,
        "runtime" : 7524,
        "total_ios" : 43890,
        "short_ios" : 0,
        "drop_ios" : 0,
        "slat_ns" : {
          "min" : 0,
          "max" : 0,
          "mean" : 0.000000,
          "stddev" : 0.000000,
          "N" : 0
        },
        "clat_ns" : {
          "min" : 4000,
          "max" : 5497000,
          "mean" : 136690.066074,
          "stddev" : 134458.330712,
          "N" : 43890,
          "percentile" : {
            "1.000000" : 5024,
            "5.000000" : 5024,
            "10.000000" : 5984,
            "20.000000" : 8032,
            "30.000000" : 125440,
            "40.000000" : 138240,
            "50.000000" : 144384,
            "60.000000" : 154624,
            "70.000000" : 171008,
            "80.000000" : 181248,
            "90.000000" : 199680,
            "95.000000" : 214016,
            "99.000000" : 280576,
            "99.500000" : 1155072,
            "99.900000" : 1630208,
            "99.950000" : 2113536,
            "99.990000" : 3620864
          }
        },
        "lat_ns" : {
          "min" : 4000,
          "max" : 5498000,
          "mean" : 136921.576669,
          "stddev" : 134466.904151,
          "N" : 43890
        },
        "bw_min" : 86578,
        "bw_max" : 98874,
        "bw_agg" : 99.860357,
        "bw_mean" : 93203.071429,
        "bw_dev" : 3807.623819,
        "bw_samples" : 14,
        "iops_min" : 5411,
        "iops_max" : 6179,
        "iops_mean" : 5824.857143,
        "iops_stddev" : 237.801746,
        "iops_samples" : 14
      },
      "write" : {
        "io_bytes" : 354648064,
        "io_kbytes" : 346336,
        "bw_bytes" : 47135574,
        "bw" : 46030,
        "iops" : 2876.927166,
        "runtime" : 7524,
        "total_ios" : 21646,
        "short_ios" : 0,
        "drop_ios" : 0,
        "slat_ns" : {
          "min" : 0,
          "max" : 0,
          "mean" : 0.000000,
          "stddev" : 0.000000,
          "N" : 0
        },
        "clat_ns" : {
          "min" : 51000,
          "max" : 2877000,
          "mean" : 62831.978195,
          "stddev" : 34477.287983,
          "N" : 21646,
          "percentile" : {
            "1.000000" : 51968,
            "5.000000" : 52992,
            "10.000000" : 54016,
            "20.000000" : 54016,
            "30.000000" : 55040,
            "40.000000" : 55040,
            "50.000000" : 56064,
            "60.000000" : 57088,
            "70.000000" : 60160,
            "80.000000" : 67072,
            "90.000000" : 82432,
            "95.000000" : 90624,
            "99.000000" : 124416,
            "99.500000" : 144384,
            "99.900000" : 218112,
            "99.950000" : 354304,
            "99.990000" : 1826816
          }
        },
        "lat_ns" : {
          "min" : 52000,
          "max" : 2878000,
          "mean" : 63284.994918,
          "stddev" : 34510.545133,
          "N" : 21646
        },
        "bw_min" : 44096,
        "bw_max" : 48314,
        "bw_agg" : 99.828737,
        "bw_mean" : 45952.500000,
        "bw_dev" : 1238.017009,
        "bw_samples" : 14,
        "iops_min" : 2756,
        "iops_max" : 3019,
        "iops_mean" : 2871.714286,
        "iops_stddev" : 77.311984,
        "iops_samples" : 14
      },
      "trim" : {
        "io_bytes" : 0,
        "io_kbytes" : 0,
        "bw_bytes" : 0,
        "bw" : 0,
        "iops" : 0.000000,
        "runtime" : 0,
        "total_ios" : 0,
        "short_ios" : 0,
        "drop_ios" : 0,
        "slat_ns" : {
          "min" : 0,
          "max" : 0,
          "mean" : 0.000000,
          "stddev" : 0.000000,
          "N" : 0
        },
        "clat_ns" : {
          "min" : 0,
          "max" : 0,
          "mean" : 0.000000,
          "stddev" : 0.000000,
          "N" : 0
        },
        "lat_ns" : {
          "min" : 0,
          "max" : 0,
          "mean" : 0.000000,
          "stddev" : 0.000000,
          "N" : 0
        },
        "bw_min" : 0,
        "bw_max" : 0,
        "bw_agg" : 0.000000,
        "bw_mean" : 0.000000,
        "bw_dev" : 0.000000,
        "bw_samples" : 0,
        "iops_min" : 0,
        "iops_max" : 0,
        "iops_mean" : 0.000000,
        "iops_stddev" : 0.000000,
        "iops_samples" : 0
      },
      "sync" : {
        "total_ios" : 0,
        "lat_ns" : {
          "min" : 0,
          "max" : 0,
          "mean" : 0.000000,
          "stddev" : 0.000000,
          "N" : 0
        }
      },
      "job_runtime" : 7523,
      "usr_cpu" : 2.990828,
      "sys_cpu" : 21.214941,
      "ctx" : 56627,
      "majf" : 0,
      "minf" : 31,
      "iodepth_level" : {
        "1" : 100.000000,
        "2" : 0.000000,
        "4" : 0.000000,
        "8" : 0.000000,
        "16" : 0.000000,
        "32" : 0.000000,
        ">=64" : 0.000000
      },
      "iodepth_submit" : {
        "0" : 0.000000,
        "4" : 100.000000,
        "8" : 0.000000,
        "16" : 0.000000,
        "32" : 0.000000,
        "64" : 0.000000,
        ">=64" : 0.000000
      },
      "iodepth_complete" : {
        "0" : 0.000000,
        "4" : 100.000000,
        "8" : 0.000000,
        "16" : 0.000000,
        "32" : 0.000000,
        "64" : 0.000000,
        ">=64" : 0.000000
      },
      "latency_ns" : {
        "2" : 0.000000,
        "4" : 0.000000,
        "10" : 0.000000,
        "20" : 0.000000,
        "50" : 0.000000,
        "100" : 0.000000,
        "250" : 0.000000,
        "500" : 0.000000,
        "750" : 0.000000,
        "1000" : 0.000000
      },
      "latency_us" : {
        "2" : 0.000000,
        "4" : 0.000000,
        "10" : 14.080811,
        "20" : 0.375366,
        "50" : 0.198364,
        "100" : 32.073975,
        "250" : 52.249146,
        "500" : 0.506592,
        "750" : 0.030518,
        "1000" : 0.022888
      },
      "latency_ms" : {
        "2" : 0.424194,
        "4" : 0.032043,
        "10" : 0.010000,
        "20" : 0.000000,
        "50" : 0.000000,
        "100" : 0.000000,
        "250" : 0.000000,
        "500" : 0.000000,
        "750" : 0.000000,
        "1000" : 0.000000,
        "2000" : 0.000000,
        ">=2000" : 0.000000
      },
      "latency_depth" : 1,
      "latency_target" : 0,
      "latency_percentile" : 100.000000,
      "latency_window" : 0
    }
  ]
}
