{
  "fio version" : "fio-3.38",
  "timestamp" : 1729843394,
  "timestamp_ms" : 1729843394050,
  "time" : "Fri Oct 25 10:03:14 2024",
  "jobs" : [
    {
      "jobname" : "Exo2_bs_1k_rep_2",
      "groupid" : 0,
      "job_start" : 1729843333984,
      "error" : 0,
      "eta" : 0,
      "elapsed" : 61,
      "job options" : {
        "name" : "Exo2_bs_1k_rep_2",
        "runtime" : "60",
        "numjobs" : "1",
        "rwmixwrite" : "33",
        "filesize" : "1G",
        "direct" : "1",
        "rw" : "randrw",
        "bs" : "1k"
      },
      "read" : {
        "io_bytes" : 379928576,
        "io_kbytes" : 371024,
        "bw_bytes" : 6332037,
        "bw" : 6183,
        "iops" : 6183.630273,
        "runtime" : 60001,
        "total_ios" : 371024,
        "short_ios" : 0,
        "drop_ios" : 0,
        "slat_ns" : {
          "min" : 0,
          "max" : 0,
          "mean" : 0.000000,
          "stddev" : 0.000000,
          "N" : 0
        },
        "clat_ns" : {
          "min" : 2000,
          "max" : 5687000,
          "mean" : 94457.954202,
          "stddev" : 76492.810466,
          "N" : 371024,
          "percentile" : {
            "1.000000" : 2008,
            "5.000000" : 2992,
            "10.000000" : 4016,
            "20.000000" : 90624,
            "30.000000" : 92672,
            "40.000000" : 95744,
            "50.000000" : 102912,
            "60.000000" : 110080,
            "70.000000" : 112128,
            "80.000000" : 115200,
            "90.000000" : 128512,
            "95.000000" : 152576,
            "99.000000" : 226304,
            "99.500000" : 272384,
            "99.900000" : 1236992,
            "99.950000" : 1482752,
            "99.990000" : 1597440
          }
        },
        "lat_ns" : {
          "min" : 2000,
          "max" : 5687000,
          "mean" : 94678.996507,
          "stddev" : 76502.791467,
          "N" : 371024
        },
        "bw_min" : 4160,
        "bw_max" : 6870,
        "bw_agg" : 100.000000,
        "bw_mean" : 6191.537815,
        "bw_dev" : 442.188831,
        "bw_samples" : 119,
        "iops_min" : 4160,
        "iops_max" : 6870,
        "iops_mean" : 6191.537815,
        "iops_stddev" : 442.249772,
        "iops_samples" : 119
      },
      "write" : {
        "io_bytes" : 187702272,
        "io_kbytes" : 183303,
        "bw_bytes" : 3128319,
        "bw" : 3054,
        "iops" : 3054.999083,
        "runtime" : 60001,
        "total_ios" : 183303,
        "short_ios" : 0,
        "drop_ios" : 0,
        "slat_ns" : {
          "min" : 0,
          "max" : 0,
          "mean" : 0.000000,
          "stddev" : 0.000000,
          "N" : 0
        },
        "clat_ns" : {
          "min" : 11000,
          "max" : 26532000,
          "mean" : 129153.865458,
          "stddev" : 119799.485424,
          "N" : 183303,
          "percentile" : {
            "1.000000" : 22912,
            "5.000000" : 25984,
            "10.000000" : 25984,
            "20.000000" : 112128,
            "30.000000" : 114176,
            "40.000000" : 127488,
            "50.000000" : 132096,
            "60.000000" : 138240,
            "70.000000" : 146432,
            "80.000000" : 164864,
            "90.000000" : 193536,
            "95.000000" : 209920,
            "99.000000" : 272384,
            "99.500000" : 321536,
            "99.900000" : 1269760,
            "99.950000" : 1499136,
            "99.990000" : 1662976
          }
        },
        "lat_ns" : {
          "min" : 11000,
          "max" : 26532000,
          "mean" : 129386.927655,
          "stddev" : 119807.949754,
          "N" : 183303
        },
        "bw_min" : 2154,
        "bw_max" : 3336,
        "bw_agg" : 100.000000,
        "bw_mean" : 3059.621849,
        "bw_dev" : 206.392706,
        "bw_samples" : 119,
        "iops_min" : 2154,
        "iops_max" : 3336,
        "iops_mean" : 3059.621849,
        "iops_stddev" : 206.392706,
        "iops_samples" : 119
      },
      "trim" : {
        "io_bytes" : 0,
        "io_kbytes" : 0,
        "bw_bytes" : 0,
        "bw" : 0,
        "iops" : 0.000000,
        "runtime" : 0,
        "total_ios" : 0,
        "short_ios" : 0,
        "drop_ios" : 0,
        "slat_ns" : {
          "min" : 0,
          "max" : 0,
          "mean" : 0.000000,
          "stddev" : 0.000000,
          "N" : 0
        },
        "clat_ns" : {
          "min" : 0,
          "max" : 0,
          "mean" : 0.000000,
          "stddev" : 0.000000,
          "N" : 0
        },
        "lat_ns" : {
          "min" : 0,
          "max" : 0,
          "mean" : 0.000000,
          "stddev" : 0.000000,
          "N" : 0
        },
        "bw_min" : 0,
        "bw_max" : 0,
        "bw_agg" : 0.000000,
        "bw_mean" : 0.000000,
        "bw_dev" : 0.000000,
        "bw_samples" : 0,
        "iops_min" : 0,
        "iops_max" : 0,
        "iops_mean" : 0.000000,
        "iops_stddev" : 0.000000,
        "iops_samples" : 0
      },
      "sync" : {
        "total_ios" : 0,
        "lat_ns" : {
          "min" : 0,
          "max" : 0,
          "mean" : 0.000000,
          "stddev" : 0.000000,
          "N" : 0
        }
      },
      "job_runtime" : 60000,
      "usr_cpu" : 2.938333,
      "sys_cpu" : 22.740000,
      "ctx" : 452964,
      "majf" : 0,
      "minf" : 33,
      "iodepth_level" : {
        "1" : 100.000000,
        "2" : 0.000000,
        "4" : 0.000000,
        "8" : 0.000000,
        "16" : 0.000000,
        "32" : 0.000000,
        ">=64" : 0.000000
      },
      "iodepth_submit" : {
        "0" : 0.000000,
        "4" : 100.000000,
        "8" : 0.000000,
        "16" : 0.000000,
        "32" : 0.000000,
        "64" : 0.000000,
        ">=64" : 0.000000
      },
      "iodepth_complete" : {
        "0" : 0.000000,
        "4" : 100.000000,
        "8" : 0.000000,
        "16" : 0.000000,
        "32" : 0.000000,
        "64" : 0.000000,
        ">=64" : 0.000000
      },
      "latency_ns" : {
        "2" : 0.000000,
        "4" : 0.000000,
        "10" : 0.000000,
        "20" : 0.000000,
        "50" : 0.000000,
        "100" : 0.000000,
        "250" : 0.000000,
        "500" : 0.000000,
        "750" : 0.000000,
        "1000" : 0.000000
      },
      "latency_us" : {
        "2" : 0.000000,
        "4" : 6.504464,
        "10" : 6.134285,
        "20" : 0.186713,
        "50" : 6.094237,
        "100" : 20.266377,
        "250" : 59.867190,
        "500" : 0.705360,
        "750" : 0.037703,
        "1000" : 0.010000
      },
      "latency_ms" : {
        "2" : 0.197356,
        "4" : 0.010000,
        "10" : 0.010000,
        "20" : 0.000000,
        "50" : 0.010000,
        "100" : 0.000000,
        "250" : 0.000000,
        "500" : 0.000000,
        "750" : 0.000000,
        "1000" : 0.000000,
        "2000" : 0.000000,
        ">=2000" : 0.000000
      },
      "latency_depth" : 1,
      "latency_target" : 0,
      "latency_percentile" : 100.000000,
      "latency_window" : 0
    }
  ]
}
