{
  "fio version" : "fio-3.38",
  "timestamp" : 1729846048,
  "timestamp_ms" : 1729846048775,
  "time" : "Fri Oct 25 10:47:28 2024",
  "jobs" : [
    {
      "jobname" : "Exo2_bs_1m_rep_2",
      "groupid" : 0,
      "job_start" : 1729846047256,
      "error" : 0,
      "eta" : 2147483647,
      "elapsed" : 2,
      "job options" : {
        "name" : "Exo2_bs_1m_rep_2",
        "runtime" : "60",
        "numjobs" : "1",
        "rwmixwrite" : "33",
        "filesize" : "1G",
        "direct" : "1",
        "rw" : "randrw",
        "bs" : "1m"
      },
      "read" : {
        "io_bytes" : 704643072,
        "io_kbytes" : 688128,
        "bw_bytes" : 476110183,
        "bw" : 464951,
        "iops" : 454.054054,
        "runtime" : 1480,
        "total_ios" : 672,
        "short_ios" : 0,
        "drop_ios" : 0,
        "slat_ns" : {
          "min" : 0,
          "max" : 0,
          "mean" : 0.000000,
          "stddev" : 0.000000,
          "N" : 0
        },
        "clat_ns" : {
          "min" : 737000,
          "max" : 5303000,
          "mean" : 1225657.738095,
          "stddev" : 470171.413838,
          "N" : 672,
          "percentile" : {
            "1.000000" : 749568,
            "5.000000" : 765952,
            "10.000000" : 782336,
            "20.000000" : 847872,
            "30.000000" : 872448,
            "40.000000" : 946176,
            "50.000000" : 1236992,
            "60.000000" : 1351680,
            "70.000000" : 1400832,
            "80.000000" : 1482752,
            "90.000000" : 1646592,
            "95.000000" : 2113536,
            "99.000000" : 2539520,
            "99.500000" : 3883008,
            "99.900000" : 5275648,
            "99.950000" : 5275648,
            "99.990000" : 5275648
          }
        },
        "lat_ns" : {
          "min" : 738000,
          "max" : 5305000,
          "mean" : 1227866.071429,
          "stddev" : 470241.837687,
          "N" : 672
        },
        "bw_min" : 448126,
        "bw_max" : 455792,
        "bw_agg" : 97.205654,
        "bw_mean" : 451959.000000,
        "bw_dev" : 5420.680585,
        "bw_samples" : 2,
        "iops_min" : 437,
        "iops_max" : 445,
        "iops_mean" : 441.000000,
        "iops_stddev" : 5.656854,
        "iops_samples" : 2
      },
      "write" : {
        "io_bytes" : 369098752,
        "io_kbytes" : 360448,
        "bw_bytes" : 249391048,
        "bw" : 243545,
        "iops" : 237.837838,
        "runtime" : 1480,
        "total_ios" : 352,
        "short_ios" : 0,
        "drop_ios" : 0,
        "slat_ns" : {
          "min" : 0,
          "max" : 0,
          "mean" : 0.000000,
          "stddev" : 0.000000,
          "N" : 0
        },
        "clat_ns" : {
          "min" : 1405000,
          "max" : 2813000,
          "mean" : 1694019.886364,
          "stddev" : 166521.961633,
          "N" : 352,
          "percentile" : {
            "1.000000" : 1466368,
            "5.000000" : 1499136,
            "10.000000" : 1531904,
            "20.000000" : 1564672,
            "30.000000" : 1597440,
            "40.000000" : 1613824,
            "50.000000" : 1646592,
            "60.000000" : 1695744,
            "70.000000" : 1744896,
            "80.000000" : 1810432,
            "90.000000" : 1892352,
            "95.000000" : 2039808,
            "99.000000" : 2211840,
            "99.500000" : 2277376,
            "99.900000" : 2801664,
            "99.950000" : 2801664,
            "99.990000" : 2801664
          }
        },
        "lat_ns" : {
          "min" : 1503000,
          "max" : 2918000,
          "mean" : 1790536.931818,
          "stddev" : 171236.840698,
          "N" : 352
        },
        "bw_min" : 239137,
        "bw_max" : 251437,
        "bw_agg" : 100.000000,
        "bw_mean" : 245287.000000,
        "bw_dev" : 8697.413409,
        "bw_samples" : 2,
        "iops_min" : 233,
        "iops_max" : 245,
        "iops_mean" : 239.000000,
        "iops_stddev" : 8.485281,
        "iops_samples" : 2
      },
      "trim" : {
        "io_bytes" : 0,
        "io_kbytes" : 0,
        "bw_bytes" : 0,
        "bw" : 0,
        "iops" : 0.000000,
        "runtime" : 0,
        "total_ios" : 0,
        "short_ios" : 0,
        "drop_ios" : 0,
        "slat_ns" : {
          "min" : 0,
          "max" : 0,
          "mean" : 0.000000,
          "stddev" : 0.000000,
          "N" : 0
        },
        "clat_ns" : {
          "min" : 0,
          "max" : 0,
          "mean" : 0.000000,
          "stddev" : 0.000000,
          "N" : 0
        },
        "lat_ns" : {
          "min" : 0,
          "max" : 0,
          "mean" : 0.000000,
          "stddev" : 0.000000,
          "N" : 0
        },
        "bw_min" : 0,
        "bw_max" : 0,
        "bw_agg" : 0.000000,
        "bw_mean" : 0.000000,
        "bw_dev" : 0.000000,
        "bw_samples" : 0,
        "iops_min" : 0,
        "iops_max" : 0,
        "iops_mean" : 0.000000,
        "iops_stddev" : 0.000000,
        "iops_samples" : 0
      },
      "sync" : {
        "total_ios" : 0,
        "lat_ns" : {
          "min" : 0,
          "max" : 0,
          "mean" : 0.000000,
          "stddev" : 0.000000,
          "N" : 0
        }
      },
      "job_runtime" : 1480,
      "usr_cpu" : 4.662162,
      "sys_cpu" : 51.891892,
      "ctx" : 800,
      "majf" : 0,
      "minf" : 30,
      "iodepth_level" : {
        "1" : 100.000000,
        "2" : 0.000000,
        "4" : 0.000000,
        "8" : 0.000000,
        "16" : 0.000000,
        "32" : 0.000000,
        ">=64" : 0.000000
      },
      "iodepth_submit" : {
        "0" : 0.000000,
        "4" : 100.000000,
        "8" : 0.000000,
        "16" : 0.000000,
        "32" : 0.000000,
        "64" : 0.000000,
        ">=64" : 0.000000
      },
      "iodepth_complete" : {
        "0" : 0.000000,
        "4" : 100.000000,
        "8" : 0.000000,
        "16" : 0.000000,
        "32" : 0.000000,
        "64" : 0.000000,
        ">=64" : 0.000000
      },
      "latency_ns" : {
        "2" : 0.000000,
        "4" : 0.000000,
        "10" : 0.000000,
        "20" : 0.000000,
        "50" : 0.000000,
        "100" : 0.000000,
        "250" : 0.000000,
        "500" : 0.000000,
        "750" : 0.000000,
        "1000" : 0.000000
      },
      "latency_us" : {
        "2" : 0.000000,
        "4" : 0.000000,
        "10" : 0.000000,
        "20" : 0.000000,
        "50" : 0.000000,
        "100" : 0.000000,
        "250" : 0.000000,
        "500" : 0.000000,
        "750" : 1.074219,
        "1000" : 29.199219
      },
      "latency_ms" : {
        "2" : 63.964844,
        "4" : 5.468750,
        "10" : 0.292969,
        "20" : 0.000000,
        "50" : 0.000000,
        "100" : 0.000000,
        "250" : 0.000000,
        "500" : 0.000000,
        "750" : 0.000000,
        "1000" : 0.000000,
        "2000" : 0.000000,
        ">=2000" : 0.000000
      },
      "latency_depth" : 1,
      "latency_target" : 0,
      "latency_percentile" : 100.000000,
      "latency_window" : 0
    }
  ]
}
