{
  "fio version" : "fio-3.38",
  "timestamp" : 1729846060,
  "timestamp_ms" : 1729846060718,
  "time" : "Fri Oct 25 10:47:40 2024",
  "jobs" : [
    {
      "jobname" : "Exo2_bs_1m_rep_4",
      "groupid" : 0,
      "job_start" : 1729846058973,
      "error" : 0,
      "eta" : 2147483647,
      "elapsed" : 2,
      "job options" : {
        "name" : "Exo2_bs_1m_rep_4",
        "runtime" : "60",
        "numjobs" : "1",
        "rwmixwrite" : "33",
        "filesize" : "1G",
        "direct" : "1",
        "rw" : "randrw",
        "bs" : "1m"
      },
      "read" : {
        "io_bytes" : 704643072,
        "io_kbytes" : 688128,
        "bw_bytes" : 460551027,
        "bw" : 449756,
        "iops" : 439.215686,
        "runtime" : 1530,
        "total_ios" : 672,
        "short_ios" : 0,
        "drop_ios" : 0,
        "slat_ns" : {
          "min" : 0,
          "max" : 0,
          "mean" : 0.000000,
          "stddev" : 0.000000,
          "N" : 0
        },
        "clat_ns" : {
          "min" : 732000,
          "max" : 4387000,
          "mean" : 1248254.464286,
          "stddev" : 468550.403485,
          "N" : 672,
          "percentile" : {
            "1.000000" : 749568,
            "5.000000" : 757760,
            "10.000000" : 765952,
            "20.000000" : 847872,
            "30.000000" : 872448,
            "40.000000" : 888832,
            "50.000000" : 1351680,
            "60.000000" : 1466368,
            "70.000000" : 1548288,
            "80.000000" : 1581056,
            "90.000000" : 1630208,
            "95.000000" : 2039808,
            "99.000000" : 2506752,
            "99.500000" : 3424256,
            "99.900000" : 4358144,
            "99.950000" : 4358144,
            "99.990000" : 4358144
          }
        },
        "lat_ns" : {
          "min" : 733000,
          "max" : 4388000,
          "mean" : 1250601.190476,
          "stddev" : 468658.680117,
          "N" : 672
        },
        "bw_min" : 430730,
        "bw_max" : 460293,
        "bw_agg" : 98.843628,
        "bw_mean" : 444556.000000,
        "bw_dev" : 14873.859049,
        "bw_samples" : 3,
        "iops_min" : 420,
        "iops_max" : 449,
        "iops_mean" : 433.666667,
        "iops_stddev" : 14.571662,
        "iops_samples" : 3
      },
      "write" : {
        "io_bytes" : 369098752,
        "io_kbytes" : 360448,
        "bw_bytes" : 241241014,
        "bw" : 235586,
        "iops" : 230.065359,
        "runtime" : 1530,
        "total_ios" : 352,
        "short_ios" : 0,
        "drop_ios" : 0,
        "slat_ns" : {
          "min" : 0,
          "max" : 0,
          "mean" : 0.000000,
          "stddev" : 0.000000,
          "N" : 0
        },
        "clat_ns" : {
          "min" : 1475000,
          "max" : 2351000,
          "mean" : 1794105.113636,
          "stddev" : 119799.085257,
          "N" : 352,
          "percentile" : {
            "1.000000" : 1548288,
            "5.000000" : 1581056,
            "10.000000" : 1613824,
            "20.000000" : 1662976,
            "30.000000" : 1744896,
            "40.000000" : 1794048,
            "50.000000" : 1810432,
            "60.000000" : 1826816,
            "70.000000" : 1859584,
            "80.000000" : 1892352,
            "90.000000" : 1925120,
            "95.000000" : 1957888,
            "99.000000" : 2023424,
            "99.500000" : 2056192,
            "99.900000" : 2342912,
            "99.950000" : 2342912,
            "99.990000" : 2342912
          }
        },
        "lat_ns" : {
          "min" : 1573000,
          "max" : 2456000,
          "mean" : 1882633.522727,
          "stddev" : 116476.471640,
          "N" : 352
        },
        "bw_min" : 230501,
        "bw_max" : 243809,
        "bw_agg" : 100.000000,
        "bw_mean" : 237184.333333,
        "bw_dev" : 6654.193966,
        "bw_samples" : 3,
        "iops_min" : 225,
        "iops_max" : 238,
        "iops_mean" : 231.333333,
        "iops_stddev" : 6.506407,
        "iops_samples" : 3
      },
      "trim" : {
        "io_bytes" : 0,
        "io_kbytes" : 0,
        "bw_bytes" : 0,
        "bw" : 0,
        "iops" : 0.000000,
        "runtime" : 0,
        "total_ios" : 0,
        "short_ios" : 0,
        "drop_ios" : 0,
        "slat_ns" : {
          "min" : 0,
          "max" : 0,
          "mean" : 0.000000,
          "stddev" : 0.000000,
          "N" : 0
        },
        "clat_ns" : {
          "min" : 0,
          "max" : 0,
          "mean" : 0.000000,
          "stddev" : 0.000000,
          "N" : 0
        },
        "lat_ns" : {
          "min" : 0,
          "max" : 0,
          "mean" : 0.000000,
          "stddev" : 0.000000,
          "N" : 0
        },
        "bw_min" : 0,
        "bw_max" : 0,
        "bw_agg" : 0.000000,
        "bw_mean" : 0.000000,
        "bw_dev" : 0.000000,
        "bw_samples" : 0,
        "iops_min" : 0,
        "iops_max" : 0,
        "iops_mean" : 0.000000,
        "iops_stddev" : 0.000000,
        "iops_samples" : 0
      },
      "sync" : {
        "total_ios" : 0,
        "lat_ns" : {
          "min" : 0,
          "max" : 0,
          "mean" : 0.000000,
          "stddev" : 0.000000,
          "N" : 0
        }
      },
      "job_runtime" : 1529,
      "usr_cpu" : 4.643558,
      "sys_cpu" : 50.098103,
      "ctx" : 714,
      "majf" : 0,
      "minf" : 30,
      "iodepth_level" : {
        "1" : 100.000000,
        "2" : 0.000000,
        "4" : 0.000000,
        "8" : 0.000000,
        "16" : 0.000000,
        "32" : 0.000000,
        ">=64" : 0.000000
      },
      "iodepth_submit" : {
        "0" : 0.000000,
        "4" : 100.000000,
        "8" : 0.000000,
        "16" : 0.000000,
        "32" : 0.000000,
        "64" : 0.000000,
        ">=64" : 0.000000
      },
      "iodepth_complete" : {
        "0" : 0.000000,
        "4" : 100.000000,
        "8" : 0.000000,
        "16" : 0.000000,
        "32" : 0.000000,
        "64" : 0.000000,
        ">=64" : 0.000000
      },
      "latency_ns" : {
        "2" : 0.000000,
        "4" : 0.000000,
        "10" : 0.000000,
        "20" : 0.000000,
        "50" : 0.000000,
        "100" : 0.000000,
        "250" : 0.000000,
        "500" : 0.000000,
        "750" : 0.000000,
        "1000" : 0.000000
      },
      "latency_us" : {
        "2" : 0.000000,
        "4" : 0.000000,
        "10" : 0.000000,
        "20" : 0.000000,
        "50" : 0.000000,
        "100" : 0.000000,
        "250" : 0.000000,
        "500" : 0.000000,
        "750" : 1.074219,
        "1000" : 30.664062
      },
      "latency_ms" : {
        "2" : 63.769531,
        "4" : 4.394531,
        "10" : 0.097656,
        "20" : 0.000000,
        "50" : 0.000000,
        "100" : 0.000000,
        "250" : 0.000000,
        "500" : 0.000000,
        "750" : 0.000000,
        "1000" : 0.000000,
        "2000" : 0.000000,
        ">=2000" : 0.000000
      },
      "latency_depth" : 1,
      "latency_target" : 0,
      "latency_percentile" : 100.000000,
      "latency_window" : 0
    }
  ]
}
