{
  "fio version" : "fio-3.38",
  "timestamp" : 1729843716,
  "timestamp_ms" : 1729843716471,
  "time" : "Fri Oct 25 10:08:36 2024",
  "jobs" : [
    {
      "jobname" : "Exo2_bs_2k_rep_2",
      "groupid" : 0,
      "job_start" : 1729843662873,
      "error" : 0,
      "eta" : 0,
      "elapsed" : 54,
      "job options" : {
        "name" : "Exo2_bs_2k_rep_2",
        "runtime" : "60",
        "numjobs" : "1",
        "rwmixwrite" : "33",
        "filesize" : "1G",
        "direct" : "1",
        "rw" : "randrw",
        "bs" : "2k"
      },
      "read" : {
        "io_bytes" : 718510080,
        "io_kbytes" : 701670,
        "bw_bytes" : 13448193,
        "bw" : 13133,
        "iops" : 6566.500711,
        "runtime" : 53428,
        "total_ios" : 350835,
        "short_ios" : 0,
        "drop_ios" : 0,
        "slat_ns" : {
          "min" : 0,
          "max" : 0,
          "mean" : 0.000000,
          "stddev" : 0.000000,
          "N" : 0
        },
        "clat_ns" : {
          "min" : 2000,
          "max" : 5129000,
          "mean" : 89822.888252,
          "stddev" : 76418.665973,
          "N" : 350835,
          "percentile" : {
            "1.000000" : 2008,
            "5.000000" : 2992,
            "10.000000" : 2992,
            "20.000000" : 4016,
            "30.000000" : 91648,
            "40.000000" : 93696,
            "50.000000" : 97792,
            "60.000000" : 109056,
            "70.000000" : 111104,
            "80.000000" : 115200,
            "90.000000" : 123392,
            "95.000000" : 140288,
            "99.000000" : 211968,
            "99.500000" : 257024,
            "99.900000" : 1253376,
            "99.950000" : 1466368,
            "99.990000" : 1597440
          }
        },
        "lat_ns" : {
          "min" : 2000,
          "max" : 5129000,
          "mean" : 90045.745151,
          "stddev" : 76423.686329,
          "N" : 350835
        },
        "bw_min" : 10332,
        "bw_max" : 14028,
        "bw_agg" : 100.000000,
        "bw_mean" : 13136.188679,
        "bw_dev" : 497.925317,
        "bw_samples" : 106,
        "iops_min" : 5166,
        "iops_max" : 7014,
        "iops_mean" : 6568.066038,
        "iops_stddev" : 248.969391,
        "iops_samples" : 106
      },
      "write" : {
        "io_bytes" : 355231744,
        "io_kbytes" : 346906,
        "bw_bytes" : 6648793,
        "bw" : 6492,
        "iops" : 3246.481246,
        "runtime" : 53428,
        "total_ios" : 173453,
        "short_ios" : 0,
        "drop_ios" : 0,
        "slat_ns" : {
          "min" : 0,
          "max" : 0,
          "mean" : 0.000000,
          "stddev" : 0.000000,
          "N" : 0
        },
        "clat_ns" : {
          "min" : 10000,
          "max" : 29153000,
          "mean" : 119933.976351,
          "stddev" : 107988.563951,
          "N" : 173453,
          "percentile" : {
            "1.000000" : 22912,
            "5.000000" : 24960,
            "10.000000" : 25984,
            "20.000000" : 30080,
            "30.000000" : 114176,
            "40.000000" : 116224,
            "50.000000" : 129536,
            "60.000000" : 132096,
            "70.000000" : 142336,
            "80.000000" : 150528,
            "90.000000" : 183296,
            "95.000000" : 201728,
            "99.000000" : 250880,
            "99.500000" : 292864,
            "99.900000" : 1286144,
            "99.950000" : 1499136,
            "99.990000" : 1662976
          }
        },
        "lat_ns" : {
          "min" : 11000,
          "max" : 29153000,
          "mean" : 120156.728336,
          "stddev" : 107992.385669,
          "N" : 173453
        },
        "bw_min" : 5208,
        "bw_max" : 6920,
        "bw_agg" : 100.000000,
        "bw_mean" : 6493.801887,
        "bw_dev" : 253.577016,
        "bw_samples" : 106,
        "iops_min" : 2604,
        "iops_max" : 3460,
        "iops_mean" : 3246.858491,
        "iops_stddev" : 126.789698,
        "iops_samples" : 106
      },
      "trim" : {
        "io_bytes" : 0,
        "io_kbytes" : 0,
        "bw_bytes" : 0,
        "bw" : 0,
        "iops" : 0.000000,
        "runtime" : 0,
        "total_ios" : 0,
        "short_ios" : 0,
        "drop_ios" : 0,
        "slat_ns" : {
          "min" : 0,
          "max" : 0,
          "mean" : 0.000000,
          "stddev" : 0.000000,
          "N" : 0
        },
        "clat_ns" : {
          "min" : 0,
          "max" : 0,
          "mean" : 0.000000,
          "stddev" : 0.000000,
          "N" : 0
        },
        "lat_ns" : {
          "min" : 0,
          "max" : 0,
          "mean" : 0.000000,
          "stddev" : 0.000000,
          "N" : 0
        },
        "bw_min" : 0,
        "bw_max" : 0,
        "bw_agg" : 0.000000,
        "bw_mean" : 0.000000,
        "bw_dev" : 0.000000,
        "bw_samples" : 0,
        "iops_min" : 0,
        "iops_max" : 0,
        "iops_mean" : 0.000000,
        "iops_stddev" : 0.000000,
        "iops_samples" : 0
      },
      "sync" : {
        "total_ios" : 0,
        "lat_ns" : {
          "min" : 0,
          "max" : 0,
          "mean" : 0.000000,
          "stddev" : 0.000000,
          "N" : 0
        }
      },
      "job_runtime" : 53427,
      "usr_cpu" : 2.942333,
      "sys_cpu" : 23.081962,
      "ctx" : 411798,
      "majf" : 0,
      "minf" : 34,
      "iodepth_level" : {
        "1" : 100.000000,
        "2" : 0.000000,
        "4" : 0.000000,
        "8" : 0.000000,
        "16" : 0.000000,
        "32" : 0.000000,
        ">=64" : 0.000000
      },
      "iodepth_submit" : {
        "0" : 0.000000,
        "4" : 100.000000,
        "8" : 0.000000,
        "16" : 0.000000,
        "32" : 0.000000,
        "64" : 0.000000,
        ">=64" : 0.000000
      },
      "iodepth_complete" : {
        "0" : 0.000000,
        "4" : 100.000000,
        "8" : 0.000000,
        "16" : 0.000000,
        "32" : 0.000000,
        "64" : 0.000000,
        ">=64" : 0.000000
      },
      "latency_ns" : {
        "2" : 0.000000,
        "4" : 0.000000,
        "10" : 0.000000,
        "20" : 0.000000,
        "50" : 0.000000,
        "100" : 0.000000,
        "250" : 0.000000,
        "500" : 0.000000,
        "750" : 0.000000,
        "1000" : 0.000000
      },
      "latency_us" : {
        "2" : 0.000000,
        "4" : 7.732964,
        "10" : 6.754875,
        "20" : 0.198555,
        "50" : 7.249451,
        "100" : 20.229530,
        "250" : 57.124710,
        "500" : 0.477791,
        "750" : 0.032425,
        "1000" : 0.010000
      },
      "latency_ms" : {
        "2" : 0.193024,
        "4" : 0.010000,
        "10" : 0.010000,
        "20" : 0.000000,
        "50" : 0.010000,
        "100" : 0.000000,
        "250" : 0.000000,
        "500" : 0.000000,
        "750" : 0.000000,
        "1000" : 0.000000,
        "2000" : 0.000000,
        ">=2000" : 0.000000
      },
      "latency_depth" : 1,
      "latency_target" : 0,
      "latency_percentile" : 100.000000,
      "latency_window" : 0
    }
  ]
}
