{
  "fio version" : "fio-3.38",
  "timestamp" : 1729846019,
  "timestamp_ms" : 1729846019891,
  "time" : "Fri Oct 25 10:46:59 2024",
  "jobs" : [
    {
      "jobname" : "Exo2_bs_512k_rep_1",
      "groupid" : 0,
      "job_start" : 1729846018674,
      "error" : 0,
      "eta" : 2147483647,
      "elapsed" : 2,
      "job options" : {
        "name" : "Exo2_bs_512k_rep_1",
        "runtime" : "60",
        "numjobs" : "1",
        "rwmixwrite" : "33",
        "filesize" : "1G",
        "direct" : "1",
        "rw" : "randrw",
        "bs" : "512k"
      },
      "read" : {
        "io_bytes" : 714080256,
        "io_kbytes" : 697344,
        "bw_bytes" : 661798198,
        "bw" : 646287,
        "iops" : 1262.279889,
        "runtime" : 1079,
        "total_ios" : 1362,
        "short_ios" : 0,
        "drop_ios" : 0,
        "slat_ns" : {
          "min" : 0,
          "max" : 0,
          "mean" : 0.000000,
          "stddev" : 0.000000,
          "N" : 0
        },
        "clat_ns" : {
          "min" : 78000,
          "max" : 4180000,
          "mean" : 495787.077827,
          "stddev" : 552995.090050,
          "N" : 1362,
          "percentile" : {
            "1.000000" : 82432,
            "5.000000" : 94720,
            "10.000000" : 103936,
            "20.000000" : 134144,
            "30.000000" : 166912,
            "40.000000" : 193536,
            "50.000000" : 205824,
            "60.000000" : 464896,
            "70.000000" : 667648,
            "80.000000" : 765952,
            "90.000000" : 798720,
            "95.000000" : 1974272,
            "99.000000" : 2539520,
            "99.500000" : 2899968,
            "99.900000" : 3883008,
            "99.950000" : 4177920,
            "99.990000" : 4177920
          }
        },
        "lat_ns" : {
          "min" : 78000,
          "max" : 4181000,
          "mean" : 496475.770925,
          "stddev" : 553026.508102,
          "N" : 1362
        },
        "bw_min" : 629921,
        "bw_max" : 655968,
        "bw_agg" : 99.482691,
        "bw_mean" : 642944.500000,
        "bw_dev" : 18418.010330,
        "bw_samples" : 2,
        "iops_min" : 1230,
        "iops_max" : 1281,
        "iops_mean" : 1255.500000,
        "iops_stddev" : 36.062446,
        "iops_samples" : 2
      },
      "write" : {
        "io_bytes" : 359661568,
        "io_kbytes" : 351232,
        "bw_bytes" : 333328607,
        "bw" : 325516,
        "iops" : 635.773865,
        "runtime" : 1079,
        "total_ios" : 686,
        "short_ios" : 0,
        "drop_ios" : 0,
        "slat_ns" : {
          "min" : 0,
          "max" : 0,
          "mean" : 0.000000,
          "stddev" : 0.000000,
          "N" : 0
        },
        "clat_ns" : {
          "min" : 257000,
          "max" : 788000,
          "mean" : 548348.396501,
          "stddev" : 157381.695730,
          "N" : 686,
          "percentile" : {
            "1.000000" : 264192,
            "5.000000" : 288768,
            "10.000000" : 305152,
            "20.000000" : 358400,
            "30.000000" : 432128,
            "40.000000" : 514048,
            "50.000000" : 602112,
            "60.000000" : 643072,
            "70.000000" : 692224,
            "80.000000" : 708608,
            "90.000000" : 716800,
            "95.000000" : 724992,
            "99.000000" : 749568,
            "99.500000" : 765952,
            "99.900000" : 790528,
            "99.950000" : 790528,
            "99.990000" : 790528
          }
        },
        "lat_ns" : {
          "min" : 267000,
          "max" : 802000,
          "mean" : 563024.781341,
          "stddev" : 160009.965833,
          "N" : 686
        },
        "bw_min" : 299338,
        "bw_max" : 351809,
        "bw_agg" : 100.000000,
        "bw_mean" : 325573.500000,
        "bw_dev" : 37102.599916,
        "bw_samples" : 2,
        "iops_min" : 584,
        "iops_max" : 687,
        "iops_mean" : 635.500000,
        "iops_stddev" : 72.831998,
        "iops_samples" : 2
      },
      "trim" : {
        "io_bytes" : 0,
        "io_kbytes" : 0,
        "bw_bytes" : 0,
        "bw" : 0,
        "iops" : 0.000000,
        "runtime" : 0,
        "total_ios" : 0,
        "short_ios" : 0,
        "drop_ios" : 0,
        "slat_ns" : {
          "min" : 0,
          "max" : 0,
          "mean" : 0.000000,
          "stddev" : 0.000000,
          "N" : 0
        },
        "clat_ns" : {
          "min" : 0,
          "max" : 0,
          "mean" : 0.000000,
          "stddev" : 0.000000,
          "N" : 0
        },
        "lat_ns" : {
          "min" : 0,
          "max" : 0,
          "mean" : 0.000000,
          "stddev" : 0.000000,
          "N" : 0
        },
        "bw_min" : 0,
        "bw_max" : 0,
        "bw_agg" : 0.000000,
        "bw_mean" : 0.000000,
        "bw_dev" : 0.000000,
        "bw_samples" : 0,
        "iops_min" : 0,
        "iops_max" : 0,
        "iops_mean" : 0.000000,
        "iops_stddev" : 0.000000,
        "iops_samples" : 0
      },
      "sync" : {
        "total_ios" : 0,
        "lat_ns" : {
          "min" : 0,
          "max" : 0,
          "mean" : 0.000000,
          "stddev" : 0.000000,
          "N" : 0
        }
      },
      "job_runtime" : 1078,
      "usr_cpu" : 3.339518,
      "sys_cpu" : 30.333952,
      "ctx" : 1367,
      "majf" : 0,
      "minf" : 31,
      "iodepth_level" : {
        "1" : 100.000000,
        "2" : 0.000000,
        "4" : 0.000000,
        "8" : 0.000000,
        "16" : 0.000000,
        "32" : 0.000000,
        ">=64" : 0.000000
      },
      "iodepth_submit" : {
        "0" : 0.000000,
        "4" : 100.000000,
        "8" : 0.000000,
        "16" : 0.000000,
        "32" : 0.000000,
        "64" : 0.000000,
        ">=64" : 0.000000
      },
      "iodepth_complete" : {
        "0" : 0.000000,
        "4" : 100.000000,
        "8" : 0.000000,
        "16" : 0.000000,
        "32" : 0.000000,
        "64" : 0.000000,
        ">=64" : 0.000000
      },
      "latency_ns" : {
        "2" : 0.000000,
        "4" : 0.000000,
        "10" : 0.000000,
        "20" : 0.000000,
        "50" : 0.000000,
        "100" : 0.000000,
        "250" : 0.000000,
        "500" : 0.000000,
        "750" : 0.000000,
        "1000" : 0.000000
      },
      "latency_us" : {
        "2" : 0.000000,
        "4" : 0.000000,
        "10" : 0.000000,
        "20" : 0.000000,
        "50" : 0.000000,
        "100" : 4.833984,
        "250" : 30.957031,
        "500" : 17.822266,
        "750" : 31.152344,
        "1000" : 10.058594
      },
      "latency_ms" : {
        "2" : 1.855469,
        "4" : 3.271484,
        "10" : 0.048828,
        "20" : 0.000000,
        "50" : 0.000000,
        "100" : 0.000000,
        "250" : 0.000000,
        "500" : 0.000000,
        "750" : 0.000000,
        "1000" : 0.000000,
        "2000" : 0.000000,
        ">=2000" : 0.000000
      },
      "latency_depth" : 1,
      "latency_target" : 0,
      "latency_percentile" : 100.000000,
      "latency_window" : 0
    }
  ]
}
