{
  "fio version" : "fio-3.38",
  "timestamp" : 1729843776,
  "timestamp_ms" : 1729843776815,
  "time" : "Fri Oct 25 10:09:36 2024",
  "jobs" : [
    {
      "jobname" : "Exo2_bs_2k_rep_3",
      "groupid" : 0,
      "job_start" : 1729843721269,
      "error" : 0,
      "eta" : 0,
      "elapsed" : 56,
      "job options" : {
        "name" : "Exo2_bs_2k_rep_3",
        "runtime" : "60",
        "numjobs" : "1",
        "rwmixwrite" : "33",
        "filesize" : "1G",
        "direct" : "1",
        "rw" : "randrw",
        "bs" : "2k"
      },
      "read" : {
        "io_bytes" : 718510080,
        "io_kbytes" : 701670,
        "bw_bytes" : 12940764,
        "bw" : 12637,
        "iops" : 6318.732777,
        "runtime" : 55523,
        "total_ios" : 350835,
        "short_ios" : 0,
        "drop_ios" : 0,
        "slat_ns" : {
          "min" : 0,
          "max" : 0,
          "mean" : 0.000000,
          "stddev" : 0.000000,
          "N" : 0
        },
        "clat_ns" : {
          "min" : 2000,
          "max" : 5277000,
          "mean" : 91736.685336,
          "stddev" : 78303.217495,
          "N" : 350835,
          "percentile" : {
            "1.000000" : 2008,
            "5.000000" : 2992,
            "10.000000" : 2992,
            "20.000000" : 4016,
            "30.000000" : 91648,
            "40.000000" : 95744,
            "50.000000" : 98816,
            "60.000000" : 110080,
            "70.000000" : 113152,
            "80.000000" : 116224,
            "90.000000" : 136192,
            "95.000000" : 162816,
            "99.000000" : 234496,
            "99.500000" : 272384,
            "99.900000" : 1253376,
            "99.950000" : 1466368,
            "99.990000" : 1581056
          }
        },
        "lat_ns" : {
          "min" : 2000,
          "max" : 5277000,
          "mean" : 91969.344564,
          "stddev" : 78318.750789,
          "N" : 350835
        },
        "bw_min" : 8676,
        "bw_max" : 14136,
        "bw_agg" : 100.000000,
        "bw_mean" : 12639.518182,
        "bw_dev" : 813.328226,
        "bw_samples" : 110,
        "iops_min" : 4338,
        "iops_max" : 7068,
        "iops_mean" : 6319.690909,
        "iops_stddev" : 406.669867,
        "iops_samples" : 110
      },
      "write" : {
        "io_bytes" : 355231744,
        "io_kbytes" : 346906,
        "bw_bytes" : 6397920,
        "bw" : 6247,
        "iops" : 3123.984655,
        "runtime" : 55523,
        "total_ios" : 173453,
        "short_ios" : 0,
        "drop_ios" : 0,
        "slat_ns" : {
          "min" : 0,
          "max" : 0,
          "mean" : 0.000000,
          "stddev" : 0.000000,
          "N" : 0
        },
        "clat_ns" : {
          "min" : 10000,
          "max" : 29185000,
          "mean" : 127699.768813,
          "stddev" : 111885.143682,
          "N" : 173453,
          "percentile" : {
            "1.000000" : 22912,
            "5.000000" : 25984,
            "10.000000" : 27008,
            "20.000000" : 32128,
            "30.000000" : 114176,
            "40.000000" : 127488,
            "50.000000" : 132096,
            "60.000000" : 142336,
            "70.000000" : 150528,
            "80.000000" : 168960,
            "90.000000" : 199680,
            "95.000000" : 209920,
            "99.000000" : 280576,
            "99.500000" : 325632,
            "99.900000" : 1269760,
            "99.950000" : 1482752,
            "99.990000" : 1728512
          }
        },
        "lat_ns" : {
          "min" : 11000,
          "max" : 29185000,
          "mean" : 127933.665027,
          "stddev" : 111892.854195,
          "N" : 173453
        },
        "bw_min" : 4108,
        "bw_max" : 6928,
        "bw_agg" : 99.984495,
        "bw_mean" : 6247.427273,
        "bw_dev" : 403.563745,
        "bw_samples" : 110,
        "iops_min" : 2054,
        "iops_max" : 3464,
        "iops_mean" : 3123.645455,
        "iops_stddev" : 201.782633,
        "iops_samples" : 110
      },
      "trim" : {
        "io_bytes" : 0,
        "io_kbytes" : 0,
        "bw_bytes" : 0,
        "bw" : 0,
        "iops" : 0.000000,
        "runtime" : 0,
        "total_ios" : 0,
        "short_ios" : 0,
        "drop_ios" : 0,
        "slat_ns" : {
          "min" : 0,
          "max" : 0,
          "mean" : 0.000000,
          "stddev" : 0.000000,
          "N" : 0
        },
        "clat_ns" : {
          "min" : 0,
          "max" : 0,
          "mean" : 0.000000,
          "stddev" : 0.000000,
          "N" : 0
        },
        "lat_ns" : {
          "min" : 0,
          "max" : 0,
          "mean" : 0.000000,
          "stddev" : 0.000000,
          "N" : 0
        },
        "bw_min" : 0,
        "bw_max" : 0,
        "bw_agg" : 0.000000,
        "bw_mean" : 0.000000,
        "bw_dev" : 0.000000,
        "bw_samples" : 0,
        "iops_min" : 0,
        "iops_max" : 0,
        "iops_mean" : 0.000000,
        "iops_stddev" : 0.000000,
        "iops_samples" : 0
      },
      "sync" : {
        "total_ios" : 0,
        "lat_ns" : {
          "min" : 0,
          "max" : 0,
          "mean" : 0.000000,
          "stddev" : 0.000000,
          "N" : 0
        }
      },
      "job_runtime" : 55522,
      "usr_cpu" : 2.991607,
      "sys_cpu" : 23.109758,
      "ctx" : 410054,
      "majf" : 0,
      "minf" : 33,
      "iodepth_level" : {
        "1" : 100.000000,
        "2" : 0.000000,
        "4" : 0.000000,
        "8" : 0.000000,
        "16" : 0.000000,
        "32" : 0.000000,
        ">=64" : 0.000000
      },
      "iodepth_submit" : {
        "0" : 0.000000,
        "4" : 100.000000,
        "8" : 0.000000,
        "16" : 0.000000,
        "32" : 0.000000,
        "64" : 0.000000,
        ">=64" : 0.000000
      },
      "iodepth_complete" : {
        "0" : 0.000000,
        "4" : 100.000000,
        "8" : 0.000000,
        "16" : 0.000000,
        "32" : 0.000000,
        "64" : 0.000000,
        ">=64" : 0.000000
      },
      "latency_ns" : {
        "2" : 0.000000,
        "4" : 0.000000,
        "10" : 0.000000,
        "20" : 0.000000,
        "50" : 0.000000,
        "100" : 0.000000,
        "250" : 0.000000,
        "500" : 0.000000,
        "750" : 0.000000,
        "1000" : 0.000000
      },
      "latency_us" : {
        "2" : 0.000000,
        "4" : 6.878090,
        "10" : 8.034515,
        "20" : 0.247955,
        "50" : 7.364273,
        "100" : 19.013405,
        "250" : 57.362366,
        "500" : 0.854111,
        "750" : 0.040245,
        "1000" : 0.010000
      },
      "latency_ms" : {
        "2" : 0.197411,
        "4" : 0.010000,
        "10" : 0.010000,
        "20" : 0.000000,
        "50" : 0.010000,
        "100" : 0.000000,
        "250" : 0.000000,
        "500" : 0.000000,
        "750" : 0.000000,
        "1000" : 0.000000,
        "2000" : 0.000000,
        ">=2000" : 0.000000
      },
      "latency_depth" : 1,
      "latency_target" : 0,
      "latency_percentile" : 100.000000,
      "latency_window" : 0
    }
  ]
}
