{
  "fio version" : "fio-3.38",
  "timestamp" : 1729843461,
  "timestamp_ms" : 1729843461635,
  "time" : "Fri Oct 25 10:04:21 2024",
  "jobs" : [
    {
      "jobname" : "Exo2_bs_1k_rep_3",
      "groupid" : 0,
      "job_start" : 1729843401496,
      "error" : 0,
      "eta" : 0,
      "elapsed" : 61,
      "job options" : {
        "name" : "Exo2_bs_1k_rep_3",
        "runtime" : "60",
        "numjobs" : "1",
        "rwmixwrite" : "33",
        "filesize" : "1G",
        "direct" : "1",
        "rw" : "randrw",
        "bs" : "1k"
      },
      "read" : {
        "io_bytes" : 395810816,
        "io_kbytes" : 386534,
        "bw_bytes" : 6596736,
        "bw" : 6442,
        "iops" : 6442.125965,
        "runtime" : 60001,
        "total_ios" : 386534,
        "short_ios" : 0,
        "drop_ios" : 0,
        "slat_ns" : {
          "min" : 0,
          "max" : 0,
          "mean" : 0.000000,
          "stddev" : 0.000000,
          "N" : 0
        },
        "clat_ns" : {
          "min" : 2000,
          "max" : 5505000,
          "mean" : 90352.794321,
          "stddev" : 76206.491022,
          "N" : 386534,
          "percentile" : {
            "1.000000" : 2008,
            "5.000000" : 2992,
            "10.000000" : 2992,
            "20.000000" : 4016,
            "30.000000" : 91648,
            "40.000000" : 94720,
            "50.000000" : 98816,
            "60.000000" : 110080,
            "70.000000" : 112128,
            "80.000000" : 116224,
            "90.000000" : 132096,
            "95.000000" : 152576,
            "99.000000" : 214016,
            "99.500000" : 254976,
            "99.900000" : 1236992,
            "99.950000" : 1466368,
            "99.990000" : 1581056
          }
        },
        "lat_ns" : {
          "min" : 2000,
          "max" : 5505000,
          "mean" : 90552.073039,
          "stddev" : 76215.194833,
          "N" : 386534
        },
        "bw_min" : 5463,
        "bw_max" : 7240,
        "bw_agg" : 100.000000,
        "bw_mean" : 6449.126050,
        "bw_dev" : 400.243709,
        "bw_samples" : 119,
        "iops_min" : 5463,
        "iops_max" : 7240,
        "iops_mean" : 6449.126050,
        "iops_stddev" : 400.243709,
        "iops_samples" : 119
      },
      "write" : {
        "io_bytes" : 195456000,
        "io_kbytes" : 190875,
        "bw_bytes" : 3257545,
        "bw" : 3181,
        "iops" : 3181.196980,
        "runtime" : 60001,
        "total_ios" : 190875,
        "short_ios" : 0,
        "drop_ios" : 0,
        "slat_ns" : {
          "min" : 0,
          "max" : 0,
          "mean" : 0.000000,
          "stddev" : 0.000000,
          "N" : 0
        },
        "clat_ns" : {
          "min" : 10000,
          "max" : 24850000,
          "mean" : 124479.722331,
          "stddev" : 103564.084208,
          "N" : 190875,
          "percentile" : {
            "1.000000" : 22912,
            "5.000000" : 24960,
            "10.000000" : 25984,
            "20.000000" : 31104,
            "30.000000" : 114176,
            "40.000000" : 125440,
            "50.000000" : 130560,
            "60.000000" : 136192,
            "70.000000" : 146432,
            "80.000000" : 164864,
            "90.000000" : 191488,
            "95.000000" : 209920,
            "99.000000" : 259072,
            "99.500000" : 305152,
            "99.900000" : 1302528,
            "99.950000" : 1482752,
            "99.990000" : 1613824
          }
        },
        "lat_ns" : {
          "min" : 11000,
          "max" : 24850000,
          "mean" : 124699.944990,
          "stddev" : 103572.200864,
          "N" : 190875
        },
        "bw_min" : 2653,
        "bw_max" : 3598,
        "bw_agg" : 100.000000,
        "bw_mean" : 3185.268908,
        "bw_dev" : 191.923612,
        "bw_samples" : 119,
        "iops_min" : 2653,
        "iops_max" : 3598,
        "iops_mean" : 3185.268908,
        "iops_stddev" : 191.923612,
        "iops_samples" : 119
      },
      "trim" : {
        "io_bytes" : 0,
        "io_kbytes" : 0,
        "bw_bytes" : 0,
        "bw" : 0,
        "iops" : 0.000000,
        "runtime" : 0,
        "total_ios" : 0,
        "short_ios" : 0,
        "drop_ios" : 0,
        "slat_ns" : {
          "min" : 0,
          "max" : 0,
          "mean" : 0.000000,
          "stddev" : 0.000000,
          "N" : 0
        },
        "clat_ns" : {
          "min" : 0,
          "max" : 0,
          "mean" : 0.000000,
          "stddev" : 0.000000,
          "N" : 0
        },
        "lat_ns" : {
          "min" : 0,
          "max" : 0,
          "mean" : 0.000000,
          "stddev" : 0.000000,
          "N" : 0
        },
        "bw_min" : 0,
        "bw_max" : 0,
        "bw_agg" : 0.000000,
        "bw_mean" : 0.000000,
        "bw_dev" : 0.000000,
        "bw_samples" : 0,
        "iops_min" : 0,
        "iops_max" : 0,
        "iops_mean" : 0.000000,
        "iops_stddev" : 0.000000,
        "iops_samples" : 0
      },
      "sync" : {
        "total_ios" : 0,
        "lat_ns" : {
          "min" : 0,
          "max" : 0,
          "mean" : 0.000000,
          "stddev" : 0.000000,
          "N" : 0
        }
      },
      "job_runtime" : 60000,
      "usr_cpu" : 3.038333,
      "sys_cpu" : 23.081667,
      "ctx" : 449678,
      "majf" : 0,
      "minf" : 33,
      "iodepth_level" : {
        "1" : 100.000000,
        "2" : 0.000000,
        "4" : 0.000000,
        "8" : 0.000000,
        "16" : 0.000000,
        "32" : 0.000000,
        ">=64" : 0.000000
      },
      "iodepth_submit" : {
        "0" : 0.000000,
        "4" : 100.000000,
        "8" : 0.000000,
        "16" : 0.000000,
        "32" : 0.000000,
        "64" : 0.000000,
        ">=64" : 0.000000
      },
      "iodepth_complete" : {
        "0" : 0.000000,
        "4" : 100.000000,
        "8" : 0.000000,
        "16" : 0.000000,
        "32" : 0.000000,
        "64" : 0.000000,
        ">=64" : 0.000000
      },
      "latency_ns" : {
        "2" : 0.000000,
        "4" : 0.000000,
        "10" : 0.000000,
        "20" : 0.000000,
        "50" : 0.000000,
        "100" : 0.000000,
        "250" : 0.000000,
        "500" : 0.000000,
        "750" : 0.000000,
        "1000" : 0.000000
      },
      "latency_us" : {
        "2" : 0.000000,
        "4" : 7.381769,
        "10" : 7.973551,
        "20" : 0.207479,
        "50" : 7.420736,
        "100" : 18.509064,
        "250" : 57.738968,
        "500" : 0.536535,
        "750" : 0.032559,
        "1000" : 0.010000
      },
      "latency_ms" : {
        "2" : 0.194143,
        "4" : 0.010000,
        "10" : 0.010000,
        "20" : 0.000000,
        "50" : 0.010000,
        "100" : 0.000000,
        "250" : 0.000000,
        "500" : 0.000000,
        "750" : 0.000000,
        "1000" : 0.000000,
        "2000" : 0.000000,
        ">=2000" : 0.000000
      },
      "latency_depth" : 1,
      "latency_target" : 0,
      "latency_percentile" : 100.000000,
      "latency_window" : 0
    }
  ]
}
