{
  "fio version" : "fio-3.38",
  "timestamp" : 1729844141,
  "timestamp_ms" : 1729844141351,
  "time" : "Fri Oct 25 10:15:41 2024",
  "jobs" : [
    {
      "jobname" : "Exo2_bs_16k_rep_5",
      "groupid" : 0,
      "job_start" : 1729844133515,
      "error" : 0,
      "eta" : 0,
      "elapsed" : 8,
      "job options" : {
        "name" : "Exo2_bs_16k_rep_5",
        "runtime" : "60",
        "numjobs" : "1",
        "rwmixwrite" : "33",
        "filesize" : "1G",
        "direct" : "1",
        "rw" : "randrw",
        "bs" : "16k"
      },
      "read" : {
        "io_bytes" : 719093760,
        "io_kbytes" : 702240,
        "bw_bytes" : 92108845,
        "bw" : 89950,
        "iops" : 5621.877802,
        "runtime" : 7807,
        "total_ios" : 43890,
        "short_ios" : 0,
        "drop_ios" : 0,
        "slat_ns" : {
          "min" : 0,
          "max" : 0,
          "mean" : 0.000000,
          "stddev" : 0.000000,
          "N" : 0
        },
        "clat_ns" : {
          "min" : 4000,
          "max" : 4951000,
          "mean" : 142152.996127,
          "stddev" : 130698.390416,
          "N" : 43890,
          "percentile" : {
            "1.000000" : 5024,
            "5.000000" : 5984,
            "10.000000" : 5984,
            "20.000000" : 116224,
            "30.000000" : 128512,
            "40.000000" : 140288,
            "50.000000" : 146432,
            "60.000000" : 156672,
            "70.000000" : 171008,
            "80.000000" : 183296,
            "90.000000" : 199680,
            "95.000000" : 216064,
            "99.000000" : 272384,
            "99.500000" : 1138688,
            "99.900000" : 1892352,
            "99.950000" : 2088960,
            "99.990000" : 3096576
          }
        },
        "lat_ns" : {
          "min" : 4000,
          "max" : 4951000,
          "mean" : 142349.555707,
          "stddev" : 130704.219513,
          "N" : 43890
        },
        "bw_min" : 81145,
        "bw_max" : 95144,
        "bw_agg" : 99.840974,
        "bw_mean" : 89807.000000,
        "bw_dev" : 3065.243034,
        "bw_samples" : 15,
        "iops_min" : 5071,
        "iops_max" : 5946,
        "iops_mean" : 5612.600000,
        "iops_stddev" : 191.621204,
        "iops_samples" : 15
      },
      "write" : {
        "io_bytes" : 354648064,
        "io_kbytes" : 346336,
        "bw_bytes" : 45426932,
        "bw" : 44362,
        "iops" : 2772.639939,
        "runtime" : 7807,
        "total_ios" : 21646,
        "short_ios" : 0,
        "drop_ios" : 0,
        "slat_ns" : {
          "min" : 0,
          "max" : 0,
          "mean" : 0.000000,
          "stddev" : 0.000000,
          "N" : 0
        },
        "clat_ns" : {
          "min" : 52000,
          "max" : 29347000,
          "mean" : 64789.429918,
          "stddev" : 202146.900038,
          "N" : 21646,
          "percentile" : {
            "1.000000" : 52992,
            "5.000000" : 54016,
            "10.000000" : 54016,
            "20.000000" : 55040,
            "30.000000" : 55040,
            "40.000000" : 56064,
            "50.000000" : 57088,
            "60.000000" : 59136,
            "70.000000" : 62208,
            "80.000000" : 68096,
            "90.000000" : 81408,
            "95.000000" : 89600,
            "99.000000" : 117248,
            "99.500000" : 134144,
            "99.900000" : 199680,
            "99.950000" : 544768,
            "99.990000" : 2039808
          }
        },
        "lat_ns" : {
          "min" : 52000,
          "max" : 29348000,
          "mean" : 65247.482214,
          "stddev" : 202154.167586,
          "N" : 21646
        },
        "bw_min" : 40270,
        "bw_max" : 46944,
        "bw_agg" : 99.774046,
        "bw_mean" : 44262.200000,
        "bw_dev" : 1704.134812,
        "bw_samples" : 15,
        "iops_min" : 2516,
        "iops_max" : 2934,
        "iops_mean" : 2765.933333,
        "iops_stddev" : 106.569539,
        "iops_samples" : 15
      },
      "trim" : {
        "io_bytes" : 0,
        "io_kbytes" : 0,
        "bw_bytes" : 0,
        "bw" : 0,
        "iops" : 0.000000,
        "runtime" : 0,
        "total_ios" : 0,
        "short_ios" : 0,
        "drop_ios" : 0,
        "slat_ns" : {
          "min" : 0,
          "max" : 0,
          "mean" : 0.000000,
          "stddev" : 0.000000,
          "N" : 0
        },
        "clat_ns" : {
          "min" : 0,
          "max" : 0,
          "mean" : 0.000000,
          "stddev" : 0.000000,
          "N" : 0
        },
        "lat_ns" : {
          "min" : 0,
          "max" : 0,
          "mean" : 0.000000,
          "stddev" : 0.000000,
          "N" : 0
        },
        "bw_min" : 0,
        "bw_max" : 0,
        "bw_agg" : 0.000000,
        "bw_mean" : 0.000000,
        "bw_dev" : 0.000000,
        "bw_samples" : 0,
        "iops_min" : 0,
        "iops_max" : 0,
        "iops_mean" : 0.000000,
        "iops_stddev" : 0.000000,
        "iops_samples" : 0
      },
      "sync" : {
        "total_ios" : 0,
        "lat_ns" : {
          "min" : 0,
          "max" : 0,
          "mean" : 0.000000,
          "stddev" : 0.000000,
          "N" : 0
        }
      },
      "job_runtime" : 7806,
      "usr_cpu" : 2.882398,
      "sys_cpu" : 21.316936,
      "ctx" : 58159,
      "majf" : 0,
      "minf" : 40,
      "iodepth_level" : {
        "1" : 100.000000,
        "2" : 0.000000,
        "4" : 0.000000,
        "8" : 0.000000,
        "16" : 0.000000,
        "32" : 0.000000,
        ">=64" : 0.000000
      },
      "iodepth_submit" : {
        "0" : 0.000000,
        "4" : 100.000000,
        "8" : 0.000000,
        "16" : 0.000000,
        "32" : 0.000000,
        "64" : 0.000000,
        ">=64" : 0.000000
      },
      "iodepth_complete" : {
        "0" : 0.000000,
        "4" : 100.000000,
        "8" : 0.000000,
        "16" : 0.000000,
        "32" : 0.000000,
        "64" : 0.000000,
        ">=64" : 0.000000
      },
      "latency_ns" : {
        "2" : 0.000000,
        "4" : 0.000000,
        "10" : 0.000000,
        "20" : 0.000000,
        "50" : 0.000000,
        "100" : 0.000000,
        "250" : 0.000000,
        "500" : 0.000000,
        "750" : 0.000000,
        "1000" : 0.000000
      },
      "latency_us" : {
        "2" : 0.000000,
        "4" : 0.000000,
        "10" : 11.640930,
        "20" : 0.299072,
        "50" : 0.180054,
        "100" : 32.189941,
        "250" : 54.637146,
        "500" : 0.543213,
        "750" : 0.015259,
        "1000" : 0.042725
      },
      "latency_ms" : {
        "2" : 0.407410,
        "4" : 0.041199,
        "10" : 0.010000,
        "20" : 0.000000,
        "50" : 0.010000,
        "100" : 0.000000,
        "250" : 0.000000,
        "500" : 0.000000,
        "750" : 0.000000,
        "1000" : 0.000000,
        "2000" : 0.000000,
        ">=2000" : 0.000000
      },
      "latency_depth" : 1,
      "latency_target" : 0,
      "latency_percentile" : 100.000000,
      "latency_window" : 0
    }
  ]
}
