{
  "fio version" : "fio-3.38",
  "timestamp" : 1729846054,
  "timestamp_ms" : 1729846054751,
  "time" : "Fri Oct 25 10:47:34 2024",
  "jobs" : [
    {
      "jobname" : "Exo2_bs_1m_rep_3",
      "groupid" : 0,
      "job_start" : 1729846053064,
      "error" : 0,
      "eta" : 2147483647,
      "elapsed" : 2,
      "job options" : {
        "name" : "Exo2_bs_1m_rep_3",
        "runtime" : "60",
        "numjobs" : "1",
        "rwmixwrite" : "33",
        "filesize" : "1G",
        "direct" : "1",
        "rw" : "randrw",
        "bs" : "1m"
      },
      "read" : {
        "io_bytes" : 704643072,
        "io_kbytes" : 688128,
        "bw_bytes" : 460250210,
        "bw" : 449463,
        "iops" : 438.928805,
        "runtime" : 1531,
        "total_ios" : 672,
        "short_ios" : 0,
        "drop_ios" : 0,
        "slat_ns" : {
          "min" : 0,
          "max" : 0,
          "mean" : 0.000000,
          "stddev" : 0.000000,
          "N" : 0
        },
        "clat_ns" : {
          "min" : 739000,
          "max" : 4218000,
          "mean" : 1254656.250000,
          "stddev" : 455917.815550,
          "N" : 672,
          "percentile" : {
            "1.000000" : 749568,
            "5.000000" : 765952,
            "10.000000" : 782336,
            "20.000000" : 856064,
            "30.000000" : 872448,
            "40.000000" : 897024,
            "50.000000" : 1335296,
            "60.000000" : 1482752,
            "70.000000" : 1531904,
            "80.000000" : 1564672,
            "90.000000" : 1630208,
            "95.000000" : 2113536,
            "99.000000" : 2441216,
            "99.500000" : 2801664,
            "99.900000" : 4227072,
            "99.950000" : 4227072,
            "99.990000" : 4227072
          }
        },
        "lat_ns" : {
          "min" : 740000,
          "max" : 4220000,
          "mean" : 1256886.904762,
          "stddev" : 456069.541663,
          "N" : 672
        },
        "bw_min" : 430406,
        "bw_max" : 455792,
        "bw_agg" : 98.741143,
        "bw_mean" : 443805.000000,
        "bw_dev" : 12751.766819,
        "bw_samples" : 3,
        "iops_min" : 420,
        "iops_max" : 445,
        "iops_mean" : 433.000000,
        "iops_stddev" : 12.529964,
        "iops_samples" : 3
      },
      "write" : {
        "io_bytes" : 369098752,
        "io_kbytes" : 360448,
        "bw_bytes" : 241083443,
        "bw" : 235433,
        "iops" : 229.915088,
        "runtime" : 1531,
        "total_ios" : 352,
        "short_ios" : 0,
        "drop_ios" : 0,
        "slat_ns" : {
          "min" : 0,
          "max" : 0,
          "mean" : 0.000000,
          "stddev" : 0.000000,
          "N" : 0
        },
        "clat_ns" : {
          "min" : 1382000,
          "max" : 2406000,
          "mean" : 1783142.045455,
          "stddev" : 132962.549594,
          "N" : 352,
          "percentile" : {
            "1.000000" : 1466368,
            "5.000000" : 1564672,
            "10.000000" : 1597440,
            "20.000000" : 1646592,
            "30.000000" : 1728512,
            "40.000000" : 1794048,
            "50.000000" : 1810432,
            "60.000000" : 1826816,
            "70.000000" : 1859584,
            "80.000000" : 1892352,
            "90.000000" : 1925120,
            "95.000000" : 1957888,
            "99.000000" : 2088960,
            "99.500000" : 2179072,
            "99.900000" : 2408448,
            "99.950000" : 2408448,
            "99.990000" : 2408448
          }
        },
        "lat_ns" : {
          "min" : 1475000,
          "max" : 2486000,
          "mean" : 1873224.431818,
          "stddev" : 128326.565144,
          "N" : 352
        },
        "bw_min" : 232727,
        "bw_max" : 242741,
        "bw_agg" : 100.000000,
        "bw_mean" : 236839.000000,
        "bw_dev" : 5241.481088,
        "bw_samples" : 3,
        "iops_min" : 227,
        "iops_max" : 237,
        "iops_mean" : 231.000000,
        "iops_stddev" : 5.291503,
        "iops_samples" : 3
      },
      "trim" : {
        "io_bytes" : 0,
        "io_kbytes" : 0,
        "bw_bytes" : 0,
        "bw" : 0,
        "iops" : 0.000000,
        "runtime" : 0,
        "total_ios" : 0,
        "short_ios" : 0,
        "drop_ios" : 0,
        "slat_ns" : {
          "min" : 0,
          "max" : 0,
          "mean" : 0.000000,
          "stddev" : 0.000000,
          "N" : 0
        },
        "clat_ns" : {
          "min" : 0,
          "max" : 0,
          "mean" : 0.000000,
          "stddev" : 0.000000,
          "N" : 0
        },
        "lat_ns" : {
          "min" : 0,
          "max" : 0,
          "mean" : 0.000000,
          "stddev" : 0.000000,
          "N" : 0
        },
        "bw_min" : 0,
        "bw_max" : 0,
        "bw_agg" : 0.000000,
        "bw_mean" : 0.000000,
        "bw_dev" : 0.000000,
        "bw_samples" : 0,
        "iops_min" : 0,
        "iops_max" : 0,
        "iops_mean" : 0.000000,
        "iops_stddev" : 0.000000,
        "iops_samples" : 0
      },
      "sync" : {
        "total_ios" : 0,
        "lat_ns" : {
          "min" : 0,
          "max" : 0,
          "mean" : 0.000000,
          "stddev" : 0.000000,
          "N" : 0
        }
      },
      "job_runtime" : 1530,
      "usr_cpu" : 4.705882,
      "sys_cpu" : 49.934641,
      "ctx" : 744,
      "majf" : 0,
      "minf" : 29,
      "iodepth_level" : {
        "1" : 100.000000,
        "2" : 0.000000,
        "4" : 0.000000,
        "8" : 0.000000,
        "16" : 0.000000,
        "32" : 0.000000,
        ">=64" : 0.000000
      },
      "iodepth_submit" : {
        "0" : 0.000000,
        "4" : 100.000000,
        "8" : 0.000000,
        "16" : 0.000000,
        "32" : 0.000000,
        "64" : 0.000000,
        ">=64" : 0.000000
      },
      "iodepth_complete" : {
        "0" : 0.000000,
        "4" : 100.000000,
        "8" : 0.000000,
        "16" : 0.000000,
        "32" : 0.000000,
        "64" : 0.000000,
        ">=64" : 0.000000
      },
      "latency_ns" : {
        "2" : 0.000000,
        "4" : 0.000000,
        "10" : 0.000000,
        "20" : 0.000000,
        "50" : 0.000000,
        "100" : 0.000000,
        "250" : 0.000000,
        "500" : 0.000000,
        "750" : 0.000000,
        "1000" : 0.000000
      },
      "latency_us" : {
        "2" : 0.000000,
        "4" : 0.000000,
        "10" : 0.000000,
        "20" : 0.000000,
        "50" : 0.000000,
        "100" : 0.000000,
        "250" : 0.000000,
        "500" : 0.000000,
        "750" : 0.781250,
        "1000" : 29.882812
      },
      "latency_ms" : {
        "2" : 64.062500,
        "4" : 5.175781,
        "10" : 0.097656,
        "20" : 0.000000,
        "50" : 0.000000,
        "100" : 0.000000,
        "250" : 0.000000,
        "500" : 0.000000,
        "750" : 0.000000,
        "1000" : 0.000000,
        "2000" : 0.000000,
        ">=2000" : 0.000000
      },
      "latency_depth" : 1,
      "latency_target" : 0,
      "latency_percentile" : 100.000000,
      "latency_window" : 0
    }
  ]
}
