{
  "fio version" : "fio-3.38",
  "timestamp" : 1729843658,
  "timestamp_ms" : 1729843658673,
  "time" : "Fri Oct 25 10:07:38 2024",
  "jobs" : [
    {
      "jobname" : "Exo2_bs_2k_rep_1",
      "groupid" : 0,
      "job_start" : 1729843601730,
      "error" : 0,
      "eta" : 0,
      "elapsed" : 58,
      "job options" : {
        "name" : "Exo2_bs_2k_rep_1",
        "runtime" : "60",
        "numjobs" : "1",
        "rwmixwrite" : "33",
        "filesize" : "1G",
        "direct" : "1",
        "rw" : "randrw",
        "bs" : "2k"
      },
      "read" : {
        "io_bytes" : 718510080,
        "io_kbytes" : 701670,
        "bw_bytes" : 12639366,
        "bw" : 12343,
        "iops" : 6171.565782,
        "runtime" : 56847,
        "total_ios" : 350835,
        "short_ios" : 0,
        "drop_ios" : 0,
        "slat_ns" : {
          "min" : 0,
          "max" : 0,
          "mean" : 0.000000,
          "stddev" : 0.000000,
          "N" : 0
        },
        "clat_ns" : {
          "min" : 2000,
          "max" : 5156000,
          "mean" : 94265.255747,
          "stddev" : 75391.018678,
          "N" : 350835,
          "percentile" : {
            "1.000000" : 2008,
            "5.000000" : 2992,
            "10.000000" : 4016,
            "20.000000" : 90624,
            "30.000000" : 92672,
            "40.000000" : 95744,
            "50.000000" : 102912,
            "60.000000" : 110080,
            "70.000000" : 113152,
            "80.000000" : 115200,
            "90.000000" : 129536,
            "95.000000" : 152576,
            "99.000000" : 216064,
            "99.500000" : 254976,
            "99.900000" : 1253376,
            "99.950000" : 1449984,
            "99.990000" : 1581056
          }
        },
        "lat_ns" : {
          "min" : 2000,
          "max" : 5156000,
          "mean" : 94478.501290,
          "stddev" : 75396.541529,
          "N" : 350835
        },
        "bw_min" : 9220,
        "bw_max" : 13498,
        "bw_agg" : 100.000000,
        "bw_mean" : 12345.539823,
        "bw_dev" : 529.948853,
        "bw_samples" : 113,
        "iops_min" : 4610,
        "iops_max" : 6749,
        "iops_mean" : 6172.681416,
        "iops_stddev" : 264.958766,
        "iops_samples" : 113
      },
      "write" : {
        "io_bytes" : 355231744,
        "io_kbytes" : 346906,
        "bw_bytes" : 6248909,
        "bw" : 6102,
        "iops" : 3051.225219,
        "runtime" : 56847,
        "total_ios" : 173453,
        "short_ios" : 0,
        "drop_ios" : 0,
        "slat_ns" : {
          "min" : 0,
          "max" : 0,
          "mean" : 0.000000,
          "stddev" : 0.000000,
          "N" : 0
        },
        "clat_ns" : {
          "min" : 11000,
          "max" : 26749000,
          "mean" : 129843.900077,
          "stddev" : 122922.835066,
          "N" : 173453,
          "percentile" : {
            "1.000000" : 23936,
            "5.000000" : 25984,
            "10.000000" : 27008,
            "20.000000" : 113152,
            "30.000000" : 116224,
            "40.000000" : 130560,
            "50.000000" : 132096,
            "60.000000" : 144384,
            "70.000000" : 148480,
            "80.000000" : 164864,
            "90.000000" : 189440,
            "95.000000" : 207872,
            "99.000000" : 259072,
            "99.500000" : 296960,
            "99.900000" : 1302528,
            "99.950000" : 1499136,
            "99.990000" : 1892352
          }
        },
        "lat_ns" : {
          "min" : 11000,
          "max" : 26749000,
          "mean" : 130069.978611,
          "stddev" : 122929.427413,
          "N" : 173453
        },
        "bw_min" : 4704,
        "bw_max" : 6713,
        "bw_agg" : 100.000000,
        "bw_mean" : 6104.097345,
        "bw_dev" : 261.588689,
        "bw_samples" : 113,
        "iops_min" : 2352,
        "iops_max" : 3356,
        "iops_mean" : 3051.938053,
        "iops_stddev" : 130.763027,
        "iops_samples" : 113
      },
      "trim" : {
        "io_bytes" : 0,
        "io_kbytes" : 0,
        "bw_bytes" : 0,
        "bw" : 0,
        "iops" : 0.000000,
        "runtime" : 0,
        "total_ios" : 0,
        "short_ios" : 0,
        "drop_ios" : 0,
        "slat_ns" : {
          "min" : 0,
          "max" : 0,
          "mean" : 0.000000,
          "stddev" : 0.000000,
          "N" : 0
        },
        "clat_ns" : {
          "min" : 0,
          "max" : 0,
          "mean" : 0.000000,
          "stddev" : 0.000000,
          "N" : 0
        },
        "lat_ns" : {
          "min" : 0,
          "max" : 0,
          "mean" : 0.000000,
          "stddev" : 0.000000,
          "N" : 0
        },
        "bw_min" : 0,
        "bw_max" : 0,
        "bw_agg" : 0.000000,
        "bw_mean" : 0.000000,
        "bw_dev" : 0.000000,
        "bw_samples" : 0,
        "iops_min" : 0,
        "iops_max" : 0,
        "iops_mean" : 0.000000,
        "iops_stddev" : 0.000000,
        "iops_samples" : 0
      },
      "sync" : {
        "total_ios" : 0,
        "lat_ns" : {
          "min" : 0,
          "max" : 0,
          "mean" : 0.000000,
          "stddev" : 0.000000,
          "N" : 0
        }
      },
      "job_runtime" : 56846,
      "usr_cpu" : 3.066179,
      "sys_cpu" : 22.889913,
      "ctx" : 426371,
      "majf" : 0,
      "minf" : 34,
      "iodepth_level" : {
        "1" : 100.000000,
        "2" : 0.000000,
        "4" : 0.000000,
        "8" : 0.000000,
        "16" : 0.000000,
        "32" : 0.000000,
        ">=64" : 0.000000
      },
      "iodepth_submit" : {
        "0" : 0.000000,
        "4" : 100.000000,
        "8" : 0.000000,
        "16" : 0.000000,
        "32" : 0.000000,
        "64" : 0.000000,
        ">=64" : 0.000000
      },
      "iodepth_complete" : {
        "0" : 0.000000,
        "4" : 100.000000,
        "8" : 0.000000,
        "16" : 0.000000,
        "32" : 0.000000,
        "64" : 0.000000,
        ">=64" : 0.000000
      },
      "latency_ns" : {
        "2" : 0.000000,
        "4" : 0.000000,
        "10" : 0.000000,
        "20" : 0.000000,
        "50" : 0.000000,
        "100" : 0.000000,
        "250" : 0.000000,
        "500" : 0.000000,
        "750" : 0.000000,
        "1000" : 0.000000
      },
      "latency_us" : {
        "2" : 0.000000,
        "4" : 5.929947,
        "10" : 6.800079,
        "20" : 0.207710,
        "50" : 6.365776,
        "100" : 20.252991,
        "250" : 59.679413,
        "500" : 0.531578,
        "750" : 0.028801,
        "1000" : 0.010000
      },
      "latency_ms" : {
        "2" : 0.197601,
        "4" : 0.010000,
        "10" : 0.010000,
        "20" : 0.000000,
        "50" : 0.010000,
        "100" : 0.000000,
        "250" : 0.000000,
        "500" : 0.000000,
        "750" : 0.000000,
        "1000" : 0.000000,
        "2000" : 0.000000,
        ">=2000" : 0.000000
      },
      "latency_depth" : 1,
      "latency_target" : 0,
      "latency_percentile" : 100.000000,
      "latency_window" : 0
    }
  ]
}
