{
  "fio version" : "fio-3.38",
  "timestamp" : 1729844147,
  "timestamp_ms" : 1729844147950,
  "time" : "Fri Oct 25 10:15:47 2024",
  "jobs" : [
    {
      "jobname" : "Exo2_bs_32k_rep_1",
      "groupid" : 0,
      "job_start" : 1729844142654,
      "error" : 0,
      "eta" : 0,
      "elapsed" : 6,
      "job options" : {
        "name" : "Exo2_bs_32k_rep_1",
        "runtime" : "60",
        "numjobs" : "1",
        "rwmixwrite" : "33",
        "filesize" : "1G",
        "direct" : "1",
        "rw" : "randrw",
        "bs" : "32k"
      },
      "read" : {
        "io_bytes" : 718405632,
        "io_kbytes" : 701568,
        "bw_bytes" : 140149362,
        "bw" : 136864,
        "iops" : 4277.019118,
        "runtime" : 5126,
        "total_ios" : 21924,
        "short_ios" : 0,
        "drop_ios" : 0,
        "slat_ns" : {
          "min" : 0,
          "max" : 0,
          "mean" : 0.000000,
          "stddev" : 0.000000,
          "N" : 0
        },
        "clat_ns" : {
          "min" : 6000,
          "max" : 5166000,
          "mean" : 184447.181171,
          "stddev" : 179677.940714,
          "N" : 21924,
          "percentile" : {
            "1.000000" : 8032,
            "5.000000" : 10048,
            "10.000000" : 10944,
            "20.000000" : 16064,
            "30.000000" : 164864,
            "40.000000" : 183296,
            "50.000000" : 197632,
            "60.000000" : 209920,
            "70.000000" : 220160,
            "80.000000" : 232448,
            "90.000000" : 252928,
            "95.000000" : 272384,
            "99.000000" : 1155072,
            "99.500000" : 1302528,
            "99.900000" : 2007040,
            "99.950000" : 2277376,
            "99.990000" : 4014080
          }
        },
        "lat_ns" : {
          "min" : 7000,
          "max" : 5167000,
          "mean" : 184733.442802,
          "stddev" : 179691.662736,
          "N" : 21924
        },
        "bw_min" : 128446,
        "bw_max" : 146039,
        "bw_agg" : 99.920643,
        "bw_mean" : 136756.100000,
        "bw_dev" : 5712.084489,
        "bw_samples" : 10,
        "iops_min" : 4013,
        "iops_max" : 4563,
        "iops_mean" : 4273.200000,
        "iops_stddev" : 178.462445,
        "iops_samples" : 10
      },
      "write" : {
        "io_bytes" : 355336192,
        "io_kbytes" : 347008,
        "bw_bytes" : 69320365,
        "bw" : 67695,
        "iops" : 2115.489661,
        "runtime" : 5126,
        "total_ios" : 10844,
        "short_ios" : 0,
        "drop_ios" : 0,
        "slat_ns" : {
          "min" : 0,
          "max" : 0,
          "mean" : 0.000000,
          "stddev" : 0.000000,
          "N" : 0
        },
        "clat_ns" : {
          "min" : 59000,
          "max" : 1802000,
          "mean" : 88864.533383,
          "stddev" : 32273.635803,
          "N" : 10844,
          "percentile" : {
            "1.000000" : 61184,
            "5.000000" : 63232,
            "10.000000" : 64256,
            "20.000000" : 67072,
            "30.000000" : 75264,
            "40.000000" : 81408,
            "50.000000" : 87552,
            "60.000000" : 89600,
            "70.000000" : 92672,
            "80.000000" : 99840,
            "90.000000" : 115200,
            "95.000000" : 128512,
            "99.000000" : 173056,
            "99.500000" : 193536,
            "99.900000" : 280576,
            "99.950000" : 518144,
            "99.990000" : 1105920
          }
        },
        "lat_ns" : {
          "min" : 59000,
          "max" : 1803000,
          "mean" : 89778.863888,
          "stddev" : 32413.751241,
          "N" : 10844
        },
        "bw_min" : 60800,
        "bw_max" : 77577,
        "bw_agg" : 99.607554,
        "bw_mean" : 67430.000000,
        "bw_dev" : 5164.977745,
        "bw_samples" : 10,
        "iops_min" : 1900,
        "iops_max" : 2424,
        "iops_mean" : 2106.800000,
        "iops_stddev" : 161.305645,
        "iops_samples" : 10
      },
      "trim" : {
        "io_bytes" : 0,
        "io_kbytes" : 0,
        "bw_bytes" : 0,
        "bw" : 0,
        "iops" : 0.000000,
        "runtime" : 0,
        "total_ios" : 0,
        "short_ios" : 0,
        "drop_ios" : 0,
        "slat_ns" : {
          "min" : 0,
          "max" : 0,
          "mean" : 0.000000,
          "stddev" : 0.000000,
          "N" : 0
        },
        "clat_ns" : {
          "min" : 0,
          "max" : 0,
          "mean" : 0.000000,
          "stddev" : 0.000000,
          "N" : 0
        },
        "lat_ns" : {
          "min" : 0,
          "max" : 0,
          "mean" : 0.000000,
          "stddev" : 0.000000,
          "N" : 0
        },
        "bw_min" : 0,
        "bw_max" : 0,
        "bw_agg" : 0.000000,
        "bw_mean" : 0.000000,
        "bw_dev" : 0.000000,
        "bw_samples" : 0,
        "iops_min" : 0,
        "iops_max" : 0,
        "iops_mean" : 0.000000,
        "iops_stddev" : 0.000000,
        "iops_samples" : 0
      },
      "sync" : {
        "total_ios" : 0,
        "lat_ns" : {
          "min" : 0,
          "max" : 0,
          "mean" : 0.000000,
          "stddev" : 0.000000,
          "N" : 0
        }
      },
      "job_runtime" : 5125,
      "usr_cpu" : 3.121951,
      "sys_cpu" : 22.595122,
      "ctx" : 28433,
      "majf" : 0,
      "minf" : 31,
      "iodepth_level" : {
        "1" : 100.000000,
        "2" : 0.000000,
        "4" : 0.000000,
        "8" : 0.000000,
        "16" : 0.000000,
        "32" : 0.000000,
        ">=64" : 0.000000
      },
      "iodepth_submit" : {
        "0" : 0.000000,
        "4" : 100.000000,
        "8" : 0.000000,
        "16" : 0.000000,
        "32" : 0.000000,
        "64" : 0.000000,
        ">=64" : 0.000000
      },
      "iodepth_complete" : {
        "0" : 0.000000,
        "4" : 100.000000,
        "8" : 0.000000,
        "16" : 0.000000,
        "32" : 0.000000,
        "64" : 0.000000,
        ">=64" : 0.000000
      },
      "latency_ns" : {
        "2" : 0.000000,
        "4" : 0.000000,
        "10" : 0.000000,
        "20" : 0.000000,
        "50" : 0.000000,
        "100" : 0.000000,
        "250" : 0.000000,
        "500" : 0.000000,
        "750" : 0.000000,
        "1000" : 0.000000
      },
      "latency_us" : {
        "2" : 0.000000,
        "4" : 0.000000,
        "10" : 3.219604,
        "20" : 10.952759,
        "50" : 0.451660,
        "100" : 26.403809,
        "250" : 51.199341,
        "500" : 6.680298,
        "750" : 0.054932,
        "1000" : 0.100708
      },
      "latency_ms" : {
        "2" : 0.866699,
        "4" : 0.061035,
        "10" : 0.010000,
        "20" : 0.000000,
        "50" : 0.000000,
        "100" : 0.000000,
        "250" : 0.000000,
        "500" : 0.000000,
        "750" : 0.000000,
        "1000" : 0.000000,
        "2000" : 0.000000,
        ">=2000" : 0.000000
      },
      "latency_depth" : 1,
      "latency_target" : 0,
      "latency_percentile" : 100.000000,
      "latency_window" : 0
    }
  ]
}
