{
  "fio version" : "fio-3.38",
  "timestamp" : 1729844207,
  "timestamp_ms" : 1729844207181,
  "time" : "Fri Oct 25 10:16:47 2024",
  "jobs" : [
    {
      "jobname" : "Exo2_bs_128k_rep_4",
      "groupid" : 0,
      "job_start" : 1729844205670,
      "error" : 0,
      "eta" : 2147483647,
      "elapsed" : 2,
      "job options" : {
        "name" : "Exo2_bs_128k_rep_4",
        "runtime" : "60",
        "numjobs" : "1",
        "rwmixwrite" : "33",
        "filesize" : "1G",
        "direct" : "1",
        "rw" : "randrw",
        "bs" : "128k"
      },
      "read" : {
        "io_bytes" : 709623808,
        "io_kbytes" : 692992,
        "bw_bytes" : 483065900,
        "bw" : 471744,
        "iops" : 3685.500340,
        "runtime" : 1469,
        "total_ios" : 5414,
        "short_ios" : 0,
        "drop_ios" : 0,
        "slat_ns" : {
          "min" : 0,
          "max" : 0,
          "mean" : 0.000000,
          "stddev" : 0.000000,
          "N" : 0
        },
        "clat_ns" : {
          "min" : 21000,
          "max" : 4859000,
          "mean" : 107164.573328,
          "stddev" : 261517.318795,
          "N" : 5414,
          "percentile" : {
            "1.000000" : 22912,
            "5.000000" : 25984,
            "10.000000" : 27008,
            "20.000000" : 32128,
            "30.000000" : 34048,
            "40.000000" : 38144,
            "50.000000" : 43776,
            "60.000000" : 45824,
            "70.000000" : 52992,
            "80.000000" : 63232,
            "90.000000" : 292864,
            "95.000000" : 577536,
            "99.000000" : 1400832,
            "99.500000" : 2039808,
            "99.900000" : 3063808,
            "99.950000" : 3686400,
            "99.990000" : 4882432
          }
        },
        "lat_ns" : {
          "min" : 21000,
          "max" : 4860000,
          "mean" : 107646.841522,
          "stddev" : 261536.972854,
          "N" : 5414
        },
        "bw_min" : 320764,
        "bw_max" : 398818,
        "bw_agg" : 76.268266,
        "bw_mean" : 359791.000000,
        "bw_dev" : 55192.512699,
        "bw_samples" : 2,
        "iops_min" : 2505,
        "iops_max" : 3115,
        "iops_mean" : 2810.000000,
        "iops_stddev" : 431.335137,
        "iops_samples" : 2
      },
      "write" : {
        "io_bytes" : 364118016,
        "io_kbytes" : 355584,
        "bw_bytes" : 247867948,
        "bw" : 242058,
        "iops" : 1891.082369,
        "runtime" : 1469,
        "total_ios" : 2778,
        "short_ios" : 0,
        "drop_ios" : 0,
        "slat_ns" : {
          "min" : 0,
          "max" : 0,
          "mean" : 0.000000,
          "stddev" : 0.000000,
          "N" : 0
        },
        "clat_ns" : {
          "min" : 100000,
          "max" : 806000,
          "mean" : 302043.916487,
          "stddev" : 162747.565656,
          "N" : 2778,
          "percentile" : {
            "1.000000" : 117248,
            "5.000000" : 134144,
            "10.000000" : 138240,
            "20.000000" : 156672,
            "30.000000" : 173056,
            "40.000000" : 191488,
            "50.000000" : 209920,
            "60.000000" : 288768,
            "70.000000" : 477184,
            "80.000000" : 514048,
            "90.000000" : 536576,
            "95.000000" : 544768,
            "99.000000" : 552960,
            "99.500000" : 577536,
            "99.900000" : 659456,
            "99.950000" : 741376,
            "99.990000" : 806912
          }
        },
        "lat_ns" : {
          "min" : 103000,
          "max" : 811000,
          "mean" : 305813.174946,
          "stddev" : 162950.034469,
          "N" : 2778
        },
        "bw_min" : 176701,
        "bw_max" : 201325,
        "bw_agg" : 78.085656,
        "bw_mean" : 189013.000000,
        "bw_dev" : 17411.797380,
        "bw_samples" : 2,
        "iops_min" : 1380,
        "iops_max" : 1572,
        "iops_mean" : 1476.000000,
        "iops_stddev" : 135.764502,
        "iops_samples" : 2
      },
      "trim" : {
        "io_bytes" : 0,
        "io_kbytes" : 0,
        "bw_bytes" : 0,
        "bw" : 0,
        "iops" : 0.000000,
        "runtime" : 0,
        "total_ios" : 0,
        "short_ios" : 0,
        "drop_ios" : 0,
        "slat_ns" : {
          "min" : 0,
          "max" : 0,
          "mean" : 0.000000,
          "stddev" : 0.000000,
          "N" : 0
        },
        "clat_ns" : {
          "min" : 0,
          "max" : 0,
          "mean" : 0.000000,
          "stddev" : 0.000000,
          "N" : 0
        },
        "lat_ns" : {
          "min" : 0,
          "max" : 0,
          "mean" : 0.000000,
          "stddev" : 0.000000,
          "N" : 0
        },
        "bw_min" : 0,
        "bw_max" : 0,
        "bw_agg" : 0.000000,
        "bw_mean" : 0.000000,
        "bw_dev" : 0.000000,
        "bw_samples" : 0,
        "iops_min" : 0,
        "iops_max" : 0,
        "iops_mean" : 0.000000,
        "iops_stddev" : 0.000000,
        "iops_samples" : 0
      },
      "sync" : {
        "total_ios" : 0,
        "lat_ns" : {
          "min" : 0,
          "max" : 0,
          "mean" : 0.000000,
          "stddev" : 0.000000,
          "N" : 0
        }
      },
      "job_runtime" : 1468,
      "usr_cpu" : 4.836512,
      "sys_cpu" : 37.261580,
      "ctx" : 3429,
      "majf" : 0,
      "minf" : 30,
      "iodepth_level" : {
        "1" : 100.000000,
        "2" : 0.000000,
        "4" : 0.000000,
        "8" : 0.000000,
        "16" : 0.000000,
        "32" : 0.000000,
        ">=64" : 0.000000
      },
      "iodepth_submit" : {
        "0" : 0.000000,
        "4" : 100.000000,
        "8" : 0.000000,
        "16" : 0.000000,
        "32" : 0.000000,
        "64" : 0.000000,
        ">=64" : 0.000000
      },
      "iodepth_complete" : {
        "0" : 0.000000,
        "4" : 100.000000,
        "8" : 0.000000,
        "16" : 0.000000,
        "32" : 0.000000,
        "64" : 0.000000,
        ">=64" : 0.000000
      },
      "latency_ns" : {
        "2" : 0.000000,
        "4" : 0.000000,
        "10" : 0.000000,
        "20" : 0.000000,
        "50" : 0.000000,
        "100" : 0.000000,
        "250" : 0.000000,
        "500" : 0.000000,
        "750" : 0.000000,
        "1000" : 0.000000
      },
      "latency_us" : {
        "2" : 0.000000,
        "4" : 0.000000,
        "10" : 0.000000,
        "20" : 0.000000,
        "50" : 42.907715,
        "100" : 15.917969,
        "250" : 19.763184,
        "500" : 10.314941,
        "750" : 10.046387,
        "1000" : 0.122070
      },
      "latency_ms" : {
        "2" : 0.573730,
        "4" : 0.341797,
        "10" : 0.012207,
        "20" : 0.000000,
        "50" : 0.000000,
        "100" : 0.000000,
        "250" : 0.000000,
        "500" : 0.000000,
        "750" : 0.000000,
        "1000" : 0.000000,
        "2000" : 0.000000,
        ">=2000" : 0.000000
      },
      "latency_depth" : 1,
      "latency_target" : 0,
      "latency_percentile" : 100.000000,
      "latency_window" : 0
    }
  ]
}
