{
  "fio version" : "fio-3.38",
  "timestamp" : 1729846030,
  "timestamp_ms" : 1729846030774,
  "time" : "Fri Oct 25 10:47:10 2024",
  "jobs" : [
    {
      "jobname" : "Exo2_bs_512k_rep_4",
      "groupid" : 0,
      "job_start" : 1729846028330,
      "error" : 0,
      "eta" : 0,
      "elapsed" : 3,
      "job options" : {
        "name" : "Exo2_bs_512k_rep_4",
        "runtime" : "60",
        "numjobs" : "1",
        "rwmixwrite" : "33",
        "filesize" : "1G",
        "direct" : "1",
        "rw" : "randrw",
        "bs" : "512k"
      },
      "read" : {
        "io_bytes" : 714080256,
        "io_kbytes" : 697344,
        "bw_bytes" : 327710076,
        "bw" : 320029,
        "iops" : 625.057366,
        "runtime" : 2179,
        "total_ios" : 1362,
        "short_ios" : 0,
        "drop_ios" : 0,
        "slat_ns" : {
          "min" : 0,
          "max" : 0,
          "mean" : 0.000000,
          "stddev" : 0.000000,
          "N" : 0
        },
        "clat_ns" : {
          "min" : 379000,
          "max" : 4435000,
          "mean" : 898591.776799,
          "stddev" : 492171.367195,
          "N" : 1362,
          "percentile" : {
            "1.000000" : 382976,
            "5.000000" : 395264,
            "10.000000" : 407552,
            "20.000000" : 448512,
            "30.000000" : 460800,
            "40.000000" : 477184,
            "50.000000" : 1019904,
            "60.000000" : 1105920,
            "70.000000" : 1204224,
            "80.000000" : 1236992,
            "90.000000" : 1286144,
            "95.000000" : 1548288,
            "99.000000" : 2473984,
            "99.500000" : 3129344,
            "99.900000" : 4112384,
            "99.950000" : 4423680,
            "99.990000" : 4423680
          }
        },
        "lat_ns" : {
          "min" : 380000,
          "max" : 4437000,
          "mean" : 900883.259912,
          "stddev" : 492189.228766,
          "N" : 1362
        },
        "bw_min" : 301896,
        "bw_max" : 329214,
        "bw_agg" : 99.889269,
        "bw_mean" : 319675.000000,
        "bw_dev" : 12136.080669,
        "bw_samples" : 4,
        "iops_min" : 589,
        "iops_max" : 642,
        "iops_mean" : 623.750000,
        "iops_stddev" : 23.655514,
        "iops_samples" : 4
      },
      "write" : {
        "io_bytes" : 359661568,
        "io_kbytes" : 351232,
        "bw_bytes" : 165058085,
        "bw" : 161189,
        "iops" : 314.823313,
        "runtime" : 2179,
        "total_ios" : 686,
        "short_ios" : 0,
        "drop_ios" : 0,
        "slat_ns" : {
          "min" : 0,
          "max" : 0,
          "mean" : 0.000000,
          "stddev" : 0.000000,
          "N" : 0
        },
        "clat_ns" : {
          "min" : 972000,
          "max" : 3819000,
          "mean" : 1267714.285714,
          "stddev" : 183573.680985,
          "N" : 686,
          "percentile" : {
            "1.000000" : 1028096,
            "5.000000" : 1089536,
            "10.000000" : 1105920,
            "20.000000" : 1138688,
            "30.000000" : 1171456,
            "40.000000" : 1187840,
            "50.000000" : 1236992,
            "60.000000" : 1302528,
            "70.000000" : 1351680,
            "80.000000" : 1400832,
            "90.000000" : 1433600,
            "95.000000" : 1482752,
            "99.000000" : 1630208,
            "99.500000" : 2039808,
            "99.900000" : 3817472,
            "99.950000" : 3817472,
            "99.990000" : 3817472
          }
        },
        "lat_ns" : {
          "min" : 1018000,
          "max" : 3865000,
          "mean" : 1311782.798834,
          "stddev" : 182937.804584,
          "N" : 686
        },
        "bw_min" : 153499,
        "bw_max" : 167266,
        "bw_agg" : 99.808588,
        "bw_mean" : 160881.500000,
        "bw_dev" : 7090.196824,
        "bw_samples" : 4,
        "iops_min" : 299,
        "iops_max" : 326,
        "iops_mean" : 313.500000,
        "iops_stddev" : 14.011900,
        "iops_samples" : 4
      },
      "trim" : {
        "io_bytes" : 0,
        "io_kbytes" : 0,
        "bw_bytes" : 0,
        "bw" : 0,
        "iops" : 0.000000,
        "runtime" : 0,
        "total_ios" : 0,
        "short_ios" : 0,
        "drop_ios" : 0,
        "slat_ns" : {
          "min" : 0,
          "max" : 0,
          "mean" : 0.000000,
          "stddev" : 0.000000,
          "N" : 0
        },
        "clat_ns" : {
          "min" : 0,
          "max" : 0,
          "mean" : 0.000000,
          "stddev" : 0.000000,
          "N" : 0
        },
        "lat_ns" : {
          "min" : 0,
          "max" : 0,
          "mean" : 0.000000,
          "stddev" : 0.000000,
          "N" : 0
        },
        "bw_min" : 0,
        "bw_max" : 0,
        "bw_agg" : 0.000000,
        "bw_mean" : 0.000000,
        "bw_dev" : 0.000000,
        "bw_samples" : 0,
        "iops_min" : 0,
        "iops_max" : 0,
        "iops_mean" : 0.000000,
        "iops_stddev" : 0.000000,
        "iops_samples" : 0
      },
      "sync" : {
        "total_ios" : 0,
        "lat_ns" : {
          "min" : 0,
          "max" : 0,
          "mean" : 0.000000,
          "stddev" : 0.000000,
          "N" : 0
        }
      },
      "job_runtime" : 2178,
      "usr_cpu" : 5.096419,
      "sys_cpu" : 46.372819,
      "ctx" : 1508,
      "majf" : 0,
      "minf" : 31,
      "iodepth_level" : {
        "1" : 100.000000,
        "2" : 0.000000,
        "4" : 0.000000,
        "8" : 0.000000,
        "16" : 0.000000,
        "32" : 0.000000,
        ">=64" : 0.000000
      },
      "iodepth_submit" : {
        "0" : 0.000000,
        "4" : 100.000000,
        "8" : 0.000000,
        "16" : 0.000000,
        "32" : 0.000000,
        "64" : 0.000000,
        ">=64" : 0.000000
      },
      "iodepth_complete" : {
        "0" : 0.000000,
        "4" : 100.000000,
        "8" : 0.000000,
        "16" : 0.000000,
        "32" : 0.000000,
        "64" : 0.000000,
        ">=64" : 0.000000
      },
      "latency_ns" : {
        "2" : 0.000000,
        "4" : 0.000000,
        "10" : 0.000000,
        "20" : 0.000000,
        "50" : 0.000000,
        "100" : 0.000000,
        "250" : 0.000000,
        "500" : 0.000000,
        "750" : 0.000000,
        "1000" : 0.000000
      },
      "latency_us" : {
        "2" : 0.000000,
        "4" : 0.000000,
        "10" : 0.000000,
        "20" : 0.000000,
        "50" : 0.000000,
        "100" : 0.000000,
        "250" : 0.000000,
        "500" : 27.734375,
        "750" : 2.294922,
        "1000" : 2.197266
      },
      "latency_ms" : {
        "2" : 65.625000,
        "4" : 2.050781,
        "10" : 0.097656,
        "20" : 0.000000,
        "50" : 0.000000,
        "100" : 0.000000,
        "250" : 0.000000,
        "500" : 0.000000,
        "750" : 0.000000,
        "1000" : 0.000000,
        "2000" : 0.000000,
        ">=2000" : 0.000000
      },
      "latency_depth" : 1,
      "latency_target" : 0,
      "latency_percentile" : 100.000000,
      "latency_window" : 0
    }
  ]
}
