{
  "fio version" : "fio-3.38",
  "timestamp" : 1729843896,
  "timestamp_ms" : 1729843896000,
  "time" : "Fri Oct 25 10:11:36 2024",
  "jobs" : [
    {
      "jobname" : "Exo2_bs_2k_rep_5",
      "groupid" : 0,
      "job_start" : 1729843840704,
      "error" : 0,
      "eta" : 0,
      "elapsed" : 56,
      "job options" : {
        "name" : "Exo2_bs_2k_rep_5",
        "runtime" : "60",
        "numjobs" : "1",
        "rwmixwrite" : "33",
        "filesize" : "1G",
        "direct" : "1",
        "rw" : "randrw",
        "bs" : "2k"
      },
      "read" : {
        "io_bytes" : 718510080,
        "io_kbytes" : 701670,
        "bw_bytes" : 13009416,
        "bw" : 12704,
        "iops" : 6352.254210,
        "runtime" : 55230,
        "total_ios" : 350835,
        "short_ios" : 0,
        "drop_ios" : 0,
        "slat_ns" : {
          "min" : 0,
          "max" : 0,
          "mean" : 0.000000,
          "stddev" : 0.000000,
          "N" : 0
        },
        "clat_ns" : {
          "min" : 2000,
          "max" : 5184000,
          "mean" : 90799.127795,
          "stddev" : 75710.512250,
          "N" : 350835,
          "percentile" : {
            "1.000000" : 2008,
            "5.000000" : 2992,
            "10.000000" : 2992,
            "20.000000" : 4016,
            "30.000000" : 92672,
            "40.000000" : 95744,
            "50.000000" : 97792,
            "60.000000" : 110080,
            "70.000000" : 112128,
            "80.000000" : 115200,
            "90.000000" : 126464,
            "95.000000" : 148480,
            "99.000000" : 220160,
            "99.500000" : 261120,
            "99.900000" : 1220608,
            "99.950000" : 1449984,
            "99.990000" : 1597440
          }
        },
        "lat_ns" : {
          "min" : 2000,
          "max" : 5184000,
          "mean" : 91023.532430,
          "stddev" : 75720.426335,
          "N" : 350835
        },
        "bw_min" : 9748,
        "bw_max" : 13964,
        "bw_agg" : 100.000000,
        "bw_mean" : 12714.063636,
        "bw_dev" : 607.435311,
        "bw_samples" : 110,
        "iops_min" : 4874,
        "iops_max" : 6982,
        "iops_mean" : 6356.972727,
        "iops_stddev" : 303.704965,
        "iops_samples" : 110
      },
      "write" : {
        "io_bytes" : 355231744,
        "io_kbytes" : 346906,
        "bw_bytes" : 6431862,
        "bw" : 6281,
        "iops" : 3140.557668,
        "runtime" : 55230,
        "total_ios" : 173453,
        "short_ios" : 0,
        "drop_ios" : 0,
        "slat_ns" : {
          "min" : 0,
          "max" : 0,
          "mean" : 0.000000,
          "stddev" : 0.000000,
          "N" : 0
        },
        "clat_ns" : {
          "min" : 10000,
          "max" : 3838000,
          "mean" : 127420.384773,
          "stddev" : 85461.749298,
          "N" : 173453,
          "percentile" : {
            "1.000000" : 22912,
            "5.000000" : 25984,
            "10.000000" : 27008,
            "20.000000" : 31104,
            "30.000000" : 115200,
            "40.000000" : 128512,
            "50.000000" : 132096,
            "60.000000" : 144384,
            "70.000000" : 148480,
            "80.000000" : 164864,
            "90.000000" : 189440,
            "95.000000" : 207872,
            "99.000000" : 268288,
            "99.500000" : 313344,
            "99.900000" : 1302528,
            "99.950000" : 1499136,
            "99.990000" : 1695744
          }
        },
        "lat_ns" : {
          "min" : 11000,
          "max" : 3838000,
          "mean" : 127655.001643,
          "stddev" : 85469.247535,
          "N" : 173453
        },
        "bw_min" : 4892,
        "bw_max" : 6972,
        "bw_agg" : 100.000000,
        "bw_mean" : 6285.572727,
        "bw_dev" : 318.425267,
        "bw_samples" : 110,
        "iops_min" : 2446,
        "iops_max" : 3486,
        "iops_mean" : 3142.690909,
        "iops_stddev" : 159.233989,
        "iops_samples" : 110
      },
      "trim" : {
        "io_bytes" : 0,
        "io_kbytes" : 0,
        "bw_bytes" : 0,
        "bw" : 0,
        "iops" : 0.000000,
        "runtime" : 0,
        "total_ios" : 0,
        "short_ios" : 0,
        "drop_ios" : 0,
        "slat_ns" : {
          "min" : 0,
          "max" : 0,
          "mean" : 0.000000,
          "stddev" : 0.000000,
          "N" : 0
        },
        "clat_ns" : {
          "min" : 0,
          "max" : 0,
          "mean" : 0.000000,
          "stddev" : 0.000000,
          "N" : 0
        },
        "lat_ns" : {
          "min" : 0,
          "max" : 0,
          "mean" : 0.000000,
          "stddev" : 0.000000,
          "N" : 0
        },
        "bw_min" : 0,
        "bw_max" : 0,
        "bw_agg" : 0.000000,
        "bw_mean" : 0.000000,
        "bw_dev" : 0.000000,
        "bw_samples" : 0,
        "iops_min" : 0,
        "iops_max" : 0,
        "iops_mean" : 0.000000,
        "iops_stddev" : 0.000000,
        "iops_samples" : 0
      },
      "sync" : {
        "total_ios" : 0,
        "lat_ns" : {
          "min" : 0,
          "max" : 0,
          "mean" : 0.000000,
          "stddev" : 0.000000,
          "N" : 0
        }
      },
      "job_runtime" : 55229,
      "usr_cpu" : 3.157761,
      "sys_cpu" : 22.873853,
      "ctx" : 411858,
      "majf" : 0,
      "minf" : 33,
      "iodepth_level" : {
        "1" : 100.000000,
        "2" : 0.000000,
        "4" : 0.000000,
        "8" : 0.000000,
        "16" : 0.000000,
        "32" : 0.000000,
        ">=64" : 0.000000
      },
      "iodepth_submit" : {
        "0" : 0.000000,
        "4" : 100.000000,
        "8" : 0.000000,
        "16" : 0.000000,
        "32" : 0.000000,
        "64" : 0.000000,
        ">=64" : 0.000000
      },
      "iodepth_complete" : {
        "0" : 0.000000,
        "4" : 100.000000,
        "8" : 0.000000,
        "16" : 0.000000,
        "32" : 0.000000,
        "64" : 0.000000,
        ">=64" : 0.000000
      },
      "latency_ns" : {
        "2" : 0.000000,
        "4" : 0.000000,
        "10" : 0.000000,
        "20" : 0.000000,
        "50" : 0.000000,
        "100" : 0.000000,
        "250" : 0.000000,
        "500" : 0.000000,
        "750" : 0.000000,
        "1000" : 0.000000
      },
      "latency_us" : {
        "2" : 0.000000,
        "4" : 6.803131,
        "10" : 7.712555,
        "20" : 0.210762,
        "50" : 7.217026,
        "100" : 19.928932,
        "250" : 57.297707,
        "500" : 0.590897,
        "750" : 0.035095,
        "1000" : 0.010000
      },
      "latency_ms" : {
        "2" : 0.197601,
        "4" : 0.010000,
        "10" : 0.010000,
        "20" : 0.000000,
        "50" : 0.000000,
        "100" : 0.000000,
        "250" : 0.000000,
        "500" : 0.000000,
        "750" : 0.000000,
        "1000" : 0.000000,
        "2000" : 0.000000,
        ">=2000" : 0.000000
      },
      "latency_depth" : 1,
      "latency_target" : 0,
      "latency_percentile" : 100.000000,
      "latency_window" : 0
    }
  ]
}
