{
  "fio version" : "fio-3.38",
  "timestamp" : 1729844131,
  "timestamp_ms" : 1729844131999,
  "time" : "Fri Oct 25 10:15:31 2024",
  "jobs" : [
    {
      "jobname" : "Exo2_bs_16k_rep_4",
      "groupid" : 0,
      "job_start" : 1729844123958,
      "error" : 0,
      "eta" : 0,
      "elapsed" : 9,
      "job options" : {
        "name" : "Exo2_bs_16k_rep_4",
        "runtime" : "60",
        "numjobs" : "1",
        "rwmixwrite" : "33",
        "filesize" : "1G",
        "direct" : "1",
        "rw" : "randrw",
        "bs" : "16k"
      },
      "read" : {
        "io_bytes" : 719093760,
        "io_kbytes" : 702240,
        "bw_bytes" : 91499396,
        "bw" : 89354,
        "iops" : 5584.679985,
        "runtime" : 7859,
        "total_ios" : 43890,
        "short_ios" : 0,
        "drop_ios" : 0,
        "slat_ns" : {
          "min" : 0,
          "max" : 0,
          "mean" : 0.000000,
          "stddev" : 0.000000,
          "N" : 0
        },
        "clat_ns" : {
          "min" : 4000,
          "max" : 4085000,
          "mean" : 142640.168603,
          "stddev" : 133330.942561,
          "N" : 43890,
          "percentile" : {
            "1.000000" : 5024,
            "5.000000" : 5984,
            "10.000000" : 5984,
            "20.000000" : 20096,
            "30.000000" : 128512,
            "40.000000" : 140288,
            "50.000000" : 150528,
            "60.000000" : 158720,
            "70.000000" : 173056,
            "80.000000" : 187392,
            "90.000000" : 205824,
            "95.000000" : 220160,
            "99.000000" : 276480,
            "99.500000" : 1138688,
            "99.900000" : 1908736,
            "99.950000" : 2113536,
            "99.990000" : 2932736
          }
        },
        "lat_ns" : {
          "min" : 4000,
          "max" : 4085000,
          "mean" : 142892.116655,
          "stddev" : 133335.631152,
          "N" : 43890
        },
        "bw_min" : 83040,
        "bw_max" : 93408,
        "bw_agg" : 100.000000,
        "bw_mean" : 89454.333333,
        "bw_dev" : 2670.474588,
        "bw_samples" : 15,
        "iops_min" : 5190,
        "iops_max" : 5838,
        "iops_mean" : 5590.600000,
        "iops_stddev" : 166.974677,
        "iops_samples" : 15
      },
      "write" : {
        "io_bytes" : 354648064,
        "io_kbytes" : 346336,
        "bw_bytes" : 45126360,
        "bw" : 44068,
        "iops" : 2754.294439,
        "runtime" : 7859,
        "total_ios" : 21646,
        "short_ios" : 0,
        "drop_ios" : 0,
        "slat_ns" : {
          "min" : 0,
          "max" : 0,
          "mean" : 0.000000,
          "stddev" : 0.000000,
          "N" : 0
        },
        "clat_ns" : {
          "min" : 52000,
          "max" : 1846000,
          "mean" : 65595.768271,
          "stddev" : 29994.624122,
          "N" : 21646,
          "percentile" : {
            "1.000000" : 52992,
            "5.000000" : 54016,
            "10.000000" : 55040,
            "20.000000" : 55040,
            "30.000000" : 56064,
            "40.000000" : 57088,
            "50.000000" : 59136,
            "60.000000" : 61184,
            "70.000000" : 66048,
            "80.000000" : 72192,
            "90.000000" : 86528,
            "95.000000" : 93696,
            "99.000000" : 122368,
            "99.500000" : 142336,
            "99.900000" : 224256,
            "99.950000" : 561152,
            "99.990000" : 1318912
          }
        },
        "lat_ns" : {
          "min" : 52000,
          "max" : 1847000,
          "mean" : 66086.343897,
          "stddev" : 30042.965785,
          "N" : 21646
        },
        "bw_min" : 41261,
        "bw_max" : 46912,
        "bw_agg" : 99.984772,
        "bw_mean" : 44062.600000,
        "bw_dev" : 1522.472041,
        "bw_samples" : 15,
        "iops_min" : 2578,
        "iops_max" : 2932,
        "iops_mean" : 2753.600000,
        "iops_stddev" : 95.185383,
        "iops_samples" : 15
      },
      "trim" : {
        "io_bytes" : 0,
        "io_kbytes" : 0,
        "bw_bytes" : 0,
        "bw" : 0,
        "iops" : 0.000000,
        "runtime" : 0,
        "total_ios" : 0,
        "short_ios" : 0,
        "drop_ios" : 0,
        "slat_ns" : {
          "min" : 0,
          "max" : 0,
          "mean" : 0.000000,
          "stddev" : 0.000000,
          "N" : 0
        },
        "clat_ns" : {
          "min" : 0,
          "max" : 0,
          "mean" : 0.000000,
          "stddev" : 0.000000,
          "N" : 0
        },
        "lat_ns" : {
          "min" : 0,
          "max" : 0,
          "mean" : 0.000000,
          "stddev" : 0.000000,
          "N" : 0
        },
        "bw_min" : 0,
        "bw_max" : 0,
        "bw_agg" : 0.000000,
        "bw_mean" : 0.000000,
        "bw_dev" : 0.000000,
        "bw_samples" : 0,
        "iops_min" : 0,
        "iops_max" : 0,
        "iops_mean" : 0.000000,
        "iops_stddev" : 0.000000,
        "iops_samples" : 0
      },
      "sync" : {
        "total_ios" : 0,
        "lat_ns" : {
          "min" : 0,
          "max" : 0,
          "mean" : 0.000000,
          "stddev" : 0.000000,
          "N" : 0
        }
      },
      "job_runtime" : 7858,
      "usr_cpu" : 3.117842,
      "sys_cpu" : 22.143039,
      "ctx" : 57183,
      "majf" : 0,
      "minf" : 39,
      "iodepth_level" : {
        "1" : 100.000000,
        "2" : 0.000000,
        "4" : 0.000000,
        "8" : 0.000000,
        "16" : 0.000000,
        "32" : 0.000000,
        ">=64" : 0.000000
      },
      "iodepth_submit" : {
        "0" : 0.000000,
        "4" : 100.000000,
        "8" : 0.000000,
        "16" : 0.000000,
        "32" : 0.000000,
        "64" : 0.000000,
        ">=64" : 0.000000
      },
      "iodepth_complete" : {
        "0" : 0.000000,
        "4" : 100.000000,
        "8" : 0.000000,
        "16" : 0.000000,
        "32" : 0.000000,
        "64" : 0.000000,
        ">=64" : 0.000000
      },
      "latency_ns" : {
        "2" : 0.000000,
        "4" : 0.000000,
        "10" : 0.000000,
        "20" : 0.000000,
        "50" : 0.000000,
        "100" : 0.000000,
        "250" : 0.000000,
        "500" : 0.000000,
        "750" : 0.000000,
        "1000" : 0.000000
      },
      "latency_us" : {
        "2" : 0.000000,
        "4" : 0.000000,
        "10" : 12.994385,
        "20" : 0.382996,
        "50" : 0.265503,
        "100" : 31.961060,
        "250" : 53.309631,
        "500" : 0.566101,
        "750" : 0.021362,
        "1000" : 0.041199
      },
      "latency_ms" : {
        "2" : 0.410461,
        "4" : 0.041199,
        "10" : 0.010000,
        "20" : 0.000000,
        "50" : 0.000000,
        "100" : 0.000000,
        "250" : 0.000000,
        "500" : 0.000000,
        "750" : 0.000000,
        "1000" : 0.000000,
        "2000" : 0.000000,
        ">=2000" : 0.000000
      },
      "latency_depth" : 1,
      "latency_target" : 0,
      "latency_percentile" : 100.000000,
      "latency_window" : 0
    }
  ]
}
