{
  "fio version" : "fio-3.38",
  "timestamp" : 1729843980,
  "timestamp_ms" : 1729843980305,
  "time" : "Fri Oct 25 10:13:00 2024",
  "jobs" : [
    {
      "jobname" : "Exo2_bs_4k_rep_3",
      "groupid" : 0,
      "job_start" : 1729843958540,
      "error" : 0,
      "eta" : 0,
      "elapsed" : 22,
      "job options" : {
        "name" : "Exo2_bs_4k_rep_3",
        "runtime" : "60",
        "numjobs" : "1",
        "rwmixwrite" : "33",
        "filesize" : "1G",
        "direct" : "1",
        "rw" : "randrw",
        "bs" : "4k"
      },
      "read" : {
        "io_bytes" : 718589952,
        "io_kbytes" : 701748,
        "bw_bytes" : 33145292,
        "bw" : 32368,
        "iops" : 8092.112546,
        "runtime" : 21680,
        "total_ios" : 175437,
        "short_ios" : 0,
        "drop_ios" : 0,
        "slat_ns" : {
          "min" : 0,
          "max" : 0,
          "mean" : 0.000000,
          "stddev" : 0.000000,
          "N" : 0
        },
        "clat_ns" : {
          "min" : 2000,
          "max" : 5249000,
          "mean" : 105681.982706,
          "stddev" : 85737.147970,
          "N" : 175437,
          "percentile" : {
            "1.000000" : 2992,
            "5.000000" : 2992,
            "10.000000" : 4016,
            "20.000000" : 91648,
            "30.000000" : 94720,
            "40.000000" : 109056,
            "50.000000" : 111104,
            "60.000000" : 116224,
            "70.000000" : 122368,
            "80.000000" : 138240,
            "90.000000" : 142336,
            "95.000000" : 160768,
            "99.000000" : 236544,
            "99.500000" : 309248,
            "99.900000" : 1433600,
            "99.950000" : 1499136,
            "99.990000" : 1646592
          }
        },
        "lat_ns" : {
          "min" : 2000,
          "max" : 5249000,
          "mean" : 105901.753906,
          "stddev" : 85741.413079,
          "N" : 175437
        },
        "bw_min" : 29893,
        "bw_max" : 34518,
        "bw_agg" : 100.000000,
        "bw_mean" : 32402.744186,
        "bw_dev" : 1128.784557,
        "bw_samples" : 43,
        "iops_min" : 7473,
        "iops_max" : 8629,
        "iops_mean" : 8100.511628,
        "iops_stddev" : 282.107660,
        "iops_samples" : 43
      },
      "write" : {
        "io_bytes" : 355151872,
        "io_kbytes" : 346828,
        "bw_bytes" : 16381543,
        "bw" : 15997,
        "iops" : 3999.400369,
        "runtime" : 21680,
        "total_ios" : 86707,
        "short_ios" : 0,
        "drop_ios" : 0,
        "slat_ns" : {
          "min" : 0,
          "max" : 0,
          "mean" : 0.000000,
          "stddev" : 0.000000,
          "N" : 0
        },
        "clat_ns" : {
          "min" : 11000,
          "max" : 2372000,
          "mean" : 30063.743412,
          "stddev" : 10647.528140,
          "N" : 86707,
          "percentile" : {
            "1.000000" : 23936,
            "5.000000" : 24960,
            "10.000000" : 25984,
            "20.000000" : 27008,
            "30.000000" : 28032,
            "40.000000" : 28032,
            "50.000000" : 29056,
            "60.000000" : 29056,
            "70.000000" : 30080,
            "80.000000" : 31104,
            "90.000000" : 35072,
            "95.000000" : 41216,
            "99.000000" : 54016,
            "99.500000" : 64256,
            "99.900000" : 95744,
            "99.950000" : 117248,
            "99.990000" : 201728
          }
        },
        "lat_ns" : {
          "min" : 11000,
          "max" : 2372000,
          "mean" : 30342.071574,
          "stddev" : 10679.046254,
          "N" : 86707
        },
        "bw_min" : 14784,
        "bw_max" : 17096,
        "bw_agg" : 100.000000,
        "bw_mean" : 16011.069767,
        "bw_dev" : 603.864791,
        "bw_samples" : 43,
        "iops_min" : 3696,
        "iops_max" : 4274,
        "iops_mean" : 4002.534884,
        "iops_stddev" : 151.003366,
        "iops_samples" : 43
      },
      "trim" : {
        "io_bytes" : 0,
        "io_kbytes" : 0,
        "bw_bytes" : 0,
        "bw" : 0,
        "iops" : 0.000000,
        "runtime" : 0,
        "total_ios" : 0,
        "short_ios" : 0,
        "drop_ios" : 0,
        "slat_ns" : {
          "min" : 0,
          "max" : 0,
          "mean" : 0.000000,
          "stddev" : 0.000000,
          "N" : 0
        },
        "clat_ns" : {
          "min" : 0,
          "max" : 0,
          "mean" : 0.000000,
          "stddev" : 0.000000,
          "N" : 0
        },
        "lat_ns" : {
          "min" : 0,
          "max" : 0,
          "mean" : 0.000000,
          "stddev" : 0.000000,
          "N" : 0
        },
        "bw_min" : 0,
        "bw_max" : 0,
        "bw_agg" : 0.000000,
        "bw_mean" : 0.000000,
        "bw_dev" : 0.000000,
        "bw_samples" : 0,
        "iops_min" : 0,
        "iops_max" : 0,
        "iops_mean" : 0.000000,
        "iops_stddev" : 0.000000,
        "iops_samples" : 0
      },
      "sync" : {
        "total_ios" : 0,
        "lat_ns" : {
          "min" : 0,
          "max" : 0,
          "mean" : 0.000000,
          "stddev" : 0.000000,
          "N" : 0
        }
      },
      "job_runtime" : 21679,
      "usr_cpu" : 3.556437,
      "sys_cpu" : 25.522395,
      "ctx" : 149763,
      "majf" : 0,
      "minf" : 35,
      "iodepth_level" : {
        "1" : 100.000000,
        "2" : 0.000000,
        "4" : 0.000000,
        "8" : 0.000000,
        "16" : 0.000000,
        "32" : 0.000000,
        ">=64" : 0.000000
      },
      "iodepth_submit" : {
        "0" : 0.000000,
        "4" : 100.000000,
        "8" : 0.000000,
        "16" : 0.000000,
        "32" : 0.000000,
        "64" : 0.000000,
        ">=64" : 0.000000
      },
      "iodepth_complete" : {
        "0" : 0.000000,
        "4" : 100.000000,
        "8" : 0.000000,
        "16" : 0.000000,
        "32" : 0.000000,
        "64" : 0.000000,
        ">=64" : 0.000000
      },
      "latency_ns" : {
        "2" : 0.000000,
        "4" : 0.000000,
        "10" : 0.000000,
        "20" : 0.000000,
        "50" : 0.000000,
        "100" : 0.000000,
        "250" : 0.000000,
        "500" : 0.000000,
        "750" : 0.000000,
        "1000" : 0.000000
      },
      "latency_us" : {
        "2" : 0.000000,
        "4" : 3.823853,
        "10" : 6.690216,
        "20" : 0.330353,
        "50" : 32.186890,
        "100" : 14.297104,
        "250" : 42.107773,
        "500" : 0.353622,
        "750" : 0.016785,
        "1000" : 0.010000
      },
      "latency_ms" : {
        "2" : 0.184250,
        "4" : 0.010000,
        "10" : 0.010000,
        "20" : 0.000000,
        "50" : 0.000000,
        "100" : 0.000000,
        "250" : 0.000000,
        "500" : 0.000000,
        "750" : 0.000000,
        "1000" : 0.000000,
        "2000" : 0.000000,
        ">=2000" : 0.000000
      },
      "latency_depth" : 1,
      "latency_target" : 0,
      "latency_percentile" : 100.000000,
      "latency_window" : 0
    }
  ]
}
