{
  "fio version" : "fio-3.38",
  "timestamp" : 1729846037,
  "timestamp_ms" : 1729846037226,
  "time" : "Fri Oct 25 10:47:17 2024",
  "jobs" : [
    {
      "jobname" : "Exo2_bs_512k_rep_5",
      "groupid" : 0,
      "job_start" : 1729846035081,
      "error" : 0,
      "eta" : 0,
      "elapsed" : 3,
      "job options" : {
        "name" : "Exo2_bs_512k_rep_5",
        "runtime" : "60",
        "numjobs" : "1",
        "rwmixwrite" : "33",
        "filesize" : "1G",
        "direct" : "1",
        "rw" : "randrw",
        "bs" : "512k"
      },
      "read" : {
        "io_bytes" : 714080256,
        "io_kbytes" : 697344,
        "bw_bytes" : 349354332,
        "bw" : 341166,
        "iops" : 666.340509,
        "runtime" : 2044,
        "total_ios" : 1362,
        "short_ios" : 0,
        "drop_ios" : 0,
        "slat_ns" : {
          "min" : 0,
          "max" : 0,
          "mean" : 0.000000,
          "stddev" : 0.000000,
          "N" : 0
        },
        "clat_ns" : {
          "min" : 378000,
          "max" : 5250000,
          "mean" : 852222.466960,
          "stddev" : 466839.123022,
          "N" : 1362,
          "percentile" : {
            "1.000000" : 382976,
            "5.000000" : 391168,
            "10.000000" : 411648,
            "20.000000" : 444416,
            "30.000000" : 456704,
            "40.000000" : 505856,
            "50.000000" : 978944,
            "60.000000" : 1019904,
            "70.000000" : 1056768,
            "80.000000" : 1105920,
            "90.000000" : 1236992,
            "95.000000" : 1449984,
            "99.000000" : 2342912,
            "99.500000" : 2539520,
            "99.900000" : 4816896,
            "99.950000" : 5275648,
            "99.990000" : 5275648
          }
        },
        "lat_ns" : {
          "min" : 379000,
          "max" : 5253000,
          "mean" : 854435.389134,
          "stddev" : 466867.284764,
          "N" : 1362
        },
        "bw_min" : 320380,
        "bw_max" : 371992,
        "bw_agg" : 100.000000,
        "bw_mean" : 341885.750000,
        "bw_dev" : 21825.645136,
        "bw_samples" : 4,
        "iops_min" : 625,
        "iops_max" : 726,
        "iops_mean" : 667.250000,
        "iops_stddev" : 42.703435,
        "iops_samples" : 4
      },
      "write" : {
        "io_bytes" : 359661568,
        "io_kbytes" : 351232,
        "bw_bytes" : 175959671,
        "bw" : 171835,
        "iops" : 335.616438,
        "runtime" : 2044,
        "total_ios" : 686,
        "short_ios" : 0,
        "drop_ios" : 0,
        "slat_ns" : {
          "min" : 0,
          "max" : 0,
          "mean" : 0.000000,
          "stddev" : 0.000000,
          "N" : 0
        },
        "clat_ns" : {
          "min" : 913000,
          "max" : 2075000,
          "mean" : 1165244.897959,
          "stddev" : 114575.821051,
          "N" : 686,
          "percentile" : {
            "1.000000" : 970752,
            "5.000000" : 1028096,
            "10.000000" : 1056768,
            "20.000000" : 1089536,
            "30.000000" : 1105920,
            "40.000000" : 1122304,
            "50.000000" : 1138688,
            "60.000000" : 1171456,
            "70.000000" : 1187840,
            "80.000000" : 1236992,
            "90.000000" : 1302528,
            "95.000000" : 1368064,
            "99.000000" : 1499136,
            "99.500000" : 1646592,
            "99.900000" : 2072576,
            "99.950000" : 2072576,
            "99.990000" : 2072576
          }
        },
        "lat_ns" : {
          "min" : 961000,
          "max" : 2236000,
          "mean" : 1210166.180758,
          "stddev" : 115212.536419,
          "N" : 686
        },
        "bw_min" : 163512,
        "bw_max" : 179200,
        "bw_agg" : 99.911185,
        "bw_mean" : 171683.000000,
        "bw_dev" : 6986.689154,
        "bw_samples" : 4,
        "iops_min" : 319,
        "iops_max" : 350,
        "iops_mean" : 335.000000,
        "iops_stddev" : 13.735599,
        "iops_samples" : 4
      },
      "trim" : {
        "io_bytes" : 0,
        "io_kbytes" : 0,
        "bw_bytes" : 0,
        "bw" : 0,
        "iops" : 0.000000,
        "runtime" : 0,
        "total_ios" : 0,
        "short_ios" : 0,
        "drop_ios" : 0,
        "slat_ns" : {
          "min" : 0,
          "max" : 0,
          "mean" : 0.000000,
          "stddev" : 0.000000,
          "N" : 0
        },
        "clat_ns" : {
          "min" : 0,
          "max" : 0,
          "mean" : 0.000000,
          "stddev" : 0.000000,
          "N" : 0
        },
        "lat_ns" : {
          "min" : 0,
          "max" : 0,
          "mean" : 0.000000,
          "stddev" : 0.000000,
          "N" : 0
        },
        "bw_min" : 0,
        "bw_max" : 0,
        "bw_agg" : 0.000000,
        "bw_mean" : 0.000000,
        "bw_dev" : 0.000000,
        "bw_samples" : 0,
        "iops_min" : 0,
        "iops_max" : 0,
        "iops_mean" : 0.000000,
        "iops_stddev" : 0.000000,
        "iops_samples" : 0
      },
      "sync" : {
        "total_ios" : 0,
        "lat_ns" : {
          "min" : 0,
          "max" : 0,
          "mean" : 0.000000,
          "stddev" : 0.000000,
          "N" : 0
        }
      },
      "job_runtime" : 2043,
      "usr_cpu" : 5.090553,
      "sys_cpu" : 48.311307,
      "ctx" : 1588,
      "majf" : 0,
      "minf" : 31,
      "iodepth_level" : {
        "1" : 100.000000,
        "2" : 0.000000,
        "4" : 0.000000,
        "8" : 0.000000,
        "16" : 0.000000,
        "32" : 0.000000,
        ">=64" : 0.000000
      },
      "iodepth_submit" : {
        "0" : 0.000000,
        "4" : 100.000000,
        "8" : 0.000000,
        "16" : 0.000000,
        "32" : 0.000000,
        "64" : 0.000000,
        ">=64" : 0.000000
      },
      "iodepth_complete" : {
        "0" : 0.000000,
        "4" : 100.000000,
        "8" : 0.000000,
        "16" : 0.000000,
        "32" : 0.000000,
        "64" : 0.000000,
        ">=64" : 0.000000
      },
      "latency_ns" : {
        "2" : 0.000000,
        "4" : 0.000000,
        "10" : 0.000000,
        "20" : 0.000000,
        "50" : 0.000000,
        "100" : 0.000000,
        "250" : 0.000000,
        "500" : 0.000000,
        "750" : 0.000000,
        "1000" : 0.000000
      },
      "latency_us" : {
        "2" : 0.000000,
        "4" : 0.000000,
        "10" : 0.000000,
        "20" : 0.000000,
        "50" : 0.000000,
        "100" : 0.000000,
        "250" : 0.000000,
        "500" : 26.123047,
        "750" : 3.759766,
        "1000" : 6.250000
      },
      "latency_ms" : {
        "2" : 62.011719,
        "4" : 1.708984,
        "10" : 0.146484,
        "20" : 0.000000,
        "50" : 0.000000,
        "100" : 0.000000,
        "250" : 0.000000,
        "500" : 0.000000,
        "750" : 0.000000,
        "1000" : 0.000000,
        "2000" : 0.000000,
        ">=2000" : 0.000000
      },
      "latency_depth" : 1,
      "latency_target" : 0,
      "latency_percentile" : 100.000000,
      "latency_window" : 0
    }
  ]
}
