{
  "fio version" : "fio-3.38",
  "timestamp" : 1729844113,
  "timestamp_ms" : 1729844113315,
  "time" : "Fri Oct 25 10:15:13 2024",
  "jobs" : [
    {
      "jobname" : "Exo2_bs_16k_rep_2",
      "groupid" : 0,
      "job_start" : 1729844105532,
      "error" : 0,
      "eta" : 0,
      "elapsed" : 8,
      "job options" : {
        "name" : "Exo2_bs_16k_rep_2",
        "runtime" : "60",
        "numjobs" : "1",
        "rwmixwrite" : "33",
        "filesize" : "1G",
        "direct" : "1",
        "rw" : "randrw",
        "bs" : "16k"
      },
      "read" : {
        "io_bytes" : 719093760,
        "io_kbytes" : 702240,
        "bw_bytes" : 94879767,
        "bw" : 92656,
        "iops" : 5791.001451,
        "runtime" : 7579,
        "total_ios" : 43890,
        "short_ios" : 0,
        "drop_ios" : 0,
        "slat_ns" : {
          "min" : 0,
          "max" : 0,
          "mean" : 0.000000,
          "stddev" : 0.000000,
          "N" : 0
        },
        "clat_ns" : {
          "min" : 4000,
          "max" : 5147000,
          "mean" : 137242.674869,
          "stddev" : 132716.946469,
          "N" : 43890,
          "percentile" : {
            "1.000000" : 5024,
            "5.000000" : 5024,
            "10.000000" : 5984,
            "20.000000" : 9024,
            "30.000000" : 126464,
            "40.000000" : 138240,
            "50.000000" : 146432,
            "60.000000" : 154624,
            "70.000000" : 168960,
            "80.000000" : 181248,
            "90.000000" : 199680,
            "95.000000" : 214016,
            "99.000000" : 280576,
            "99.500000" : 1122304,
            "99.900000" : 1941504,
            "99.950000" : 2113536,
            "99.990000" : 3129344
          }
        },
        "lat_ns" : {
          "min" : 4000,
          "max" : 5147000,
          "mean" : 137454.112554,
          "stddev" : 132721.416220,
          "N" : 43890
        },
        "bw_min" : 79872,
        "bw_max" : 96916,
        "bw_agg" : 99.906080,
        "bw_mean" : 92569.733333,
        "bw_dev" : 3917.608918,
        "bw_samples" : 15,
        "iops_min" : 4992,
        "iops_max" : 6057,
        "iops_mean" : 5785.333333,
        "iops_stddev" : 244.800988,
        "iops_samples" : 15
      },
      "write" : {
        "io_bytes" : 354648064,
        "io_kbytes" : 346336,
        "bw_bytes" : 46793516,
        "bw" : 45696,
        "iops" : 2856.049611,
        "runtime" : 7579,
        "total_ios" : 21646,
        "short_ios" : 0,
        "drop_ios" : 0,
        "slat_ns" : {
          "min" : 0,
          "max" : 0,
          "mean" : 0.000000,
          "stddev" : 0.000000,
          "N" : 0
        },
        "clat_ns" : {
          "min" : 50000,
          "max" : 25966000,
          "mean" : 64305.506791,
          "stddev" : 179880.084371,
          "N" : 21646,
          "percentile" : {
            "1.000000" : 51968,
            "5.000000" : 52992,
            "10.000000" : 54016,
            "20.000000" : 54016,
            "30.000000" : 55040,
            "40.000000" : 55040,
            "50.000000" : 56064,
            "60.000000" : 58112,
            "70.000000" : 61184,
            "80.000000" : 67072,
            "90.000000" : 81408,
            "95.000000" : 88576,
            "99.000000" : 124416,
            "99.500000" : 144384,
            "99.900000" : 329728,
            "99.950000" : 1105920,
            "99.990000" : 2007040
          }
        },
        "lat_ns" : {
          "min" : 51000,
          "max" : 25967000,
          "mean" : 64773.260649,
          "stddev" : 179889.132352,
          "N" : 21646
        },
        "bw_min" : 38195,
        "bw_max" : 48031,
        "bw_agg" : 99.987323,
        "bw_mean" : 45691.200000,
        "bw_dev" : 2296.261440,
        "bw_samples" : 15,
        "iops_min" : 2387,
        "iops_max" : 3001,
        "iops_mean" : 2855.333333,
        "iops_stddev" : 143.474073,
        "iops_samples" : 15
      },
      "trim" : {
        "io_bytes" : 0,
        "io_kbytes" : 0,
        "bw_bytes" : 0,
        "bw" : 0,
        "iops" : 0.000000,
        "runtime" : 0,
        "total_ios" : 0,
        "short_ios" : 0,
        "drop_ios" : 0,
        "slat_ns" : {
          "min" : 0,
          "max" : 0,
          "mean" : 0.000000,
          "stddev" : 0.000000,
          "N" : 0
        },
        "clat_ns" : {
          "min" : 0,
          "max" : 0,
          "mean" : 0.000000,
          "stddev" : 0.000000,
          "N" : 0
        },
        "lat_ns" : {
          "min" : 0,
          "max" : 0,
          "mean" : 0.000000,
          "stddev" : 0.000000,
          "N" : 0
        },
        "bw_min" : 0,
        "bw_max" : 0,
        "bw_agg" : 0.000000,
        "bw_mean" : 0.000000,
        "bw_dev" : 0.000000,
        "bw_samples" : 0,
        "iops_min" : 0,
        "iops_max" : 0,
        "iops_mean" : 0.000000,
        "iops_stddev" : 0.000000,
        "iops_samples" : 0
      },
      "sync" : {
        "total_ios" : 0,
        "lat_ns" : {
          "min" : 0,
          "max" : 0,
          "mean" : 0.000000,
          "stddev" : 0.000000,
          "N" : 0
        }
      },
      "job_runtime" : 7578,
      "usr_cpu" : 2.929533,
      "sys_cpu" : 21.113750,
      "ctx" : 56859,
      "majf" : 0,
      "minf" : 32,
      "iodepth_level" : {
        "1" : 100.000000,
        "2" : 0.000000,
        "4" : 0.000000,
        "8" : 0.000000,
        "16" : 0.000000,
        "32" : 0.000000,
        ">=64" : 0.000000
      },
      "iodepth_submit" : {
        "0" : 0.000000,
        "4" : 100.000000,
        "8" : 0.000000,
        "16" : 0.000000,
        "32" : 0.000000,
        "64" : 0.000000,
        ">=64" : 0.000000
      },
      "iodepth_complete" : {
        "0" : 0.000000,
        "4" : 100.000000,
        "8" : 0.000000,
        "16" : 0.000000,
        "32" : 0.000000,
        "64" : 0.000000,
        ">=64" : 0.000000
      },
      "latency_ns" : {
        "2" : 0.000000,
        "4" : 0.000000,
        "10" : 0.000000,
        "20" : 0.000000,
        "50" : 0.000000,
        "100" : 0.000000,
        "250" : 0.000000,
        "500" : 0.000000,
        "750" : 0.000000,
        "1000" : 0.000000
      },
      "latency_us" : {
        "2" : 0.000000,
        "4" : 0.000000,
        "10" : 13.536072,
        "20" : 0.440979,
        "50" : 0.181580,
        "100" : 32.145691,
        "250" : 52.636719,
        "500" : 0.553894,
        "750" : 0.028992,
        "1000" : 0.028992
      },
      "latency_ms" : {
        "2" : 0.390625,
        "4" : 0.051880,
        "10" : 0.010000,
        "20" : 0.000000,
        "50" : 0.010000,
        "100" : 0.000000,
        "250" : 0.000000,
        "500" : 0.000000,
        "750" : 0.000000,
        "1000" : 0.000000,
        "2000" : 0.000000,
        ">=2000" : 0.000000
      },
      "latency_depth" : 1,
      "latency_target" : 0,
      "latency_percentile" : 100.000000,
      "latency_window" : 0
    }
  ]
}
