{
  "fio version" : "fio-3.38",
  "timestamp" : 1729846064,
  "timestamp_ms" : 1729846064854,
  "time" : "Fri Oct 25 10:47:44 2024",
  "jobs" : [
    {
      "jobname" : "Exo2_bs_1m_rep_5",
      "groupid" : 0,
      "job_start" : 1729846063840,
      "error" : 0,
      "eta" : 2147483647,
      "elapsed" : 2,
      "job options" : {
        "name" : "Exo2_bs_1m_rep_5",
        "runtime" : "60",
        "numjobs" : "1",
        "rwmixwrite" : "33",
        "filesize" : "1G",
        "direct" : "1",
        "rw" : "randrw",
        "bs" : "1m"
      },
      "read" : {
        "io_bytes" : 704643072,
        "io_kbytes" : 688128,
        "bw_bytes" : 714648146,
        "bw" : 697898,
        "iops" : 681.541582,
        "runtime" : 986,
        "total_ios" : 672,
        "short_ios" : 0,
        "drop_ios" : 0,
        "slat_ns" : {
          "min" : 0,
          "max" : 0,
          "mean" : 0.000000,
          "stddev" : 0.000000,
          "N" : 0
        },
        "clat_ns" : {
          "min" : 377000,
          "max" : 5214000,
          "mean" : 869413.690476,
          "stddev" : 605139.322055,
          "N" : 672,
          "percentile" : {
            "1.000000" : 382976,
            "5.000000" : 391168,
            "10.000000" : 403456,
            "20.000000" : 444416,
            "30.000000" : 464896,
            "40.000000" : 477184,
            "50.000000" : 536576,
            "60.000000" : 937984,
            "70.000000" : 1056768,
            "80.000000" : 1105920,
            "90.000000" : 1351680,
            "95.000000" : 2310144,
            "99.000000" : 3129344,
            "99.500000" : 3522560,
            "99.900000" : 5210112,
            "99.950000" : 5210112,
            "99.990000" : 5210112
          }
        },
        "lat_ns" : {
          "min" : 378000,
          "max" : 5214000,
          "mean" : 870404.761905,
          "stddev" : 605170.779193,
          "N" : 672
        },
        "bw_min" : 657283,
        "bw_max" : 657283,
        "bw_agg" : 94.180303,
        "bw_mean" : 657283.000000,
        "bw_dev" : 0.000000,
        "bw_samples" : 1,
        "iops_min" : 641,
        "iops_max" : 641,
        "iops_mean" : 641.000000,
        "iops_stddev" : 0.000000,
        "iops_samples" : 1
      },
      "write" : {
        "io_bytes" : 369098752,
        "io_kbytes" : 360448,
        "bw_bytes" : 374339505,
        "bw" : 365565,
        "iops" : 356.997972,
        "runtime" : 986,
        "total_ios" : 352,
        "short_ios" : 0,
        "drop_ios" : 0,
        "slat_ns" : {
          "min" : 0,
          "max" : 0,
          "mean" : 0.000000,
          "stddev" : 0.000000,
          "N" : 0
        },
        "clat_ns" : {
          "min" : 844000,
          "max" : 1454000,
          "mean" : 1059471.590909,
          "stddev" : 103747.745191,
          "N" : 352,
          "percentile" : {
            "1.000000" : 880640,
            "5.000000" : 905216,
            "10.000000" : 913408,
            "20.000000" : 937984,
            "30.000000" : 962560,
            "40.000000" : 1044480,
            "50.000000" : 1105920,
            "60.000000" : 1138688,
            "70.000000" : 1138688,
            "80.000000" : 1155072,
            "90.000000" : 1171456,
            "95.000000" : 1171456,
            "99.000000" : 1220608,
            "99.500000" : 1236992,
            "99.900000" : 1449984,
            "99.950000" : 1449984,
            "99.990000" : 1449984
          }
        },
        "lat_ns" : {
          "min" : 893000,
          "max" : 1492000,
          "mean" : 1102562.500000,
          "stddev" : 103934.406021,
          "N" : 352
        },
        "bw_min" : 362708,
        "bw_max" : 362708,
        "bw_agg" : 99.218220,
        "bw_mean" : 362708.000000,
        "bw_dev" : 0.000000,
        "bw_samples" : 1,
        "iops_min" : 354,
        "iops_max" : 354,
        "iops_mean" : 354.000000,
        "iops_stddev" : 0.000000,
        "iops_samples" : 1
      },
      "trim" : {
        "io_bytes" : 0,
        "io_kbytes" : 0,
        "bw_bytes" : 0,
        "bw" : 0,
        "iops" : 0.000000,
        "runtime" : 0,
        "total_ios" : 0,
        "short_ios" : 0,
        "drop_ios" : 0,
        "slat_ns" : {
          "min" : 0,
          "max" : 0,
          "mean" : 0.000000,
          "stddev" : 0.000000,
          "N" : 0
        },
        "clat_ns" : {
          "min" : 0,
          "max" : 0,
          "mean" : 0.000000,
          "stddev" : 0.000000,
          "N" : 0
        },
        "lat_ns" : {
          "min" : 0,
          "max" : 0,
          "mean" : 0.000000,
          "stddev" : 0.000000,
          "N" : 0
        },
        "bw_min" : 0,
        "bw_max" : 0,
        "bw_agg" : 0.000000,
        "bw_mean" : 0.000000,
        "bw_dev" : 0.000000,
        "bw_samples" : 0,
        "iops_min" : 0,
        "iops_max" : 0,
        "iops_mean" : 0.000000,
        "iops_stddev" : 0.000000,
        "iops_samples" : 0
      },
      "sync" : {
        "total_ios" : 0,
        "lat_ns" : {
          "min" : 0,
          "max" : 0,
          "mean" : 0.000000,
          "stddev" : 0.000000,
          "N" : 0
        }
      },
      "job_runtime" : 985,
      "usr_cpu" : 3.553299,
      "sys_cpu" : 37.563452,
      "ctx" : 707,
      "majf" : 0,
      "minf" : 29,
      "iodepth_level" : {
        "1" : 100.000000,
        "2" : 0.000000,
        "4" : 0.000000,
        "8" : 0.000000,
        "16" : 0.000000,
        "32" : 0.000000,
        ">=64" : 0.000000
      },
      "iodepth_submit" : {
        "0" : 0.000000,
        "4" : 100.000000,
        "8" : 0.000000,
        "16" : 0.000000,
        "32" : 0.000000,
        "64" : 0.000000,
        ">=64" : 0.000000
      },
      "iodepth_complete" : {
        "0" : 0.000000,
        "4" : 100.000000,
        "8" : 0.000000,
        "16" : 0.000000,
        "32" : 0.000000,
        "64" : 0.000000,
        ">=64" : 0.000000
      },
      "latency_ns" : {
        "2" : 0.000000,
        "4" : 0.000000,
        "10" : 0.000000,
        "20" : 0.000000,
        "50" : 0.000000,
        "100" : 0.000000,
        "250" : 0.000000,
        "500" : 0.000000,
        "750" : 0.000000,
        "1000" : 0.000000
      },
      "latency_us" : {
        "2" : 0.000000,
        "4" : 0.000000,
        "10" : 0.000000,
        "20" : 0.000000,
        "50" : 0.000000,
        "100" : 0.000000,
        "250" : 0.000000,
        "500" : 31.640625,
        "750" : 1.269531,
        "1000" : 22.265625
      },
      "latency_ms" : {
        "2" : 39.941406,
        "4" : 4.687500,
        "10" : 0.195312,
        "20" : 0.000000,
        "50" : 0.000000,
        "100" : 0.000000,
        "250" : 0.000000,
        "500" : 0.000000,
        "750" : 0.000000,
        "1000" : 0.000000,
        "2000" : 0.000000,
        ">=2000" : 0.000000
      },
      "latency_depth" : 1,
      "latency_target" : 0,
      "latency_percentile" : 100.000000,
      "latency_window" : 0
    }
  ]
}
