{
  "fio version" : "fio-3.38",
  "timestamp" : 1729843325,
  "timestamp_ms" : 1729843325953,
  "time" : "Fri Oct 25 10:02:05 2024",
  "jobs" : [
    {
      "jobname" : "Exo2_bs_1k_rep_1",
      "groupid" : 0,
      "job_start" : 1729843265884,
      "error" : 0,
      "eta" : 0,
      "elapsed" : 61,
      "job options" : {
        "name" : "Exo2_bs_1k_rep_1",
        "runtime" : "60",
        "numjobs" : "1",
        "rwmixwrite" : "33",
        "filesize" : "1G",
        "direct" : "1",
        "rw" : "randrw",
        "bs" : "1k"
      },
      "read" : {
        "io_bytes" : 383962112,
        "io_kbytes" : 374963,
        "bw_bytes" : 6399261,
        "bw" : 6249,
        "iops" : 6249.279179,
        "runtime" : 60001,
        "total_ios" : 374963,
        "short_ios" : 0,
        "drop_ios" : 0,
        "slat_ns" : {
          "min" : 0,
          "max" : 0,
          "mean" : 0.000000,
          "stddev" : 0.000000,
          "N" : 0
        },
        "clat_ns" : {
          "min" : 2000,
          "max" : 5172000,
          "mean" : 93068.782787,
          "stddev" : 76108.491232,
          "N" : 374963,
          "percentile" : {
            "1.000000" : 2008,
            "5.000000" : 2992,
            "10.000000" : 4016,
            "20.000000" : 89600,
            "30.000000" : 92672,
            "40.000000" : 95744,
            "50.000000" : 98816,
            "60.000000" : 110080,
            "70.000000" : 112128,
            "80.000000" : 115200,
            "90.000000" : 124416,
            "95.000000" : 148480,
            "99.000000" : 218112,
            "99.500000" : 264192,
            "99.900000" : 1253376,
            "99.950000" : 1482752,
            "99.990000" : 1613824
          }
        },
        "lat_ns" : {
          "min" : 2000,
          "max" : 5172000,
          "mean" : 93282.185176,
          "stddev" : 76112.813873,
          "N" : 374963
        },
        "bw_min" : 4596,
        "bw_max" : 6848,
        "bw_agg" : 100.000000,
        "bw_mean" : 6256.957983,
        "bw_dev" : 326.764814,
        "bw_samples" : 119,
        "iops_min" : 4596,
        "iops_max" : 6848,
        "iops_mean" : 6256.974790,
        "iops_stddev" : 326.735249,
        "iops_samples" : 119
      },
      "write" : {
        "io_bytes" : 189603840,
        "io_kbytes" : 185160,
        "bw_bytes" : 3160011,
        "bw" : 3085,
        "iops" : 3085.948568,
        "runtime" : 60001,
        "total_ios" : 185160,
        "short_ios" : 0,
        "drop_ios" : 0,
        "slat_ns" : {
          "min" : 0,
          "max" : 0,
          "mean" : 0.000000,
          "stddev" : 0.000000,
          "N" : 0
        },
        "clat_ns" : {
          "min" : 10000,
          "max" : 27913000,
          "mean" : 128221.467920,
          "stddev" : 102235.658364,
          "N" : 185160,
          "percentile" : {
            "1.000000" : 22912,
            "5.000000" : 25984,
            "10.000000" : 25984,
            "20.000000" : 112128,
            "30.000000" : 114176,
            "40.000000" : 128512,
            "50.000000" : 132096,
            "60.000000" : 142336,
            "70.000000" : 146432,
            "80.000000" : 164864,
            "90.000000" : 189440,
            "95.000000" : 207872,
            "99.000000" : 259072,
            "99.500000" : 296960,
            "99.900000" : 1236992,
            "99.950000" : 1466368,
            "99.990000" : 1597440
          }
        },
        "lat_ns" : {
          "min" : 10000,
          "max" : 27913000,
          "mean" : 128442.390365,
          "stddev" : 102242.114529,
          "N" : 185160
        },
        "bw_min" : 2162,
        "bw_max" : 3404,
        "bw_agg" : 100.000000,
        "bw_mean" : 3090.008403,
        "bw_dev" : 170.565038,
        "bw_samples" : 119,
        "iops_min" : 2162,
        "iops_max" : 3404,
        "iops_mean" : 3090.008403,
        "iops_stddev" : 170.565038,
        "iops_samples" : 119
      },
      "trim" : {
        "io_bytes" : 0,
        "io_kbytes" : 0,
        "bw_bytes" : 0,
        "bw" : 0,
        "iops" : 0.000000,
        "runtime" : 0,
        "total_ios" : 0,
        "short_ios" : 0,
        "drop_ios" : 0,
        "slat_ns" : {
          "min" : 0,
          "max" : 0,
          "mean" : 0.000000,
          "stddev" : 0.000000,
          "N" : 0
        },
        "clat_ns" : {
          "min" : 0,
          "max" : 0,
          "mean" : 0.000000,
          "stddev" : 0.000000,
          "N" : 0
        },
        "lat_ns" : {
          "min" : 0,
          "max" : 0,
          "mean" : 0.000000,
          "stddev" : 0.000000,
          "N" : 0
        },
        "bw_min" : 0,
        "bw_max" : 0,
        "bw_agg" : 0.000000,
        "bw_mean" : 0.000000,
        "bw_dev" : 0.000000,
        "bw_samples" : 0,
        "iops_min" : 0,
        "iops_max" : 0,
        "iops_mean" : 0.000000,
        "iops_stddev" : 0.000000,
        "iops_samples" : 0
      },
      "sync" : {
        "total_ios" : 0,
        "lat_ns" : {
          "min" : 0,
          "max" : 0,
          "mean" : 0.000000,
          "stddev" : 0.000000,
          "N" : 0
        }
      },
      "job_runtime" : 60000,
      "usr_cpu" : 3.148333,
      "sys_cpu" : 22.453333,
      "ctx" : 453031,
      "majf" : 5,
      "minf" : 29,
      "iodepth_level" : {
        "1" : 100.000000,
        "2" : 0.000000,
        "4" : 0.000000,
        "8" : 0.000000,
        "16" : 0.000000,
        "32" : 0.000000,
        ">=64" : 0.000000
      },
      "iodepth_submit" : {
        "0" : 0.000000,
        "4" : 100.000000,
        "8" : 0.000000,
        "16" : 0.000000,
        "32" : 0.000000,
        "64" : 0.000000,
        ">=64" : 0.000000
      },
      "iodepth_complete" : {
        "0" : 0.000000,
        "4" : 100.000000,
        "8" : 0.000000,
        "16" : 0.000000,
        "32" : 0.000000,
        "64" : 0.000000,
        ">=64" : 0.000000
      },
      "latency_ns" : {
        "2" : 0.000000,
        "4" : 0.000000,
        "10" : 0.000000,
        "20" : 0.000000,
        "50" : 0.000000,
        "100" : 0.000000,
        "250" : 0.000000,
        "500" : 0.000000,
        "750" : 0.000000,
        "1000" : 0.000000
      },
      "latency_us" : {
        "2" : 0.000000,
        "4" : 6.014036,
        "10" : 6.957757,
        "20" : 0.181210,
        "50" : 6.253269,
        "100" : 20.597083,
        "250" : 59.216101,
        "500" : 0.550950,
        "750" : 0.028565,
        "1000" : 0.010000
      },
      "latency_ms" : {
        "2" : 0.196207,
        "4" : 0.010000,
        "10" : 0.010000,
        "20" : 0.000000,
        "50" : 0.010000,
        "100" : 0.000000,
        "250" : 0.000000,
        "500" : 0.000000,
        "750" : 0.000000,
        "1000" : 0.000000,
        "2000" : 0.000000,
        ">=2000" : 0.000000
      },
      "latency_depth" : 1,
      "latency_target" : 0,
      "latency_percentile" : 100.000000,
      "latency_window" : 0
    }
  ]
}
