{
  "fio version" : "fio-3.38",
  "timestamp" : 1729846017,
  "timestamp_ms" : 1729846017799,
  "time" : "Fri Oct 25 10:46:57 2024",
  "jobs" : [
    {
      "jobname" : "Exo2_bs_256k_rep_5",
      "groupid" : 0,
      "job_start" : 1729846016600,
      "error" : 0,
      "eta" : 2147483647,
      "elapsed" : 2,
      "job options" : {
        "name" : "Exo2_bs_256k_rep_5",
        "runtime" : "60",
        "numjobs" : "1",
        "rwmixwrite" : "33",
        "filesize" : "1G",
        "direct" : "1",
        "rw" : "randrw",
        "bs" : "256k"
      },
      "read" : {
        "io_bytes" : 704905216,
        "io_kbytes" : 688384,
        "bw_bytes" : 595862397,
        "bw" : 581896,
        "iops" : 2273.034658,
        "runtime" : 1183,
        "total_ios" : 2689,
        "short_ios" : 0,
        "drop_ios" : 0,
        "slat_ns" : {
          "min" : 0,
          "max" : 0,
          "mean" : 0.000000,
          "stddev" : 0.000000,
          "N" : 0
        },
        "clat_ns" : {
          "min" : 39000,
          "max" : 5316000,
          "mean" : 277162.142060,
          "stddev" : 429972.362634,
          "N" : 2689,
          "percentile" : {
            "1.000000" : 42752,
            "5.000000" : 48896,
            "10.000000" : 54016,
            "20.000000" : 66048,
            "30.000000" : 80384,
            "40.000000" : 85504,
            "50.000000" : 96768,
            "60.000000" : 257024,
            "70.000000" : 333824,
            "80.000000" : 378880,
            "90.000000" : 440320,
            "95.000000" : 684032,
            "99.000000" : 2408448,
            "99.500000" : 2473984,
            "99.900000" : 3227648,
            "99.950000" : 3260416,
            "99.990000" : 5341184
          }
        },
        "lat_ns" : {
          "min" : 39000,
          "max" : 5316000,
          "mean" : 277595.016735,
          "stddev" : 429960.784295,
          "N" : 2689
        },
        "bw_min" : 561466,
        "bw_max" : 606720,
        "bw_agg" : 100.000000,
        "bw_mean" : 584093.000000,
        "bw_dev" : 31999.410276,
        "bw_samples" : 2,
        "iops_min" : 2193,
        "iops_max" : 2370,
        "iops_mean" : 2281.500000,
        "iops_stddev" : 125.157900,
        "iops_samples" : 2
      },
      "write" : {
        "io_bytes" : 368836608,
        "io_kbytes" : 360192,
        "bw_bytes" : 311780733,
        "bw" : 304473,
        "iops" : 1189.349112,
        "runtime" : 1183,
        "total_ios" : 1407,
        "short_ios" : 0,
        "drop_ios" : 0,
        "slat_ns" : {
          "min" : 0,
          "max" : 0,
          "mean" : 0.000000,
          "stddev" : 0.000000,
          "N" : 0
        },
        "clat_ns" : {
          "min" : 151000,
          "max" : 7582000,
          "mean" : 290886.993603,
          "stddev" : 220854.755268,
          "N" : 1407,
          "percentile" : {
            "1.000000" : 156672,
            "5.000000" : 171008,
            "10.000000" : 185344,
            "20.000000" : 211968,
            "30.000000" : 242688,
            "40.000000" : 261120,
            "50.000000" : 280576,
            "60.000000" : 292864,
            "70.000000" : 301056,
            "80.000000" : 321536,
            "90.000000" : 374784,
            "95.000000" : 477184,
            "99.000000" : 577536,
            "99.500000" : 602112,
            "99.900000" : 2277376,
            "99.950000" : 7569408,
            "99.990000" : 7569408
          }
        },
        "lat_ns" : {
          "min" : 154000,
          "max" : 7585000,
          "mean" : 297670.220327,
          "stddev" : 220966.014042,
          "N" : 1407
        },
        "bw_min" : 290167,
        "bw_max" : 306176,
        "bw_agg" : 97.930074,
        "bw_mean" : 298171.500000,
        "bw_dev" : 11320.072460,
        "bw_samples" : 2,
        "iops_min" : 1133,
        "iops_max" : 1196,
        "iops_mean" : 1164.500000,
        "iops_stddev" : 44.547727,
        "iops_samples" : 2
      },
      "trim" : {
        "io_bytes" : 0,
        "io_kbytes" : 0,
        "bw_bytes" : 0,
        "bw" : 0,
        "iops" : 0.000000,
        "runtime" : 0,
        "total_ios" : 0,
        "short_ios" : 0,
        "drop_ios" : 0,
        "slat_ns" : {
          "min" : 0,
          "max" : 0,
          "mean" : 0.000000,
          "stddev" : 0.000000,
          "N" : 0
        },
        "clat_ns" : {
          "min" : 0,
          "max" : 0,
          "mean" : 0.000000,
          "stddev" : 0.000000,
          "N" : 0
        },
        "lat_ns" : {
          "min" : 0,
          "max" : 0,
          "mean" : 0.000000,
          "stddev" : 0.000000,
          "N" : 0
        },
        "bw_min" : 0,
        "bw_max" : 0,
        "bw_agg" : 0.000000,
        "bw_mean" : 0.000000,
        "bw_dev" : 0.000000,
        "bw_samples" : 0,
        "iops_min" : 0,
        "iops_max" : 0,
        "iops_mean" : 0.000000,
        "iops_stddev" : 0.000000,
        "iops_samples" : 0
      },
      "sync" : {
        "total_ios" : 0,
        "lat_ns" : {
          "min" : 0,
          "max" : 0,
          "mean" : 0.000000,
          "stddev" : 0.000000,
          "N" : 0
        }
      },
      "job_runtime" : 1182,
      "usr_cpu" : 3.214890,
      "sys_cpu" : 29.272420,
      "ctx" : 2614,
      "majf" : 0,
      "minf" : 32,
      "iodepth_level" : {
        "1" : 100.000000,
        "2" : 0.000000,
        "4" : 0.000000,
        "8" : 0.000000,
        "16" : 0.000000,
        "32" : 0.000000,
        ">=64" : 0.000000
      },
      "iodepth_submit" : {
        "0" : 0.000000,
        "4" : 100.000000,
        "8" : 0.000000,
        "16" : 0.000000,
        "32" : 0.000000,
        "64" : 0.000000,
        ">=64" : 0.000000
      },
      "iodepth_complete" : {
        "0" : 0.000000,
        "4" : 100.000000,
        "8" : 0.000000,
        "16" : 0.000000,
        "32" : 0.000000,
        "64" : 0.000000,
        ">=64" : 0.000000
      },
      "latency_ns" : {
        "2" : 0.000000,
        "4" : 0.000000,
        "10" : 0.000000,
        "20" : 0.000000,
        "50" : 0.000000,
        "100" : 0.000000,
        "250" : 0.000000,
        "500" : 0.000000,
        "750" : 0.000000,
        "1000" : 0.000000
      },
      "latency_us" : {
        "2" : 0.000000,
        "4" : 0.000000,
        "10" : 0.000000,
        "20" : 0.000000,
        "50" : 3.466797,
        "100" : 30.224609,
        "250" : 16.772461,
        "500" : 43.066406,
        "750" : 3.222656,
        "1000" : 0.122070
      },
      "latency_ms" : {
        "2" : 1.416016,
        "4" : 1.660156,
        "10" : 0.048828,
        "20" : 0.000000,
        "50" : 0.000000,
        "100" : 0.000000,
        "250" : 0.000000,
        "500" : 0.000000,
        "750" : 0.000000,
        "1000" : 0.000000,
        "2000" : 0.000000,
        ">=2000" : 0.000000
      },
      "latency_depth" : 1,
      "latency_target" : 0,
      "latency_percentile" : 100.000000,
      "latency_window" : 0
    }
  ]
}
