{
  "fio version" : "fio-3.38",
  "timestamp" : 1729844055,
  "timestamp_ms" : 1729844055638,
  "time" : "Fri Oct 25 10:14:15 2024",
  "jobs" : [
    {
      "jobname" : "Exo2_bs_8k_rep_2",
      "groupid" : 0,
      "job_start" : 1729844044278,
      "error" : 0,
      "eta" : 0,
      "elapsed" : 12,
      "job options" : {
        "name" : "Exo2_bs_8k_rep_2",
        "runtime" : "60",
        "numjobs" : "1",
        "rwmixwrite" : "33",
        "filesize" : "1G",
        "direct" : "1",
        "rw" : "randrw",
        "bs" : "8k"
      },
      "read" : {
        "io_bytes" : 719708160,
        "io_kbytes" : 702840,
        "bw_bytes" : 63741755,
        "bw" : 62247,
        "iops" : 7780.975999,
        "runtime" : 11291,
        "total_ios" : 87855,
        "short_ios" : 0,
        "drop_ios" : 0,
        "slat_ns" : {
          "min" : 0,
          "max" : 0,
          "mean" : 0.000000,
          "stddev" : 0.000000,
          "N" : 0
        },
        "clat_ns" : {
          "min" : 2000,
          "max" : 3239000,
          "mean" : 109896.272267,
          "stddev" : 104679.926836,
          "N" : 87855,
          "percentile" : {
            "1.000000" : 2992,
            "5.000000" : 4016,
            "10.000000" : 4016,
            "20.000000" : 5024,
            "30.000000" : 103936,
            "40.000000" : 113152,
            "50.000000" : 122368,
            "60.000000" : 128512,
            "70.000000" : 134144,
            "80.000000" : 148480,
            "90.000000" : 162816,
            "95.000000" : 179200,
            "99.000000" : 244736,
            "99.500000" : 378880,
            "99.900000" : 1515520,
            "99.950000" : 1957888,
            "99.990000" : 2408448
          }
        },
        "lat_ns" : {
          "min" : 3000,
          "max" : 3239000,
          "mean" : 110095.862501,
          "stddev" : 104687.180115,
          "N" : 87855
        },
        "bw_min" : 50819,
        "bw_max" : 65901,
        "bw_agg" : 99.929624,
        "bw_mean" : 62204.409091,
        "bw_dev" : 3349.478803,
        "bw_samples" : 22,
        "iops_min" : 6352,
        "iops_max" : 8237,
        "iops_mean" : 7775.181818,
        "iops_stddev" : 418.707039,
        "iops_samples" : 22
      },
      "write" : {
        "io_bytes" : 354033664,
        "io_kbytes" : 345736,
        "bw_bytes" : 31355386,
        "bw" : 30620,
        "iops" : 3827.561775,
        "runtime" : 11291,
        "total_ios" : 43217,
        "short_ios" : 0,
        "drop_ios" : 0,
        "slat_ns" : {
          "min" : 0,
          "max" : 0,
          "mean" : 0.000000,
          "stddev" : 0.000000,
          "N" : 0
        },
        "clat_ns" : {
          "min" : 10000,
          "max" : 28136000,
          "mean" : 31894.439688,
          "stddev" : 136238.654038,
          "N" : 43217,
          "percentile" : {
            "1.000000" : 17024,
            "5.000000" : 25984,
            "10.000000" : 25984,
            "20.000000" : 27008,
            "30.000000" : 28032,
            "40.000000" : 29056,
            "50.000000" : 30080,
            "60.000000" : 30080,
            "70.000000" : 31104,
            "80.000000" : 32128,
            "90.000000" : 37120,
            "95.000000" : 44800,
            "99.000000" : 60160,
            "99.500000" : 70144,
            "99.900000" : 101888,
            "99.950000" : 117248,
            "99.990000" : 1351680
          }
        },
        "lat_ns" : {
          "min" : 10000,
          "max" : 28136000,
          "mean" : 32189.115394,
          "stddev" : 136242.013967,
          "N" : 43217
        },
        "bw_min" : 25948,
        "bw_max" : 32792,
        "bw_agg" : 99.946134,
        "bw_mean" : 30604.500000,
        "bw_dev" : 1496.020396,
        "bw_samples" : 22,
        "iops_min" : 3243,
        "iops_max" : 4099,
        "iops_mean" : 3825.272727,
        "iops_stddev" : 187.118547,
        "iops_samples" : 22
      },
      "trim" : {
        "io_bytes" : 0,
        "io_kbytes" : 0,
        "bw_bytes" : 0,
        "bw" : 0,
        "iops" : 0.000000,
        "runtime" : 0,
        "total_ios" : 0,
        "short_ios" : 0,
        "drop_ios" : 0,
        "slat_ns" : {
          "min" : 0,
          "max" : 0,
          "mean" : 0.000000,
          "stddev" : 0.000000,
          "N" : 0
        },
        "clat_ns" : {
          "min" : 0,
          "max" : 0,
          "mean" : 0.000000,
          "stddev" : 0.000000,
          "N" : 0
        },
        "lat_ns" : {
          "min" : 0,
          "max" : 0,
          "mean" : 0.000000,
          "stddev" : 0.000000,
          "N" : 0
        },
        "bw_min" : 0,
        "bw_max" : 0,
        "bw_agg" : 0.000000,
        "bw_mean" : 0.000000,
        "bw_dev" : 0.000000,
        "bw_samples" : 0,
        "iops_min" : 0,
        "iops_max" : 0,
        "iops_mean" : 0.000000,
        "iops_stddev" : 0.000000,
        "iops_samples" : 0
      },
      "sync" : {
        "total_ios" : 0,
        "lat_ns" : {
          "min" : 0,
          "max" : 0,
          "mean" : 0.000000,
          "stddev" : 0.000000,
          "N" : 0
        }
      },
      "job_runtime" : 11290,
      "usr_cpu" : 3.392383,
      "sys_cpu" : 24.118689,
      "ctx" : 68882,
      "majf" : 0,
      "minf" : 33,
      "iodepth_level" : {
        "1" : 100.000000,
        "2" : 0.000000,
        "4" : 0.000000,
        "8" : 0.000000,
        "16" : 0.000000,
        "32" : 0.000000,
        ">=64" : 0.000000
      },
      "iodepth_submit" : {
        "0" : 0.000000,
        "4" : 100.000000,
        "8" : 0.000000,
        "16" : 0.000000,
        "32" : 0.000000,
        "64" : 0.000000,
        ">=64" : 0.000000
      },
      "iodepth_complete" : {
        "0" : 0.000000,
        "4" : 100.000000,
        "8" : 0.000000,
        "16" : 0.000000,
        "32" : 0.000000,
        "64" : 0.000000,
        ">=64" : 0.000000
      },
      "latency_ns" : {
        "2" : 0.000000,
        "4" : 0.000000,
        "10" : 0.000000,
        "20" : 0.000000,
        "50" : 0.000000,
        "100" : 0.000000,
        "250" : 0.000000,
        "500" : 0.000000,
        "750" : 0.000000,
        "1000" : 0.000000
      },
      "latency_us" : {
        "2" : 0.000000,
        "4" : 1.660156,
        "10" : 13.508606,
        "20" : 0.438690,
        "50" : 31.618500,
        "100" : 1.588440,
        "250" : 50.559235,
        "500" : 0.347900,
        "750" : 0.018311,
        "1000" : 0.010000
      },
      "latency_ms" : {
        "2" : 0.225830,
        "4" : 0.028992,
        "10" : 0.000000,
        "20" : 0.000000,
        "50" : 0.010000,
        "100" : 0.000000,
        "250" : 0.000000,
        "500" : 0.000000,
        "750" : 0.000000,
        "1000" : 0.000000,
        "2000" : 0.000000,
        ">=2000" : 0.000000
      },
      "latency_depth" : 1,
      "latency_target" : 0,
      "latency_percentile" : 100.000000,
      "latency_window" : 0
    }
  ]
}
