{
  "fio version" : "fio-3.38",
  "timestamp" : 1729844004,
  "timestamp_ms" : 1729844004592,
  "time" : "Fri Oct 25 10:13:24 2024",
  "jobs" : [
    {
      "jobname" : "Exo2_bs_4k_rep_4",
      "groupid" : 0,
      "job_start" : 1729843983949,
      "error" : 0,
      "eta" : 0,
      "elapsed" : 21,
      "job options" : {
        "name" : "Exo2_bs_4k_rep_4",
        "runtime" : "60",
        "numjobs" : "1",
        "rwmixwrite" : "33",
        "filesize" : "1G",
        "direct" : "1",
        "rw" : "randrw",
        "bs" : "4k"
      },
      "read" : {
        "io_bytes" : 718589952,
        "io_kbytes" : 701748,
        "bw_bytes" : 34891476,
        "bw" : 34073,
        "iops" : 8518.426803,
        "runtime" : 20595,
        "total_ios" : 175437,
        "short_ios" : 0,
        "drop_ios" : 0,
        "slat_ns" : {
          "min" : 0,
          "max" : 0,
          "mean" : 0.000000,
          "stddev" : 0.000000,
          "N" : 0
        },
        "clat_ns" : {
          "min" : 2000,
          "max" : 5201000,
          "mean" : 99524.307871,
          "stddev" : 87479.984245,
          "N" : 175437,
          "percentile" : {
            "1.000000" : 2992,
            "5.000000" : 2992,
            "10.000000" : 4016,
            "20.000000" : 55040,
            "30.000000" : 91648,
            "40.000000" : 100864,
            "50.000000" : 110080,
            "60.000000" : 115200,
            "70.000000" : 121344,
            "80.000000" : 134144,
            "90.000000" : 140288,
            "95.000000" : 154624,
            "99.000000" : 207872,
            "99.500000" : 276480,
            "99.900000" : 1400832,
            "99.950000" : 1499136,
            "99.990000" : 1810432
          }
        },
        "lat_ns" : {
          "min" : 2000,
          "max" : 5201000,
          "mean" : 99728.569230,
          "stddev" : 87490.002287,
          "N" : 175437
        },
        "bw_min" : 28490,
        "bw_max" : 35584,
        "bw_agg" : 100.000000,
        "bw_mean" : 34080.525000,
        "bw_dev" : 1272.159077,
        "bw_samples" : 40,
        "iops_min" : 7122,
        "iops_max" : 8896,
        "iops_mean" : 8519.875000,
        "iops_stddev" : 318.158176,
        "iops_samples" : 40
      },
      "write" : {
        "io_bytes" : 355151872,
        "io_kbytes" : 346828,
        "bw_bytes" : 17244567,
        "bw" : 16840,
        "iops" : 4210.099539,
        "runtime" : 20595,
        "total_ios" : 86707,
        "short_ios" : 0,
        "drop_ios" : 0,
        "slat_ns" : {
          "min" : 0,
          "max" : 0,
          "mean" : 0.000000,
          "stddev" : 0.000000,
          "N" : 0
        },
        "clat_ns" : {
          "min" : 10000,
          "max" : 53529000,
          "mean" : 30415.698848,
          "stddev" : 206410.627193,
          "N" : 86707,
          "percentile" : {
            "1.000000" : 22912,
            "5.000000" : 24960,
            "10.000000" : 25984,
            "20.000000" : 25984,
            "30.000000" : 27008,
            "40.000000" : 28032,
            "50.000000" : 29056,
            "60.000000" : 29056,
            "70.000000" : 29056,
            "80.000000" : 30080,
            "90.000000" : 33024,
            "95.000000" : 39168,
            "99.000000" : 52992,
            "99.500000" : 63232,
            "99.900000" : 101888,
            "99.950000" : 116224,
            "99.990000" : 749568
          }
        },
        "lat_ns" : {
          "min" : 10000,
          "max" : 53529000,
          "mean" : 30677.246358,
          "stddev" : 206411.325245,
          "N" : 86707
        },
        "bw_min" : 13683,
        "bw_max" : 18384,
        "bw_agg" : 100.000000,
        "bw_mean" : 16843.650000,
        "bw_dev" : 782.304864,
        "bw_samples" : 40,
        "iops_min" : 3420,
        "iops_max" : 4596,
        "iops_mean" : 4210.675000,
        "iops_stddev" : 195.654770,
        "iops_samples" : 40
      },
      "trim" : {
        "io_bytes" : 0,
        "io_kbytes" : 0,
        "bw_bytes" : 0,
        "bw" : 0,
        "iops" : 0.000000,
        "runtime" : 0,
        "total_ios" : 0,
        "short_ios" : 0,
        "drop_ios" : 0,
        "slat_ns" : {
          "min" : 0,
          "max" : 0,
          "mean" : 0.000000,
          "stddev" : 0.000000,
          "N" : 0
        },
        "clat_ns" : {
          "min" : 0,
          "max" : 0,
          "mean" : 0.000000,
          "stddev" : 0.000000,
          "N" : 0
        },
        "lat_ns" : {
          "min" : 0,
          "max" : 0,
          "mean" : 0.000000,
          "stddev" : 0.000000,
          "N" : 0
        },
        "bw_min" : 0,
        "bw_max" : 0,
        "bw_agg" : 0.000000,
        "bw_mean" : 0.000000,
        "bw_dev" : 0.000000,
        "bw_samples" : 0,
        "iops_min" : 0,
        "iops_max" : 0,
        "iops_mean" : 0.000000,
        "iops_stddev" : 0.000000,
        "iops_samples" : 0
      },
      "sync" : {
        "total_ios" : 0,
        "lat_ns" : {
          "min" : 0,
          "max" : 0,
          "mean" : 0.000000,
          "stddev" : 0.000000,
          "N" : 0
        }
      },
      "job_runtime" : 20594,
      "usr_cpu" : 3.530154,
      "sys_cpu" : 25.327765,
      "ctx" : 142484,
      "majf" : 0,
      "minf" : 34,
      "iodepth_level" : {
        "1" : 100.000000,
        "2" : 0.000000,
        "4" : 0.000000,
        "8" : 0.000000,
        "16" : 0.000000,
        "32" : 0.000000,
        ">=64" : 0.000000
      },
      "iodepth_submit" : {
        "0" : 0.000000,
        "4" : 100.000000,
        "8" : 0.000000,
        "16" : 0.000000,
        "32" : 0.000000,
        "64" : 0.000000,
        ">=64" : 0.000000
      },
      "iodepth_complete" : {
        "0" : 0.000000,
        "4" : 100.000000,
        "8" : 0.000000,
        "16" : 0.000000,
        "32" : 0.000000,
        "64" : 0.000000,
        ">=64" : 0.000000
      },
      "latency_ns" : {
        "2" : 0.000000,
        "4" : 0.000000,
        "10" : 0.000000,
        "20" : 0.000000,
        "50" : 0.000000,
        "100" : 0.000000,
        "250" : 0.000000,
        "500" : 0.000000,
        "750" : 0.000000,
        "1000" : 0.000000
      },
      "latency_us" : {
        "2" : 0.000000,
        "4" : 5.818939,
        "10" : 7.422638,
        "20" : 0.356674,
        "50" : 32.324600,
        "100" : 13.788986,
        "250" : 39.875412,
        "500" : 0.189209,
        "750" : 0.019073,
        "1000" : 0.010000
      },
      "latency_ms" : {
        "2" : 0.193024,
        "4" : 0.010000,
        "10" : 0.010000,
        "20" : 0.000000,
        "50" : 0.010000,
        "100" : 0.010000,
        "250" : 0.000000,
        "500" : 0.000000,
        "750" : 0.000000,
        "1000" : 0.000000,
        "2000" : 0.000000,
        ">=2000" : 0.000000
      },
      "latency_depth" : 1,
      "latency_target" : 0,
      "latency_percentile" : 100.000000,
      "latency_window" : 0
    }
  ]
}
