{
  "fio version" : "fio-3.38",
  "timestamp" : 1729844122,
  "timestamp_ms" : 1729844122407,
  "time" : "Fri Oct 25 10:15:22 2024",
  "jobs" : [
    {
      "jobname" : "Exo2_bs_16k_rep_3",
      "groupid" : 0,
      "job_start" : 1729844114847,
      "error" : 0,
      "eta" : 0,
      "elapsed" : 8,
      "job options" : {
        "name" : "Exo2_bs_16k_rep_3",
        "runtime" : "60",
        "numjobs" : "1",
        "rwmixwrite" : "33",
        "filesize" : "1G",
        "direct" : "1",
        "rw" : "randrw",
        "bs" : "16k"
      },
      "read" : {
        "io_bytes" : 719093760,
        "io_kbytes" : 702240,
        "bw_bytes" : 95484498,
        "bw" : 93246,
        "iops" : 5827.911300,
        "runtime" : 7531,
        "total_ios" : 43890,
        "short_ios" : 0,
        "drop_ios" : 0,
        "slat_ns" : {
          "min" : 0,
          "max" : 0,
          "mean" : 0.000000,
          "stddev" : 0.000000,
          "N" : 0
        },
        "clat_ns" : {
          "min" : 4000,
          "max" : 5067000,
          "mean" : 136140.966051,
          "stddev" : 134873.849382,
          "N" : 43890,
          "percentile" : {
            "1.000000" : 5024,
            "5.000000" : 5024,
            "10.000000" : 5984,
            "20.000000" : 7008,
            "30.000000" : 125440,
            "40.000000" : 138240,
            "50.000000" : 146432,
            "60.000000" : 154624,
            "70.000000" : 171008,
            "80.000000" : 181248,
            "90.000000" : 199680,
            "95.000000" : 216064,
            "99.000000" : 342016,
            "99.500000" : 1171456,
            "99.900000" : 1548288,
            "99.950000" : 2056192,
            "99.990000" : 2736128
          }
        },
        "lat_ns" : {
          "min" : 4000,
          "max" : 5067000,
          "mean" : 136331.328321,
          "stddev" : 134883.533586,
          "N" : 43890
        },
        "bw_min" : 84704,
        "bw_max" : 99944,
        "bw_agg" : 99.758082,
        "bw_mean" : 93021.214286,
        "bw_dev" : 4292.200031,
        "bw_samples" : 14,
        "iops_min" : 5294,
        "iops_max" : 6246,
        "iops_mean" : 5813.428571,
        "iops_stddev" : 268.169210,
        "iops_samples" : 14
      },
      "write" : {
        "io_bytes" : 354648064,
        "io_kbytes" : 346336,
        "bw_bytes" : 47091762,
        "bw" : 45988,
        "iops" : 2874.253087,
        "runtime" : 7531,
        "total_ios" : 21646,
        "short_ios" : 0,
        "drop_ios" : 0,
        "slat_ns" : {
          "min" : 0,
          "max" : 0,
          "mean" : 0.000000,
          "stddev" : 0.000000,
          "N" : 0
        },
        "clat_ns" : {
          "min" : 51000,
          "max" : 1449000,
          "mean" : 63910.098864,
          "stddev" : 25443.615097,
          "N" : 21646,
          "percentile" : {
            "1.000000" : 52992,
            "5.000000" : 52992,
            "10.000000" : 54016,
            "20.000000" : 54016,
            "30.000000" : 55040,
            "40.000000" : 56064,
            "50.000000" : 57088,
            "60.000000" : 59136,
            "70.000000" : 63232,
            "80.000000" : 69120,
            "90.000000" : 85504,
            "95.000000" : 92672,
            "99.000000" : 129536,
            "99.500000" : 156672,
            "99.900000" : 228352,
            "99.950000" : 313344,
            "99.990000" : 1187840
          }
        },
        "lat_ns" : {
          "min" : 51000,
          "max" : 1450000,
          "mean" : 64354.661369,
          "stddev" : 25489.930945,
          "N" : 21646
        },
        "bw_min" : 41856,
        "bw_max" : 48887,
        "bw_agg" : 99.728084,
        "bw_mean" : 45863.714286,
        "bw_dev" : 1682.823243,
        "bw_samples" : 14,
        "iops_min" : 2616,
        "iops_max" : 3055,
        "iops_mean" : 2866.214286,
        "iops_stddev" : 105.065678,
        "iops_samples" : 14
      },
      "trim" : {
        "io_bytes" : 0,
        "io_kbytes" : 0,
        "bw_bytes" : 0,
        "bw" : 0,
        "iops" : 0.000000,
        "runtime" : 0,
        "total_ios" : 0,
        "short_ios" : 0,
        "drop_ios" : 0,
        "slat_ns" : {
          "min" : 0,
          "max" : 0,
          "mean" : 0.000000,
          "stddev" : 0.000000,
          "N" : 0
        },
        "clat_ns" : {
          "min" : 0,
          "max" : 0,
          "mean" : 0.000000,
          "stddev" : 0.000000,
          "N" : 0
        },
        "lat_ns" : {
          "min" : 0,
          "max" : 0,
          "mean" : 0.000000,
          "stddev" : 0.000000,
          "N" : 0
        },
        "bw_min" : 0,
        "bw_max" : 0,
        "bw_agg" : 0.000000,
        "bw_mean" : 0.000000,
        "bw_dev" : 0.000000,
        "bw_samples" : 0,
        "iops_min" : 0,
        "iops_max" : 0,
        "iops_mean" : 0.000000,
        "iops_stddev" : 0.000000,
        "iops_samples" : 0
      },
      "sync" : {
        "total_ios" : 0,
        "lat_ns" : {
          "min" : 0,
          "max" : 0,
          "mean" : 0.000000,
          "stddev" : 0.000000,
          "N" : 0
        }
      },
      "job_runtime" : 7530,
      "usr_cpu" : 3.107570,
      "sys_cpu" : 21.646746,
      "ctx" : 55886,
      "majf" : 0,
      "minf" : 31,
      "iodepth_level" : {
        "1" : 100.000000,
        "2" : 0.000000,
        "4" : 0.000000,
        "8" : 0.000000,
        "16" : 0.000000,
        "32" : 0.000000,
        ">=64" : 0.000000
      },
      "iodepth_submit" : {
        "0" : 0.000000,
        "4" : 100.000000,
        "8" : 0.000000,
        "16" : 0.000000,
        "32" : 0.000000,
        "64" : 0.000000,
        ">=64" : 0.000000
      },
      "iodepth_complete" : {
        "0" : 0.000000,
        "4" : 100.000000,
        "8" : 0.000000,
        "16" : 0.000000,
        "32" : 0.000000,
        "64" : 0.000000,
        ">=64" : 0.000000
      },
      "latency_ns" : {
        "2" : 0.000000,
        "4" : 0.000000,
        "10" : 0.000000,
        "20" : 0.000000,
        "50" : 0.000000,
        "100" : 0.000000,
        "250" : 0.000000,
        "500" : 0.000000,
        "750" : 0.000000,
        "1000" : 0.000000
      },
      "latency_us" : {
        "2" : 0.000000,
        "4" : 0.000000,
        "10" : 14.898682,
        "20" : 0.482178,
        "50" : 0.267029,
        "100" : 31.965637,
        "250" : 51.187134,
        "500" : 0.617981,
        "750" : 0.050354,
        "1000" : 0.030518
      },
      "latency_ms" : {
        "2" : 0.465393,
        "4" : 0.030518,
        "10" : 0.010000,
        "20" : 0.000000,
        "50" : 0.000000,
        "100" : 0.000000,
        "250" : 0.000000,
        "500" : 0.000000,
        "750" : 0.000000,
        "1000" : 0.000000,
        "2000" : 0.000000,
        ">=2000" : 0.000000
      },
      "latency_depth" : 1,
      "latency_target" : 0,
      "latency_percentile" : 100.000000,
      "latency_window" : 0
    }
  ]
}
