{
  "fio version" : "fio-3.38",
  "timestamp" : 1729844211,
  "timestamp_ms" : 1729844211968,
  "time" : "Fri Oct 25 10:16:51 2024",
  "jobs" : [
    {
      "jobname" : "Exo2_bs_256k_rep_1",
      "groupid" : 0,
      "job_start" : 1729844210491,
      "error" : 0,
      "eta" : 2147483647,
      "elapsed" : 2,
      "job options" : {
        "name" : "Exo2_bs_256k_rep_1",
        "runtime" : "60",
        "numjobs" : "1",
        "rwmixwrite" : "33",
        "filesize" : "1G",
        "direct" : "1",
        "rw" : "randrw",
        "bs" : "256k"
      },
      "read" : {
        "io_bytes" : 704905216,
        "io_kbytes" : 688384,
        "bw_bytes" : 575432829,
        "bw" : 561946,
        "iops" : 2195.102041,
        "runtime" : 1225,
        "total_ios" : 2689,
        "short_ios" : 0,
        "drop_ios" : 0,
        "slat_ns" : {
          "min" : 0,
          "max" : 0,
          "mean" : 0.000000,
          "stddev" : 0.000000,
          "N" : 0
        },
        "clat_ns" : {
          "min" : 36000,
          "max" : 4330000,
          "mean" : 173406.842692,
          "stddev" : 317232.742149,
          "N" : 2689,
          "percentile" : {
            "1.000000" : 42752,
            "5.000000" : 54016,
            "10.000000" : 64256,
            "20.000000" : 67072,
            "30.000000" : 83456,
            "40.000000" : 85504,
            "50.000000" : 85504,
            "60.000000" : 87552,
            "70.000000" : 109056,
            "80.000000" : 113152,
            "90.000000" : 522240,
            "95.000000" : 667648,
            "99.000000" : 2023424,
            "99.500000" : 2310144,
            "99.900000" : 2998272,
            "99.950000" : 3293184,
            "99.990000" : 4358144
          }
        },
        "lat_ns" : {
          "min" : 37000,
          "max" : 4331000,
          "mean" : 174041.651171,
          "stddev" : 317256.762221,
          "N" : 2689
        },
        "bw_min" : 526671,
        "bw_max" : 569115,
        "bw_agg" : 97.499205,
        "bw_mean" : 547893.000000,
        "bw_dev" : 30012.440221,
        "bw_samples" : 2,
        "iops_min" : 2057,
        "iops_max" : 2223,
        "iops_mean" : 2140.000000,
        "iops_stddev" : 117.379726,
        "iops_samples" : 2
      },
      "write" : {
        "io_bytes" : 368836608,
        "io_kbytes" : 360192,
        "bw_bytes" : 301091108,
        "bw" : 294034,
        "iops" : 1148.571429,
        "runtime" : 1225,
        "total_ios" : 1407,
        "short_ios" : 0,
        "drop_ios" : 0,
        "slat_ns" : {
          "min" : 0,
          "max" : 0,
          "mean" : 0.000000,
          "stddev" : 0.000000,
          "N" : 0
        },
        "clat_ns" : {
          "min" : 156000,
          "max" : 712000,
          "mean" : 508864.250178,
          "stddev" : 116001.566772,
          "N" : 1407,
          "percentile" : {
            "1.000000" : 166912,
            "5.000000" : 224256,
            "10.000000" : 301056,
            "20.000000" : 460800,
            "30.000000" : 509952,
            "40.000000" : 522240,
            "50.000000" : 552960,
            "60.000000" : 577536,
            "70.000000" : 585728,
            "80.000000" : 585728,
            "90.000000" : 593920,
            "95.000000" : 602112,
            "99.000000" : 626688,
            "99.500000" : 634880,
            "99.900000" : 675840,
            "99.950000" : 708608,
            "99.990000" : 708608
          }
        },
        "lat_ns" : {
          "min" : 159000,
          "max" : 718000,
          "mean" : 515696.517413,
          "stddev" : 116817.158481,
          "N" : 1407
        },
        "bw_min" : 274719,
        "bw_max" : 286087,
        "bw_agg" : 95.364049,
        "bw_mean" : 280403.000000,
        "bw_dev" : 8038.389889,
        "bw_samples" : 2,
        "iops_min" : 1073,
        "iops_max" : 1117,
        "iops_mean" : 1095.000000,
        "iops_stddev" : 31.112698,
        "iops_samples" : 2
      },
      "trim" : {
        "io_bytes" : 0,
        "io_kbytes" : 0,
        "bw_bytes" : 0,
        "bw" : 0,
        "iops" : 0.000000,
        "runtime" : 0,
        "total_ios" : 0,
        "short_ios" : 0,
        "drop_ios" : 0,
        "slat_ns" : {
          "min" : 0,
          "max" : 0,
          "mean" : 0.000000,
          "stddev" : 0.000000,
          "N" : 0
        },
        "clat_ns" : {
          "min" : 0,
          "max" : 0,
          "mean" : 0.000000,
          "stddev" : 0.000000,
          "N" : 0
        },
        "lat_ns" : {
          "min" : 0,
          "max" : 0,
          "mean" : 0.000000,
          "stddev" : 0.000000,
          "N" : 0
        },
        "bw_min" : 0,
        "bw_max" : 0,
        "bw_agg" : 0.000000,
        "bw_mean" : 0.000000,
        "bw_dev" : 0.000000,
        "bw_samples" : 0,
        "iops_min" : 0,
        "iops_max" : 0,
        "iops_mean" : 0.000000,
        "iops_stddev" : 0.000000,
        "iops_samples" : 0
      },
      "sync" : {
        "total_ios" : 0,
        "lat_ns" : {
          "min" : 0,
          "max" : 0,
          "mean" : 0.000000,
          "stddev" : 0.000000,
          "N" : 0
        }
      },
      "job_runtime" : 1224,
      "usr_cpu" : 4.738562,
      "sys_cpu" : 39.215686,
      "ctx" : 1742,
      "majf" : 0,
      "minf" : 30,
      "iodepth_level" : {
        "1" : 100.000000,
        "2" : 0.000000,
        "4" : 0.000000,
        "8" : 0.000000,
        "16" : 0.000000,
        "32" : 0.000000,
        ">=64" : 0.000000
      },
      "iodepth_submit" : {
        "0" : 0.000000,
        "4" : 100.000000,
        "8" : 0.000000,
        "16" : 0.000000,
        "32" : 0.000000,
        "64" : 0.000000,
        ">=64" : 0.000000
      },
      "iodepth_complete" : {
        "0" : 0.000000,
        "4" : 100.000000,
        "8" : 0.000000,
        "16" : 0.000000,
        "32" : 0.000000,
        "64" : 0.000000,
        ">=64" : 0.000000
      },
      "latency_ns" : {
        "2" : 0.000000,
        "4" : 0.000000,
        "10" : 0.000000,
        "20" : 0.000000,
        "50" : 0.000000,
        "100" : 0.000000,
        "250" : 0.000000,
        "500" : 0.000000,
        "750" : 0.000000,
        "1000" : 0.000000
      },
      "latency_us" : {
        "2" : 0.000000,
        "4" : 0.000000,
        "10" : 0.000000,
        "20" : 0.000000,
        "50" : 1.416016,
        "100" : 41.894531,
        "250" : 17.163086,
        "500" : 7.031250,
        "750" : 31.054688,
        "1000" : 0.195312
      },
      "latency_ms" : {
        "2" : 0.561523,
        "4" : 0.659180,
        "10" : 0.024414,
        "20" : 0.000000,
        "50" : 0.000000,
        "100" : 0.000000,
        "250" : 0.000000,
        "500" : 0.000000,
        "750" : 0.000000,
        "1000" : 0.000000,
        "2000" : 0.000000,
        ">=2000" : 0.000000
      },
      "latency_depth" : 1,
      "latency_target" : 0,
      "latency_percentile" : 100.000000,
      "latency_window" : 0
    }
  ]
}
