{
  "fio version" : "fio-3.38",
  "timestamp" : 1729844179,
  "timestamp_ms" : 1729844179198,
  "time" : "Fri Oct 25 10:16:19 2024",
  "jobs" : [
    {
      "jobname" : "Exo2_bs_64k_rep_1",
      "groupid" : 0,
      "job_start" : 1729844175785,
      "error" : 0,
      "eta" : 0,
      "elapsed" : 4,
      "job options" : {
        "name" : "Exo2_bs_64k_rep_1",
        "runtime" : "60",
        "numjobs" : "1",
        "rwmixwrite" : "33",
        "filesize" : "1G",
        "direct" : "1",
        "rw" : "randrw",
        "bs" : "64k"
      },
      "read" : {
        "io_bytes" : 717029376,
        "io_kbytes" : 700224,
        "bw_bytes" : 224915111,
        "bw" : 219643,
        "iops" : 3431.932246,
        "runtime" : 3188,
        "total_ios" : 10941,
        "short_ios" : 0,
        "drop_ios" : 0,
        "slat_ns" : {
          "min" : 0,
          "max" : 0,
          "mean" : 0.000000,
          "stddev" : 0.000000,
          "N" : 0
        },
        "clat_ns" : {
          "min" : 11000,
          "max" : 5144000,
          "mean" : 227160.680011,
          "stddev" : 242973.875471,
          "N" : 10941,
          "percentile" : {
            "1.000000" : 14016,
            "5.000000" : 17024,
            "10.000000" : 20096,
            "20.000000" : 29056,
            "30.000000" : 199680,
            "40.000000" : 220160,
            "50.000000" : 232448,
            "60.000000" : 244736,
            "70.000000" : 257024,
            "80.000000" : 272384,
            "90.000000" : 296960,
            "95.000000" : 329728,
            "99.000000" : 1466368,
            "99.500000" : 1990656,
            "99.900000" : 2408448,
            "99.950000" : 3194880,
            "99.990000" : 3948544
          }
        },
        "lat_ns" : {
          "min" : 11000,
          "max" : 5144000,
          "mean" : 227551.686318,
          "stddev" : 242984.741214,
          "N" : 10941
        },
        "bw_min" : 202687,
        "bw_max" : 234752,
        "bw_agg" : 100.000000,
        "bw_mean" : 220384.333333,
        "bw_dev" : 12821.215351,
        "bw_samples" : 6,
        "iops_min" : 3166,
        "iops_max" : 3668,
        "iops_mean" : 3443.000000,
        "iops_stddev" : 200.682834,
        "iops_samples" : 6
      },
      "write" : {
        "io_bytes" : 356712448,
        "io_kbytes" : 348352,
        "bw_bytes" : 111892235,
        "bw" : 109269,
        "iops" : 1707.340025,
        "runtime" : 3188,
        "total_ios" : 5443,
        "short_ios" : 0,
        "drop_ios" : 0,
        "slat_ns" : {
          "min" : 0,
          "max" : 0,
          "mean" : 0.000000,
          "stddev" : 0.000000,
          "N" : 0
        },
        "clat_ns" : {
          "min" : 72000,
          "max" : 1372000,
          "mean" : 116423.112254,
          "stddev" : 50140.989336,
          "N" : 5443,
          "percentile" : {
            "1.000000" : 75264,
            "5.000000" : 77312,
            "10.000000" : 80384,
            "20.000000" : 87552,
            "30.000000" : 97792,
            "40.000000" : 104960,
            "50.000000" : 108032,
            "60.000000" : 114176,
            "70.000000" : 127488,
            "80.000000" : 136192,
            "90.000000" : 154624,
            "95.000000" : 175104,
            "99.000000" : 236544,
            "99.500000" : 268288,
            "99.900000" : 1089536,
            "99.950000" : 1286144,
            "99.990000" : 1368064
          }
        },
        "lat_ns" : {
          "min" : 74000,
          "max" : 1375000,
          "mean" : 118231.489987,
          "stddev" : 50442.372945,
          "N" : 5443
        },
        "bw_min" : 98326,
        "bw_max" : 119552,
        "bw_agg" : 100.000000,
        "bw_mean" : 109614.166667,
        "bw_dev" : 7022.847013,
        "bw_samples" : 6,
        "iops_min" : 1536,
        "iops_max" : 1868,
        "iops_mean" : 1712.333333,
        "iops_stddev" : 109.811960,
        "iops_samples" : 6
      },
      "trim" : {
        "io_bytes" : 0,
        "io_kbytes" : 0,
        "bw_bytes" : 0,
        "bw" : 0,
        "iops" : 0.000000,
        "runtime" : 0,
        "total_ios" : 0,
        "short_ios" : 0,
        "drop_ios" : 0,
        "slat_ns" : {
          "min" : 0,
          "max" : 0,
          "mean" : 0.000000,
          "stddev" : 0.000000,
          "N" : 0
        },
        "clat_ns" : {
          "min" : 0,
          "max" : 0,
          "mean" : 0.000000,
          "stddev" : 0.000000,
          "N" : 0
        },
        "lat_ns" : {
          "min" : 0,
          "max" : 0,
          "mean" : 0.000000,
          "stddev" : 0.000000,
          "N" : 0
        },
        "bw_min" : 0,
        "bw_max" : 0,
        "bw_agg" : 0.000000,
        "bw_mean" : 0.000000,
        "bw_dev" : 0.000000,
        "bw_samples" : 0,
        "iops_min" : 0,
        "iops_max" : 0,
        "iops_mean" : 0.000000,
        "iops_stddev" : 0.000000,
        "iops_samples" : 0
      },
      "sync" : {
        "total_ios" : 0,
        "lat_ns" : {
          "min" : 0,
          "max" : 0,
          "mean" : 0.000000,
          "stddev" : 0.000000,
          "N" : 0
        }
      },
      "job_runtime" : 3187,
      "usr_cpu" : 2.918105,
      "sys_cpu" : 22.529024,
      "ctx" : 14263,
      "majf" : 0,
      "minf" : 31,
      "iodepth_level" : {
        "1" : 100.000000,
        "2" : 0.000000,
        "4" : 0.000000,
        "8" : 0.000000,
        "16" : 0.000000,
        "32" : 0.000000,
        ">=64" : 0.000000
      },
      "iodepth_submit" : {
        "0" : 0.000000,
        "4" : 100.000000,
        "8" : 0.000000,
        "16" : 0.000000,
        "32" : 0.000000,
        "64" : 0.000000,
        ">=64" : 0.000000
      },
      "iodepth_complete" : {
        "0" : 0.000000,
        "4" : 100.000000,
        "8" : 0.000000,
        "16" : 0.000000,
        "32" : 0.000000,
        "64" : 0.000000,
        ">=64" : 0.000000
      },
      "latency_ns" : {
        "2" : 0.000000,
        "4" : 0.000000,
        "10" : 0.000000,
        "20" : 0.000000,
        "50" : 0.000000,
        "100" : 0.000000,
        "250" : 0.000000,
        "500" : 0.000000,
        "750" : 0.000000,
        "1000" : 0.000000
      },
      "latency_us" : {
        "2" : 0.000000,
        "4" : 0.000000,
        "10" : 0.000000,
        "20" : 6.158447,
        "50" : 8.746338,
        "100" : 10.302734,
        "250" : 50.329590,
        "500" : 22.937012,
        "750" : 0.024414,
        "1000" : 0.036621
      },
      "latency_ms" : {
        "2" : 1.141357,
        "4" : 0.317383,
        "10" : 0.010000,
        "20" : 0.000000,
        "50" : 0.000000,
        "100" : 0.000000,
        "250" : 0.000000,
        "500" : 0.000000,
        "750" : 0.000000,
        "1000" : 0.000000,
        "2000" : 0.000000,
        ">=2000" : 0.000000
      },
      "latency_depth" : 1,
      "latency_target" : 0,
      "latency_percentile" : 100.000000,
      "latency_window" : 0
    }
  ]
}
