{
  "fio version" : "fio-3.38",
  "timestamp" : 1729843924,
  "timestamp_ms" : 1729843924105,
  "time" : "Fri Oct 25 10:12:04 2024",
  "jobs" : [
    {
      "jobname" : "Exo2_bs_4k_rep_1",
      "groupid" : 0,
      "job_start" : 1729843898709,
      "error" : 0,
      "eta" : 0,
      "elapsed" : 26,
      "job options" : {
        "name" : "Exo2_bs_4k_rep_1",
        "runtime" : "60",
        "numjobs" : "1",
        "rwmixwrite" : "33",
        "filesize" : "1G",
        "direct" : "1",
        "rw" : "randrw",
        "bs" : "4k"
      },
      "read" : {
        "io_bytes" : 718589952,
        "io_kbytes" : 701748,
        "bw_bytes" : 28482696,
        "bw" : 27815,
        "iops" : 6953.783345,
        "runtime" : 25229,
        "total_ios" : 175437,
        "short_ios" : 0,
        "drop_ios" : 0,
        "slat_ns" : {
          "min" : 0,
          "max" : 0,
          "mean" : 0.000000,
          "stddev" : 0.000000,
          "N" : 0
        },
        "clat_ns" : {
          "min" : 2000,
          "max" : 7055000,
          "mean" : 122531.649538,
          "stddev" : 102598.300910,
          "N" : 175437,
          "percentile" : {
            "1.000000" : 2992,
            "5.000000" : 2992,
            "10.000000" : 4016,
            "20.000000" : 91648,
            "30.000000" : 107008,
            "40.000000" : 111104,
            "50.000000" : 120320,
            "60.000000" : 132096,
            "70.000000" : 144384,
            "80.000000" : 160768,
            "90.000000" : 177152,
            "95.000000" : 201728,
            "99.000000" : 301056,
            "99.500000" : 468992,
            "99.900000" : 1449984,
            "99.950000" : 1548288,
            "99.990000" : 2637824
          }
        },
        "lat_ns" : {
          "min" : 2000,
          "max" : 7056000,
          "mean" : 122756.083380,
          "stddev" : 102655.926001,
          "N" : 175437
        },
        "bw_min" : 14392,
        "bw_max" : 37656,
        "bw_agg" : 100.000000,
        "bw_mean" : 27854.560000,
        "bw_dev" : 6644.479526,
        "bw_samples" : 50,
        "iops_min" : 3598,
        "iops_max" : 9414,
        "iops_mean" : 6963.420000,
        "iops_stddev" : 1661.165378,
        "iops_samples" : 50
      },
      "write" : {
        "io_bytes" : 355151872,
        "io_kbytes" : 346828,
        "bw_bytes" : 14077128,
        "bw" : 13747,
        "iops" : 3436.798922,
        "runtime" : 25229,
        "total_ios" : 86707,
        "short_ios" : 0,
        "drop_ios" : 0,
        "slat_ns" : {
          "min" : 0,
          "max" : 0,
          "mean" : 0.000000,
          "stddev" : 0.000000,
          "N" : 0
        },
        "clat_ns" : {
          "min" : 11000,
          "max" : 39036000,
          "mean" : 36131.315811,
          "stddev" : 189768.120181,
          "N" : 86707,
          "percentile" : {
            "1.000000" : 21888,
            "5.000000" : 23936,
            "10.000000" : 24960,
            "20.000000" : 25984,
            "30.000000" : 27008,
            "40.000000" : 28032,
            "50.000000" : 29056,
            "60.000000" : 29056,
            "70.000000" : 30080,
            "80.000000" : 35072,
            "90.000000" : 48896,
            "95.000000" : 61184,
            "99.000000" : 93696,
            "99.500000" : 128512,
            "99.900000" : 552960,
            "99.950000" : 1679360,
            "99.990000" : 4112384
          }
        },
        "lat_ns" : {
          "min" : 11000,
          "max" : 39037000,
          "mean" : 36410.520489,
          "stddev" : 189783.516075,
          "N" : 86707
        },
        "bw_min" : 7176,
        "bw_max" : 18784,
        "bw_agg" : 100.000000,
        "bw_mean" : 13765.640000,
        "bw_dev" : 3225.753826,
        "bw_samples" : 50,
        "iops_min" : 1794,
        "iops_max" : 4696,
        "iops_mean" : 3441.140000,
        "iops_stddev" : 806.447311,
        "iops_samples" : 50
      },
      "trim" : {
        "io_bytes" : 0,
        "io_kbytes" : 0,
        "bw_bytes" : 0,
        "bw" : 0,
        "iops" : 0.000000,
        "runtime" : 0,
        "total_ios" : 0,
        "short_ios" : 0,
        "drop_ios" : 0,
        "slat_ns" : {
          "min" : 0,
          "max" : 0,
          "mean" : 0.000000,
          "stddev" : 0.000000,
          "N" : 0
        },
        "clat_ns" : {
          "min" : 0,
          "max" : 0,
          "mean" : 0.000000,
          "stddev" : 0.000000,
          "N" : 0
        },
        "lat_ns" : {
          "min" : 0,
          "max" : 0,
          "mean" : 0.000000,
          "stddev" : 0.000000,
          "N" : 0
        },
        "bw_min" : 0,
        "bw_max" : 0,
        "bw_agg" : 0.000000,
        "bw_mean" : 0.000000,
        "bw_dev" : 0.000000,
        "bw_samples" : 0,
        "iops_min" : 0,
        "iops_max" : 0,
        "iops_mean" : 0.000000,
        "iops_stddev" : 0.000000,
        "iops_samples" : 0
      },
      "sync" : {
        "total_ios" : 0,
        "lat_ns" : {
          "min" : 0,
          "max" : 0,
          "mean" : 0.000000,
          "stddev" : 0.000000,
          "N" : 0
        }
      },
      "job_runtime" : 25228,
      "usr_cpu" : 3.400983,
      "sys_cpu" : 24.647217,
      "ctx" : 162163,
      "majf" : 0,
      "minf" : 35,
      "iodepth_level" : {
        "1" : 100.000000,
        "2" : 0.000000,
        "4" : 0.000000,
        "8" : 0.000000,
        "16" : 0.000000,
        "32" : 0.000000,
        ">=64" : 0.000000
      },
      "iodepth_submit" : {
        "0" : 0.000000,
        "4" : 100.000000,
        "8" : 0.000000,
        "16" : 0.000000,
        "32" : 0.000000,
        "64" : 0.000000,
        ">=64" : 0.000000
      },
      "iodepth_complete" : {
        "0" : 0.000000,
        "4" : 100.000000,
        "8" : 0.000000,
        "16" : 0.000000,
        "32" : 0.000000,
        "64" : 0.000000,
        ">=64" : 0.000000
      },
      "latency_ns" : {
        "2" : 0.000000,
        "4" : 0.000000,
        "10" : 0.000000,
        "20" : 0.000000,
        "50" : 0.000000,
        "100" : 0.000000,
        "250" : 0.000000,
        "500" : 0.000000,
        "750" : 0.000000,
        "1000" : 0.000000
      },
      "latency_us" : {
        "2" : 0.000000,
        "4" : 4.725266,
        "10" : 4.328918,
        "20" : 0.341034,
        "50" : 29.738998,
        "100" : 12.499619,
        "250" : 47.125626,
        "500" : 0.898743,
        "750" : 0.072479,
        "1000" : 0.020218
      },
      "latency_ms" : {
        "2" : 0.223160,
        "4" : 0.019836,
        "10" : 0.010000,
        "20" : 0.000000,
        "50" : 0.010000,
        "100" : 0.000000,
        "250" : 0.000000,
        "500" : 0.000000,
        "750" : 0.000000,
        "1000" : 0.000000,
        "2000" : 0.000000,
        ">=2000" : 0.000000
      },
      "latency_depth" : 1,
      "latency_target" : 0,
      "latency_percentile" : 100.000000,
      "latency_window" : 0
    }
  ]
}
