{
  "fio version" : "fio-3.38",
  "timestamp" : 1729844167,
  "timestamp_ms" : 1729844167997,
  "time" : "Fri Oct 25 10:16:07 2024",
  "jobs" : [
    {
      "jobname" : "Exo2_bs_32k_rep_4",
      "groupid" : 0,
      "job_start" : 1729844162938,
      "error" : 0,
      "eta" : 0,
      "elapsed" : 6,
      "job options" : {
        "name" : "Exo2_bs_32k_rep_4",
        "runtime" : "60",
        "numjobs" : "1",
        "rwmixwrite" : "33",
        "filesize" : "1G",
        "direct" : "1",
        "rw" : "randrw",
        "bs" : "32k"
      },
      "read" : {
        "io_bytes" : 718405632,
        "io_kbytes" : 701568,
        "bw_bytes" : 144490271,
        "bw" : 141103,
        "iops" : 4409.493162,
        "runtime" : 4972,
        "total_ios" : 21924,
        "short_ios" : 0,
        "drop_ios" : 0,
        "slat_ns" : {
          "min" : 0,
          "max" : 0,
          "mean" : 0.000000,
          "stddev" : 0.000000,
          "N" : 0
        },
        "clat_ns" : {
          "min" : 6000,
          "max" : 4305000,
          "mean" : 179310.390440,
          "stddev" : 172125.965845,
          "N" : 21924,
          "percentile" : {
            "1.000000" : 8032,
            "5.000000" : 9024,
            "10.000000" : 10944,
            "20.000000" : 27008,
            "30.000000" : 158720,
            "40.000000" : 175104,
            "50.000000" : 189440,
            "60.000000" : 201728,
            "70.000000" : 214016,
            "80.000000" : 228352,
            "90.000000" : 246784,
            "95.000000" : 268288,
            "99.000000" : 1155072,
            "99.500000" : 1417216,
            "99.900000" : 1990656,
            "99.950000" : 2179072,
            "99.990000" : 4014080
          }
        },
        "lat_ns" : {
          "min" : 6000,
          "max" : 4306000,
          "mean" : 179598.157271,
          "stddev" : 172133.821595,
          "N" : 21924
        },
        "bw_min" : 122181,
        "bw_max" : 149734,
        "bw_agg" : 100.000000,
        "bw_mean" : 141204.888889,
        "bw_dev" : 8487.084945,
        "bw_samples" : 9,
        "iops_min" : 3818,
        "iops_max" : 4679,
        "iops_mean" : 4412.222222,
        "iops_stddev" : 265.184736,
        "iops_samples" : 9
      },
      "write" : {
        "io_bytes" : 355336192,
        "io_kbytes" : 347008,
        "bw_bytes" : 71467456,
        "bw" : 69792,
        "iops" : 2181.013677,
        "runtime" : 4972,
        "total_ios" : 10844,
        "short_ios" : 0,
        "drop_ios" : 0,
        "slat_ns" : {
          "min" : 0,
          "max" : 0,
          "mean" : 0.000000,
          "stddev" : 0.000000,
          "N" : 0
        },
        "clat_ns" : {
          "min" : 58000,
          "max" : 20534000,
          "mean" : 85982.663224,
          "stddev" : 199688.030399,
          "N" : 10844,
          "percentile" : {
            "1.000000" : 60160,
            "5.000000" : 61184,
            "10.000000" : 62208,
            "20.000000" : 64768,
            "30.000000" : 70144,
            "40.000000" : 74240,
            "50.000000" : 77312,
            "60.000000" : 85504,
            "70.000000" : 88576,
            "80.000000" : 94720,
            "90.000000" : 111104,
            "95.000000" : 123392,
            "99.000000" : 166912,
            "99.500000" : 197632,
            "99.900000" : 321536,
            "99.950000" : 1056768,
            "99.990000" : 1548288
          }
        },
        "lat_ns" : {
          "min" : 59000,
          "max" : 20535000,
          "mean" : 86873.017337,
          "stddev" : 199711.241825,
          "N" : 10844
        },
        "bw_min" : 62355,
        "bw_max" : 73821,
        "bw_agg" : 100.000000,
        "bw_mean" : 69818.555556,
        "bw_dev" : 3103.404466,
        "bw_samples" : 9,
        "iops_min" : 1948,
        "iops_max" : 2306,
        "iops_mean" : 2181.333333,
        "iops_stddev" : 96.936835,
        "iops_samples" : 9
      },
      "trim" : {
        "io_bytes" : 0,
        "io_kbytes" : 0,
        "bw_bytes" : 0,
        "bw" : 0,
        "iops" : 0.000000,
        "runtime" : 0,
        "total_ios" : 0,
        "short_ios" : 0,
        "drop_ios" : 0,
        "slat_ns" : {
          "min" : 0,
          "max" : 0,
          "mean" : 0.000000,
          "stddev" : 0.000000,
          "N" : 0
        },
        "clat_ns" : {
          "min" : 0,
          "max" : 0,
          "mean" : 0.000000,
          "stddev" : 0.000000,
          "N" : 0
        },
        "lat_ns" : {
          "min" : 0,
          "max" : 0,
          "mean" : 0.000000,
          "stddev" : 0.000000,
          "N" : 0
        },
        "bw_min" : 0,
        "bw_max" : 0,
        "bw_agg" : 0.000000,
        "bw_mean" : 0.000000,
        "bw_dev" : 0.000000,
        "bw_samples" : 0,
        "iops_min" : 0,
        "iops_max" : 0,
        "iops_mean" : 0.000000,
        "iops_stddev" : 0.000000,
        "iops_samples" : 0
      },
      "sync" : {
        "total_ios" : 0,
        "lat_ns" : {
          "min" : 0,
          "max" : 0,
          "mean" : 0.000000,
          "stddev" : 0.000000,
          "N" : 0
        }
      },
      "job_runtime" : 4971,
      "usr_cpu" : 2.937035,
      "sys_cpu" : 21.565077,
      "ctx" : 28776,
      "majf" : 0,
      "minf" : 32,
      "iodepth_level" : {
        "1" : 100.000000,
        "2" : 0.000000,
        "4" : 0.000000,
        "8" : 0.000000,
        "16" : 0.000000,
        "32" : 0.000000,
        ">=64" : 0.000000
      },
      "iodepth_submit" : {
        "0" : 0.000000,
        "4" : 100.000000,
        "8" : 0.000000,
        "16" : 0.000000,
        "32" : 0.000000,
        "64" : 0.000000,
        ">=64" : 0.000000
      },
      "iodepth_complete" : {
        "0" : 0.000000,
        "4" : 100.000000,
        "8" : 0.000000,
        "16" : 0.000000,
        "32" : 0.000000,
        "64" : 0.000000,
        ">=64" : 0.000000
      },
      "latency_ns" : {
        "2" : 0.000000,
        "4" : 0.000000,
        "10" : 0.000000,
        "20" : 0.000000,
        "50" : 0.000000,
        "100" : 0.000000,
        "250" : 0.000000,
        "500" : 0.000000,
        "750" : 0.000000,
        "1000" : 0.000000
      },
      "latency_us" : {
        "2" : 0.000000,
        "4" : 0.000000,
        "10" : 4.037476,
        "20" : 9.106445,
        "50" : 0.567627,
        "100" : 27.624512,
        "250" : 52.514648,
        "500" : 5.227661,
        "750" : 0.024414,
        "1000" : 0.057983
      },
      "latency_ms" : {
        "2" : 0.772095,
        "4" : 0.054932,
        "10" : 0.010000,
        "20" : 0.000000,
        "50" : 0.010000,
        "100" : 0.000000,
        "250" : 0.000000,
        "500" : 0.000000,
        "750" : 0.000000,
        "1000" : 0.000000,
        "2000" : 0.000000,
        ">=2000" : 0.000000
      },
      "latency_depth" : 1,
      "latency_target" : 0,
      "latency_percentile" : 100.000000,
      "latency_window" : 0
    }
  ]
}
