{
  "fio version" : "fio-3.38",
  "timestamp" : 1729843596,
  "timestamp_ms" : 1729843596325,
  "time" : "Fri Oct 25 10:06:36 2024",
  "jobs" : [
    {
      "jobname" : "Exo2_bs_1k_rep_5",
      "groupid" : 0,
      "job_start" : 1729843536203,
      "error" : 0,
      "eta" : 0,
      "elapsed" : 61,
      "job options" : {
        "name" : "Exo2_bs_1k_rep_5",
        "runtime" : "60",
        "numjobs" : "1",
        "rwmixwrite" : "33",
        "filesize" : "1G",
        "direct" : "1",
        "rw" : "randrw",
        "bs" : "1k"
      },
      "read" : {
        "io_bytes" : 370011136,
        "io_kbytes" : 361339,
        "bw_bytes" : 6166749,
        "bw" : 6022,
        "iops" : 6022.216296,
        "runtime" : 60001,
        "total_ios" : 361339,
        "short_ios" : 0,
        "drop_ios" : 0,
        "slat_ns" : {
          "min" : 0,
          "max" : 0,
          "mean" : 0.000000,
          "stddev" : 0.000000,
          "N" : 0
        },
        "clat_ns" : {
          "min" : 2000,
          "max" : 25432000,
          "mean" : 97615.571527,
          "stddev" : 91260.258308,
          "N" : 361339,
          "percentile" : {
            "1.000000" : 2008,
            "5.000000" : 2992,
            "10.000000" : 4016,
            "20.000000" : 90624,
            "30.000000" : 92672,
            "40.000000" : 96768,
            "50.000000" : 108032,
            "60.000000" : 111104,
            "70.000000" : 114176,
            "80.000000" : 121344,
            "90.000000" : 142336,
            "95.000000" : 166912,
            "99.000000" : 228352,
            "99.500000" : 280576,
            "99.900000" : 1236992,
            "99.950000" : 1466368,
            "99.990000" : 1581056
          }
        },
        "lat_ns" : {
          "min" : 2000,
          "max" : 25433000,
          "mean" : 97827.336656,
          "stddev" : 91273.550803,
          "N" : 361339
        },
        "bw_min" : 4468,
        "bw_max" : 6890,
        "bw_agg" : 100.000000,
        "bw_mean" : 6033.075630,
        "bw_dev" : 468.535532,
        "bw_samples" : 119,
        "iops_min" : 4468,
        "iops_max" : 6890,
        "iops_mean" : 6033.075630,
        "iops_stddev" : 468.515274,
        "iops_samples" : 119
      },
      "write" : {
        "io_bytes" : 182931456,
        "io_kbytes" : 178644,
        "bw_bytes" : 3048806,
        "bw" : 2977,
        "iops" : 2977.350377,
        "runtime" : 60001,
        "total_ios" : 178644,
        "short_ios" : 0,
        "drop_ios" : 0,
        "slat_ns" : {
          "min" : 0,
          "max" : 0,
          "mean" : 0.000000,
          "stddev" : 0.000000,
          "N" : 0
        },
        "clat_ns" : {
          "min" : 10000,
          "max" : 29131000,
          "mean" : 130911.807841,
          "stddev" : 115615.339427,
          "N" : 178644,
          "percentile" : {
            "1.000000" : 23936,
            "5.000000" : 25984,
            "10.000000" : 27008,
            "20.000000" : 113152,
            "30.000000" : 116224,
            "40.000000" : 129536,
            "50.000000" : 132096,
            "60.000000" : 144384,
            "70.000000" : 148480,
            "80.000000" : 164864,
            "90.000000" : 189440,
            "95.000000" : 209920,
            "99.000000" : 276480,
            "99.500000" : 358400,
            "99.900000" : 1335296,
            "99.950000" : 1499136,
            "99.990000" : 2179072
          }
        },
        "lat_ns" : {
          "min" : 10000,
          "max" : 29131000,
          "mean" : 131146.330131,
          "stddev" : 115634.620312,
          "N" : 178644
        },
        "bw_min" : 2208,
        "bw_max" : 3400,
        "bw_agg" : 100.000000,
        "bw_mean" : 2983.571429,
        "bw_dev" : 243.838324,
        "bw_samples" : 119,
        "iops_min" : 2208,
        "iops_max" : 3400,
        "iops_mean" : 2983.571429,
        "iops_stddev" : 243.838324,
        "iops_samples" : 119
      },
      "trim" : {
        "io_bytes" : 0,
        "io_kbytes" : 0,
        "bw_bytes" : 0,
        "bw" : 0,
        "iops" : 0.000000,
        "runtime" : 0,
        "total_ios" : 0,
        "short_ios" : 0,
        "drop_ios" : 0,
        "slat_ns" : {
          "min" : 0,
          "max" : 0,
          "mean" : 0.000000,
          "stddev" : 0.000000,
          "N" : 0
        },
        "clat_ns" : {
          "min" : 0,
          "max" : 0,
          "mean" : 0.000000,
          "stddev" : 0.000000,
          "N" : 0
        },
        "lat_ns" : {
          "min" : 0,
          "max" : 0,
          "mean" : 0.000000,
          "stddev" : 0.000000,
          "N" : 0
        },
        "bw_min" : 0,
        "bw_max" : 0,
        "bw_agg" : 0.000000,
        "bw_mean" : 0.000000,
        "bw_dev" : 0.000000,
        "bw_samples" : 0,
        "iops_min" : 0,
        "iops_max" : 0,
        "iops_mean" : 0.000000,
        "iops_stddev" : 0.000000,
        "iops_samples" : 0
      },
      "sync" : {
        "total_ios" : 0,
        "lat_ns" : {
          "min" : 0,
          "max" : 0,
          "mean" : 0.000000,
          "stddev" : 0.000000,
          "N" : 0
        }
      },
      "job_runtime" : 60000,
      "usr_cpu" : 3.026667,
      "sys_cpu" : 23.333333,
      "ctx" : 448404,
      "majf" : 0,
      "minf" : 32,
      "iodepth_level" : {
        "1" : 100.000000,
        "2" : 0.000000,
        "4" : 0.000000,
        "8" : 0.000000,
        "16" : 0.000000,
        "32" : 0.000000,
        ">=64" : 0.000000
      },
      "iodepth_submit" : {
        "0" : 0.000000,
        "4" : 100.000000,
        "8" : 0.000000,
        "16" : 0.000000,
        "32" : 0.000000,
        "64" : 0.000000,
        ">=64" : 0.000000
      },
      "iodepth_complete" : {
        "0" : 0.000000,
        "4" : 100.000000,
        "8" : 0.000000,
        "16" : 0.000000,
        "32" : 0.000000,
        "64" : 0.000000,
        ">=64" : 0.000000
      },
      "latency_ns" : {
        "2" : 0.000000,
        "4" : 0.000000,
        "10" : 0.000000,
        "20" : 0.000000,
        "50" : 0.000000,
        "100" : 0.000000,
        "250" : 0.000000,
        "500" : 0.000000,
        "750" : 0.000000,
        "1000" : 0.000000
      },
      "latency_us" : {
        "2" : 0.000000,
        "4" : 5.350168,
        "10" : 7.162077,
        "20" : 0.257971,
        "50" : 6.041116,
        "100" : 18.221129,
        "250" : 61.940654,
        "500" : 0.760579,
        "750" : 0.045927,
        "1000" : 0.010000
      },
      "latency_ms" : {
        "2" : 0.206303,
        "4" : 0.010000,
        "10" : 0.010000,
        "20" : 0.010000,
        "50" : 0.010000,
        "100" : 0.000000,
        "250" : 0.000000,
        "500" : 0.000000,
        "750" : 0.000000,
        "1000" : 0.000000,
        "2000" : 0.000000,
        ">=2000" : 0.000000
      },
      "latency_depth" : 1,
      "latency_target" : 0,
      "latency_percentile" : 100.000000,
      "latency_window" : 0
    }
  ]
}
