{
  "fio version" : "fio-3.38",
  "timestamp" : 1729844183,
  "timestamp_ms" : 1729844183554,
  "time" : "Fri Oct 25 10:16:23 2024",
  "jobs" : [
    {
      "jobname" : "Exo2_bs_64k_rep_2",
      "groupid" : 0,
      "job_start" : 1729844180315,
      "error" : 0,
      "eta" : 0,
      "elapsed" : 4,
      "job options" : {
        "name" : "Exo2_bs_64k_rep_2",
        "runtime" : "60",
        "numjobs" : "1",
        "rwmixwrite" : "33",
        "filesize" : "1G",
        "direct" : "1",
        "rw" : "randrw",
        "bs" : "64k"
      },
      "read" : {
        "io_bytes" : 717029376,
        "io_kbytes" : 700224,
        "bw_bytes" : 224492603,
        "bw" : 219231,
        "iops" : 3425.485285,
        "runtime" : 3194,
        "total_ios" : 10941,
        "short_ios" : 0,
        "drop_ios" : 0,
        "slat_ns" : {
          "min" : 0,
          "max" : 0,
          "mean" : 0.000000,
          "stddev" : 0.000000,
          "N" : 0
        },
        "clat_ns" : {
          "min" : 11000,
          "max" : 5133000,
          "mean" : 226146.695914,
          "stddev" : 246669.790071,
          "N" : 10941,
          "percentile" : {
            "1.000000" : 14016,
            "5.000000" : 18048,
            "10.000000" : 21120,
            "20.000000" : 28032,
            "30.000000" : 207872,
            "40.000000" : 222208,
            "50.000000" : 232448,
            "60.000000" : 242688,
            "70.000000" : 257024,
            "80.000000" : 272384,
            "90.000000" : 296960,
            "95.000000" : 329728,
            "99.000000" : 1466368,
            "99.500000" : 2007040,
            "99.900000" : 2473984,
            "99.950000" : 3358720,
            "99.990000" : 4079616
          }
        },
        "lat_ns" : {
          "min" : 11000,
          "max" : 5134000,
          "mean" : 226513.572800,
          "stddev" : 246675.641196,
          "N" : 10941
        },
        "bw_min" : 210176,
        "bw_max" : 224316,
        "bw_agg" : 100.000000,
        "bw_mean" : 219263.666667,
        "bw_dev" : 4860.311293,
        "bw_samples" : 6,
        "iops_min" : 3284,
        "iops_max" : 3504,
        "iops_mean" : 3425.666667,
        "iops_stddev" : 75.706451,
        "iops_samples" : 6
      },
      "write" : {
        "io_bytes" : 356712448,
        "io_kbytes" : 348352,
        "bw_bytes" : 111682043,
        "bw" : 109064,
        "iops" : 1704.132749,
        "runtime" : 3194,
        "total_ios" : 5443,
        "short_ios" : 0,
        "drop_ios" : 0,
        "slat_ns" : {
          "min" : 0,
          "max" : 0,
          "mean" : 0.000000,
          "stddev" : 0.000000,
          "N" : 0
        },
        "clat_ns" : {
          "min" : 73000,
          "max" : 1452000,
          "mean" : 119234.062098,
          "stddev" : 53674.170128,
          "N" : 5443,
          "percentile" : {
            "1.000000" : 76288,
            "5.000000" : 80384,
            "10.000000" : 86528,
            "20.000000" : 95744,
            "30.000000" : 103936,
            "40.000000" : 105984,
            "50.000000" : 109056,
            "60.000000" : 115200,
            "70.000000" : 128512,
            "80.000000" : 134144,
            "90.000000" : 150528,
            "95.000000" : 173056,
            "99.000000" : 234496,
            "99.500000" : 292864,
            "99.900000" : 1044480,
            "99.950000" : 1335296,
            "99.990000" : 1449984
          }
        },
        "lat_ns" : {
          "min" : 74000,
          "max" : 1460000,
          "mean" : 121061.730663,
          "stddev" : 53895.578832,
          "N" : 5443
        },
        "bw_min" : 102016,
        "bw_max" : 118693,
        "bw_agg" : 99.799664,
        "bw_mean" : 108846.166667,
        "bw_dev" : 6168.064118,
        "bw_samples" : 6,
        "iops_min" : 1594,
        "iops_max" : 1854,
        "iops_mean" : 1700.333333,
        "iops_stddev" : 96.300917,
        "iops_samples" : 6
      },
      "trim" : {
        "io_bytes" : 0,
        "io_kbytes" : 0,
        "bw_bytes" : 0,
        "bw" : 0,
        "iops" : 0.000000,
        "runtime" : 0,
        "total_ios" : 0,
        "short_ios" : 0,
        "drop_ios" : 0,
        "slat_ns" : {
          "min" : 0,
          "max" : 0,
          "mean" : 0.000000,
          "stddev" : 0.000000,
          "N" : 0
        },
        "clat_ns" : {
          "min" : 0,
          "max" : 0,
          "mean" : 0.000000,
          "stddev" : 0.000000,
          "N" : 0
        },
        "lat_ns" : {
          "min" : 0,
          "max" : 0,
          "mean" : 0.000000,
          "stddev" : 0.000000,
          "N" : 0
        },
        "bw_min" : 0,
        "bw_max" : 0,
        "bw_agg" : 0.000000,
        "bw_mean" : 0.000000,
        "bw_dev" : 0.000000,
        "bw_samples" : 0,
        "iops_min" : 0,
        "iops_max" : 0,
        "iops_mean" : 0.000000,
        "iops_stddev" : 0.000000,
        "iops_samples" : 0
      },
      "sync" : {
        "total_ios" : 0,
        "lat_ns" : {
          "min" : 0,
          "max" : 0,
          "mean" : 0.000000,
          "stddev" : 0.000000,
          "N" : 0
        }
      },
      "job_runtime" : 3193,
      "usr_cpu" : 2.975258,
      "sys_cpu" : 23.175697,
      "ctx" : 14108,
      "majf" : 0,
      "minf" : 31,
      "iodepth_level" : {
        "1" : 100.000000,
        "2" : 0.000000,
        "4" : 0.000000,
        "8" : 0.000000,
        "16" : 0.000000,
        "32" : 0.000000,
        ">=64" : 0.000000
      },
      "iodepth_submit" : {
        "0" : 0.000000,
        "4" : 100.000000,
        "8" : 0.000000,
        "16" : 0.000000,
        "32" : 0.000000,
        "64" : 0.000000,
        ">=64" : 0.000000
      },
      "iodepth_complete" : {
        "0" : 0.000000,
        "4" : 100.000000,
        "8" : 0.000000,
        "16" : 0.000000,
        "32" : 0.000000,
        "64" : 0.000000,
        ">=64" : 0.000000
      },
      "latency_ns" : {
        "2" : 0.000000,
        "4" : 0.000000,
        "10" : 0.000000,
        "20" : 0.000000,
        "50" : 0.000000,
        "100" : 0.000000,
        "250" : 0.000000,
        "500" : 0.000000,
        "750" : 0.000000,
        "1000" : 0.000000
      },
      "latency_us" : {
        "2" : 0.000000,
        "4" : 0.000000,
        "10" : 0.000000,
        "20" : 5.285645,
        "50" : 10.589600,
        "100" : 7.281494,
        "250" : 53.503418,
        "500" : 21.582031,
        "750" : 0.122070,
        "1000" : 0.164795
      },
      "latency_ms" : {
        "2" : 1.135254,
        "4" : 0.317383,
        "10" : 0.018311,
        "20" : 0.000000,
        "50" : 0.000000,
        "100" : 0.000000,
        "250" : 0.000000,
        "500" : 0.000000,
        "750" : 0.000000,
        "1000" : 0.000000,
        "2000" : 0.000000,
        ">=2000" : 0.000000
      },
      "latency_depth" : 1,
      "latency_target" : 0,
      "latency_percentile" : 100.000000,
      "latency_window" : 0
    }
  ]
}
