{
  "fio version" : "fio-3.38",
  "timestamp" : 1729843954,
  "timestamp_ms" : 1729843954204,
  "time" : "Fri Oct 25 10:12:34 2024",
  "jobs" : [
    {
      "jobname" : "Exo2_bs_4k_rep_2",
      "groupid" : 0,
      "job_start" : 1729843929247,
      "error" : 0,
      "eta" : 0,
      "elapsed" : 26,
      "job options" : {
        "name" : "Exo2_bs_4k_rep_2",
        "runtime" : "60",
        "numjobs" : "1",
        "rwmixwrite" : "33",
        "filesize" : "1G",
        "direct" : "1",
        "rw" : "randrw",
        "bs" : "4k"
      },
      "read" : {
        "io_bytes" : 718589952,
        "io_kbytes" : 701748,
        "bw_bytes" : 28941558,
        "bw" : 28263,
        "iops" : 7065.810141,
        "runtime" : 24829,
        "total_ios" : 175437,
        "short_ios" : 0,
        "drop_ios" : 0,
        "slat_ns" : {
          "min" : 0,
          "max" : 0,
          "mean" : 0.000000,
          "stddev" : 0.000000,
          "N" : 0
        },
        "clat_ns" : {
          "min" : 2000,
          "max" : 5220000,
          "mean" : 122677.508165,
          "stddev" : 87492.779955,
          "N" : 175437,
          "percentile" : {
            "1.000000" : 2992,
            "5.000000" : 4016,
            "10.000000" : 4016,
            "20.000000" : 93696,
            "30.000000" : 110080,
            "40.000000" : 114176,
            "50.000000" : 123392,
            "60.000000" : 138240,
            "70.000000" : 148480,
            "80.000000" : 158720,
            "90.000000" : 168960,
            "95.000000" : 181248,
            "99.000000" : 248832,
            "99.500000" : 362496,
            "99.900000" : 1400832,
            "99.950000" : 1499136,
            "99.990000" : 1662976
          }
        },
        "lat_ns" : {
          "min" : 2000,
          "max" : 5221000,
          "mean" : 122896.401557,
          "stddev" : 87500.604959,
          "N" : 175437
        },
        "bw_min" : 23528,
        "bw_max" : 34341,
        "bw_agg" : 100.000000,
        "bw_mean" : 28268.367347,
        "bw_dev" : 2465.425637,
        "bw_samples" : 49,
        "iops_min" : 5882,
        "iops_max" : 8585,
        "iops_mean" : 7066.795918,
        "iops_stddev" : 616.337535,
        "iops_samples" : 49
      },
      "write" : {
        "io_bytes" : 355151872,
        "io_kbytes" : 346828,
        "bw_bytes" : 14303913,
        "bw" : 13968,
        "iops" : 3492.166418,
        "runtime" : 24829,
        "total_ios" : 86707,
        "short_ios" : 0,
        "drop_ios" : 0,
        "slat_ns" : {
          "min" : 0,
          "max" : 0,
          "mean" : 0.000000,
          "stddev" : 0.000000,
          "N" : 0
        },
        "clat_ns" : {
          "min" : 11000,
          "max" : 3987000,
          "mean" : 31729.883400,
          "stddev" : 29910.212209,
          "N" : 86707,
          "percentile" : {
            "1.000000" : 22912,
            "5.000000" : 24960,
            "10.000000" : 25984,
            "20.000000" : 25984,
            "30.000000" : 28032,
            "40.000000" : 28032,
            "50.000000" : 29056,
            "60.000000" : 29056,
            "70.000000" : 31104,
            "80.000000" : 33024,
            "90.000000" : 42240,
            "95.000000" : 48896,
            "99.000000" : 67072,
            "99.500000" : 74240,
            "99.900000" : 114176,
            "99.950000" : 173056,
            "99.990000" : 1974272
          }
        },
        "lat_ns" : {
          "min" : 11000,
          "max" : 3988000,
          "mean" : 32009.503270,
          "stddev" : 29931.604226,
          "N" : 86707
        },
        "bw_min" : 11223,
        "bw_max" : 16774,
        "bw_agg" : 99.995239,
        "bw_mean" : 13968.979592,
        "bw_dev" : 1322.311368,
        "bw_samples" : 49,
        "iops_min" : 2805,
        "iops_max" : 4193,
        "iops_mean" : 3491.938776,
        "iops_stddev" : 330.547677,
        "iops_samples" : 49
      },
      "trim" : {
        "io_bytes" : 0,
        "io_kbytes" : 0,
        "bw_bytes" : 0,
        "bw" : 0,
        "iops" : 0.000000,
        "runtime" : 0,
        "total_ios" : 0,
        "short_ios" : 0,
        "drop_ios" : 0,
        "slat_ns" : {
          "min" : 0,
          "max" : 0,
          "mean" : 0.000000,
          "stddev" : 0.000000,
          "N" : 0
        },
        "clat_ns" : {
          "min" : 0,
          "max" : 0,
          "mean" : 0.000000,
          "stddev" : 0.000000,
          "N" : 0
        },
        "lat_ns" : {
          "min" : 0,
          "max" : 0,
          "mean" : 0.000000,
          "stddev" : 0.000000,
          "N" : 0
        },
        "bw_min" : 0,
        "bw_max" : 0,
        "bw_agg" : 0.000000,
        "bw_mean" : 0.000000,
        "bw_dev" : 0.000000,
        "bw_samples" : 0,
        "iops_min" : 0,
        "iops_max" : 0,
        "iops_mean" : 0.000000,
        "iops_stddev" : 0.000000,
        "iops_samples" : 0
      },
      "sync" : {
        "total_ios" : 0,
        "lat_ns" : {
          "min" : 0,
          "max" : 0,
          "mean" : 0.000000,
          "stddev" : 0.000000,
          "N" : 0
        }
      },
      "job_runtime" : 24828,
      "usr_cpu" : 3.250362,
      "sys_cpu" : 23.678911,
      "ctx" : 157638,
      "majf" : 0,
      "minf" : 35,
      "iodepth_level" : {
        "1" : 100.000000,
        "2" : 0.000000,
        "4" : 0.000000,
        "8" : 0.000000,
        "16" : 0.000000,
        "32" : 0.000000,
        ">=64" : 0.000000
      },
      "iodepth_submit" : {
        "0" : 0.000000,
        "4" : 100.000000,
        "8" : 0.000000,
        "16" : 0.000000,
        "32" : 0.000000,
        "64" : 0.000000,
        ">=64" : 0.000000
      },
      "iodepth_complete" : {
        "0" : 0.000000,
        "4" : 100.000000,
        "8" : 0.000000,
        "16" : 0.000000,
        "32" : 0.000000,
        "64" : 0.000000,
        ">=64" : 0.000000
      },
      "latency_ns" : {
        "2" : 0.000000,
        "4" : 0.000000,
        "10" : 0.000000,
        "20" : 0.000000,
        "50" : 0.000000,
        "100" : 0.000000,
        "250" : 0.000000,
        "500" : 0.000000,
        "750" : 0.000000,
        "1000" : 0.000000
      },
      "latency_us" : {
        "2" : 0.000000,
        "4" : 2.712250,
        "10" : 5.355072,
        "20" : 0.344849,
        "50" : 31.317139,
        "100" : 10.239410,
        "250" : 49.362564,
        "500" : 0.442123,
        "750" : 0.019836,
        "1000" : 0.010000
      },
      "latency_ms" : {
        "2" : 0.194931,
        "4" : 0.010000,
        "10" : 0.010000,
        "20" : 0.000000,
        "50" : 0.000000,
        "100" : 0.000000,
        "250" : 0.000000,
        "500" : 0.000000,
        "750" : 0.000000,
        "1000" : 0.000000,
        "2000" : 0.000000,
        ">=2000" : 0.000000
      },
      "latency_depth" : 1,
      "latency_target" : 0,
      "latency_percentile" : 100.000000,
      "latency_window" : 0
    }
  ]
}
