{
  "fio version" : "fio-3.38",
  "timestamp" : 1729844215,
  "timestamp_ms" : 1729844215914,
  "time" : "Fri Oct 25 10:16:55 2024",
  "jobs" : [
    {
      "jobname" : "Exo2_bs_256k_rep_3",
      "groupid" : 0,
      "job_start" : 1729844214686,
      "error" : 0,
      "eta" : 2147483647,
      "elapsed" : 2,
      "job options" : {
        "name" : "Exo2_bs_256k_rep_3",
        "runtime" : "60",
        "numjobs" : "1",
        "rwmixwrite" : "33",
        "filesize" : "1G",
        "direct" : "1",
        "rw" : "randrw",
        "bs" : "256k"
      },
      "read" : {
        "io_bytes" : 704905216,
        "io_kbytes" : 688384,
        "bw_bytes" : 677793476,
        "bw" : 661907,
        "iops" : 2585.576923,
        "runtime" : 1040,
        "total_ios" : 2689,
        "short_ios" : 0,
        "drop_ios" : 0,
        "slat_ns" : {
          "min" : 0,
          "max" : 0,
          "mean" : 0.000000,
          "stddev" : 0.000000,
          "N" : 0
        },
        "clat_ns" : {
          "min" : 37000,
          "max" : 4515000,
          "mean" : 194143.547787,
          "stddev" : 390353.707026,
          "N" : 2689,
          "percentile" : {
            "1.000000" : 40192,
            "5.000000" : 42240,
            "10.000000" : 42752,
            "20.000000" : 45824,
            "30.000000" : 50944,
            "40.000000" : 55040,
            "50.000000" : 63232,
            "60.000000" : 84480,
            "70.000000" : 96768,
            "80.000000" : 118272,
            "90.000000" : 399360,
            "95.000000" : 684032,
            "99.000000" : 2244608,
            "99.500000" : 2375680,
            "99.900000" : 3325952,
            "99.950000" : 3653632,
            "99.990000" : 4489216
          }
        },
        "lat_ns" : {
          "min" : 37000,
          "max" : 4516000,
          "mean" : 194543.324656,
          "stddev" : 390367.846405,
          "N" : 2689
        },
        "bw_min" : 520686,
        "bw_max" : 799169,
        "bw_agg" : 99.700760,
        "bw_mean" : 659927.500000,
        "bw_dev" : 196917.217745,
        "bw_samples" : 2,
        "iops_min" : 2033,
        "iops_max" : 3121,
        "iops_mean" : 2577.000000,
        "iops_stddev" : 769.332178,
        "iops_samples" : 2
      },
      "write" : {
        "io_bytes" : 368836608,
        "io_kbytes" : 360192,
        "bw_bytes" : 354650584,
        "bw" : 346338,
        "iops" : 1352.884615,
        "runtime" : 1040,
        "total_ios" : 1407,
        "short_ios" : 0,
        "drop_ios" : 0,
        "slat_ns" : {
          "min" : 0,
          "max" : 0,
          "mean" : 0.000000,
          "stddev" : 0.000000,
          "N" : 0
        },
        "clat_ns" : {
          "min" : 149000,
          "max" : 25140000,
          "mean" : 349217.484009,
          "stddev" : 688406.698086,
          "N" : 1407,
          "percentile" : {
            "1.000000" : 162816,
            "5.000000" : 171008,
            "10.000000" : 195584,
            "20.000000" : 207872,
            "30.000000" : 211968,
            "40.000000" : 224256,
            "50.000000" : 240640,
            "60.000000" : 272384,
            "70.000000" : 382976,
            "80.000000" : 577536,
            "90.000000" : 593920,
            "95.000000" : 602112,
            "99.000000" : 618496,
            "99.500000" : 634880,
            "99.900000" : 4014080,
            "99.950000" : 25034752,
            "99.990000" : 25034752
          }
        },
        "lat_ns" : {
          "min" : 154000,
          "max" : 25142000,
          "mean" : 354786.780384,
          "stddev" : 688698.541736,
          "N" : 1407
        },
        "bw_min" : 284614,
        "bw_max" : 403161,
        "bw_agg" : 99.292178,
        "bw_mean" : 343887.500000,
        "bw_dev" : 83825.387589,
        "bw_samples" : 2,
        "iops_min" : 1111,
        "iops_max" : 1574,
        "iops_mean" : 1342.500000,
        "iops_stddev" : 327.390440,
        "iops_samples" : 2
      },
      "trim" : {
        "io_bytes" : 0,
        "io_kbytes" : 0,
        "bw_bytes" : 0,
        "bw" : 0,
        "iops" : 0.000000,
        "runtime" : 0,
        "total_ios" : 0,
        "short_ios" : 0,
        "drop_ios" : 0,
        "slat_ns" : {
          "min" : 0,
          "max" : 0,
          "mean" : 0.000000,
          "stddev" : 0.000000,
          "N" : 0
        },
        "clat_ns" : {
          "min" : 0,
          "max" : 0,
          "mean" : 0.000000,
          "stddev" : 0.000000,
          "N" : 0
        },
        "lat_ns" : {
          "min" : 0,
          "max" : 0,
          "mean" : 0.000000,
          "stddev" : 0.000000,
          "N" : 0
        },
        "bw_min" : 0,
        "bw_max" : 0,
        "bw_agg" : 0.000000,
        "bw_mean" : 0.000000,
        "bw_dev" : 0.000000,
        "bw_samples" : 0,
        "iops_min" : 0,
        "iops_max" : 0,
        "iops_mean" : 0.000000,
        "iops_stddev" : 0.000000,
        "iops_samples" : 0
      },
      "sync" : {
        "total_ios" : 0,
        "lat_ns" : {
          "min" : 0,
          "max" : 0,
          "mean" : 0.000000,
          "stddev" : 0.000000,
          "N" : 0
        }
      },
      "job_runtime" : 1039,
      "usr_cpu" : 3.272377,
      "sys_cpu" : 31.280077,
      "ctx" : 2013,
      "majf" : 0,
      "minf" : 31,
      "iodepth_level" : {
        "1" : 100.000000,
        "2" : 0.000000,
        "4" : 0.000000,
        "8" : 0.000000,
        "16" : 0.000000,
        "32" : 0.000000,
        ">=64" : 0.000000
      },
      "iodepth_submit" : {
        "0" : 0.000000,
        "4" : 100.000000,
        "8" : 0.000000,
        "16" : 0.000000,
        "32" : 0.000000,
        "64" : 0.000000,
        ">=64" : 0.000000
      },
      "iodepth_complete" : {
        "0" : 0.000000,
        "4" : 100.000000,
        "8" : 0.000000,
        "16" : 0.000000,
        "32" : 0.000000,
        "64" : 0.000000,
        ">=64" : 0.000000
      },
      "latency_ns" : {
        "2" : 0.000000,
        "4" : 0.000000,
        "10" : 0.000000,
        "20" : 0.000000,
        "50" : 0.000000,
        "100" : 0.000000,
        "250" : 0.000000,
        "500" : 0.000000,
        "750" : 0.000000,
        "1000" : 0.000000
      },
      "latency_us" : {
        "2" : 0.000000,
        "4" : 0.000000,
        "10" : 0.000000,
        "20" : 0.000000,
        "50" : 18.212891,
        "100" : 27.880859,
        "250" : 25.708008,
        "500" : 13.745117,
        "750" : 11.865234,
        "1000" : 0.048828
      },
      "latency_ms" : {
        "2" : 1.440430,
        "4" : 1.025391,
        "10" : 0.048828,
        "20" : 0.000000,
        "50" : 0.024414,
        "100" : 0.000000,
        "250" : 0.000000,
        "500" : 0.000000,
        "750" : 0.000000,
        "1000" : 0.000000,
        "2000" : 0.000000,
        ">=2000" : 0.000000
      },
      "latency_depth" : 1,
      "latency_target" : 0,
      "latency_percentile" : 100.000000,
      "latency_window" : 0
    }
  ]
}
