{
  "fio version" : "fio-3.38",
  "timestamp" : 1729846024,
  "timestamp_ms" : 1729846024075,
  "time" : "Fri Oct 25 10:47:04 2024",
  "jobs" : [
    {
      "jobname" : "Exo2_bs_512k_rep_3",
      "groupid" : 0,
      "job_start" : 1729846022682,
      "error" : 0,
      "eta" : 2147483647,
      "elapsed" : 2,
      "job options" : {
        "name" : "Exo2_bs_512k_rep_3",
        "runtime" : "60",
        "numjobs" : "1",
        "rwmixwrite" : "33",
        "filesize" : "1G",
        "direct" : "1",
        "rw" : "randrw",
        "bs" : "512k"
      },
      "read" : {
        "io_bytes" : 714080256,
        "io_kbytes" : 697344,
        "bw_bytes" : 604640352,
        "bw" : 590469,
        "iops" : 1153.259949,
        "runtime" : 1181,
        "total_ios" : 1362,
        "short_ios" : 0,
        "drop_ios" : 0,
        "slat_ns" : {
          "min" : 0,
          "max" : 0,
          "mean" : 0.000000,
          "stddev" : 0.000000,
          "N" : 0
        },
        "clat_ns" : {
          "min" : 80000,
          "max" : 4235000,
          "mean" : 553674.008811,
          "stddev" : 552786.055065,
          "N" : 1362,
          "percentile" : {
            "1.000000" : 85504,
            "5.000000" : 96768,
            "10.000000" : 116224,
            "20.000000" : 171008,
            "30.000000" : 195584,
            "40.000000" : 391168,
            "50.000000" : 473088,
            "60.000000" : 518144,
            "70.000000" : 577536,
            "80.000000" : 757760,
            "90.000000" : 1036288,
            "95.000000" : 2039808,
            "99.000000" : 2539520,
            "99.500000" : 2801664,
            "99.900000" : 4112384,
            "99.950000" : 4227072,
            "99.990000" : 4227072
          }
        },
        "lat_ns" : {
          "min" : 81000,
          "max" : 4236000,
          "mean" : 554439.794420,
          "stddev" : 552886.121731,
          "N" : 1362
        },
        "bw_min" : 619682,
        "bw_max" : 643832,
        "bw_agg" : 100.000000,
        "bw_mean" : 631757.000000,
        "bw_dev" : 17076.628766,
        "bw_samples" : 2,
        "iops_min" : 1210,
        "iops_max" : 1257,
        "iops_mean" : 1233.500000,
        "iops_stddev" : 33.234019,
        "iops_samples" : 2
      },
      "write" : {
        "io_bytes" : 359661568,
        "io_kbytes" : 351232,
        "bw_bytes" : 304539854,
        "bw" : 297402,
        "iops" : 580.863675,
        "runtime" : 1181,
        "total_ios" : 686,
        "short_ios" : 0,
        "drop_ios" : 0,
        "slat_ns" : {
          "min" : 0,
          "max" : 0,
          "mean" : 0.000000,
          "stddev" : 0.000000,
          "N" : 0
        },
        "clat_ns" : {
          "min" : 260000,
          "max" : 1495000,
          "mean" : 575829.446064,
          "stddev" : 242224.511424,
          "N" : 686,
          "percentile" : {
            "1.000000" : 276480,
            "5.000000" : 342016,
            "10.000000" : 362496,
            "20.000000" : 391168,
            "30.000000" : 428032,
            "40.000000" : 440320,
            "50.000000" : 509952,
            "60.000000" : 552960,
            "70.000000" : 692224,
            "80.000000" : 708608,
            "90.000000" : 1056768,
            "95.000000" : 1171456,
            "99.000000" : 1335296,
            "99.500000" : 1384448,
            "99.900000" : 1499136,
            "99.950000" : 1499136,
            "99.990000" : 1499136
          }
        },
        "lat_ns" : {
          "min" : 270000,
          "max" : 1547000,
          "mean" : 594002.915452,
          "stddev" : 251610.236160,
          "N" : 686
        },
        "bw_min" : 296634,
        "bw_max" : 342355,
        "bw_agg" : 100.000000,
        "bw_mean" : 319494.500000,
        "bw_dev" : 32329.629143,
        "bw_samples" : 2,
        "iops_min" : 579,
        "iops_max" : 668,
        "iops_mean" : 623.500000,
        "iops_stddev" : 62.932504,
        "iops_samples" : 2
      },
      "trim" : {
        "io_bytes" : 0,
        "io_kbytes" : 0,
        "bw_bytes" : 0,
        "bw" : 0,
        "iops" : 0.000000,
        "runtime" : 0,
        "total_ios" : 0,
        "short_ios" : 0,
        "drop_ios" : 0,
        "slat_ns" : {
          "min" : 0,
          "max" : 0,
          "mean" : 0.000000,
          "stddev" : 0.000000,
          "N" : 0
        },
        "clat_ns" : {
          "min" : 0,
          "max" : 0,
          "mean" : 0.000000,
          "stddev" : 0.000000,
          "N" : 0
        },
        "lat_ns" : {
          "min" : 0,
          "max" : 0,
          "mean" : 0.000000,
          "stddev" : 0.000000,
          "N" : 0
        },
        "bw_min" : 0,
        "bw_max" : 0,
        "bw_agg" : 0.000000,
        "bw_mean" : 0.000000,
        "bw_dev" : 0.000000,
        "bw_samples" : 0,
        "iops_min" : 0,
        "iops_max" : 0,
        "iops_mean" : 0.000000,
        "iops_stddev" : 0.000000,
        "iops_samples" : 0
      },
      "sync" : {
        "total_ios" : 0,
        "lat_ns" : {
          "min" : 0,
          "max" : 0,
          "mean" : 0.000000,
          "stddev" : 0.000000,
          "N" : 0
        }
      },
      "job_runtime" : 1180,
      "usr_cpu" : 3.389831,
      "sys_cpu" : 31.949153,
      "ctx" : 1488,
      "majf" : 0,
      "minf" : 31,
      "iodepth_level" : {
        "1" : 100.000000,
        "2" : 0.000000,
        "4" : 0.000000,
        "8" : 0.000000,
        "16" : 0.000000,
        "32" : 0.000000,
        ">=64" : 0.000000
      },
      "iodepth_submit" : {
        "0" : 0.000000,
        "4" : 100.000000,
        "8" : 0.000000,
        "16" : 0.000000,
        "32" : 0.000000,
        "64" : 0.000000,
        ">=64" : 0.000000
      },
      "iodepth_complete" : {
        "0" : 0.000000,
        "4" : 100.000000,
        "8" : 0.000000,
        "16" : 0.000000,
        "32" : 0.000000,
        "64" : 0.000000,
        ">=64" : 0.000000
      },
      "latency_ns" : {
        "2" : 0.000000,
        "4" : 0.000000,
        "10" : 0.000000,
        "20" : 0.000000,
        "50" : 0.000000,
        "100" : 0.000000,
        "250" : 0.000000,
        "500" : 0.000000,
        "750" : 0.000000,
        "1000" : 0.000000
      },
      "latency_us" : {
        "2" : 0.000000,
        "4" : 0.000000,
        "10" : 0.000000,
        "20" : 0.000000,
        "50" : 0.000000,
        "100" : 4.248047,
        "250" : 21.679688,
        "500" : 27.832031,
        "750" : 28.857422,
        "1000" : 6.054688
      },
      "latency_ms" : {
        "2" : 7.763672,
        "4" : 3.417969,
        "10" : 0.146484,
        "20" : 0.000000,
        "50" : 0.000000,
        "100" : 0.000000,
        "250" : 0.000000,
        "500" : 0.000000,
        "750" : 0.000000,
        "1000" : 0.000000,
        "2000" : 0.000000,
        ">=2000" : 0.000000
      },
      "latency_depth" : 1,
      "latency_target" : 0,
      "latency_percentile" : 100.000000,
      "latency_window" : 0
    }
  ]
}
