{
  "fio version" : "fio-3.38",
  "timestamp" : 1729843835,
  "timestamp_ms" : 1729843835901,
  "time" : "Fri Oct 25 10:10:35 2024",
  "jobs" : [
    {
      "jobname" : "Exo2_bs_2k_rep_4",
      "groupid" : 0,
      "job_start" : 1729843781833,
      "error" : 0,
      "eta" : 0,
      "elapsed" : 55,
      "job options" : {
        "name" : "Exo2_bs_2k_rep_4",
        "runtime" : "60",
        "numjobs" : "1",
        "rwmixwrite" : "33",
        "filesize" : "1G",
        "direct" : "1",
        "rw" : "randrw",
        "bs" : "2k"
      },
      "read" : {
        "io_bytes" : 718510080,
        "io_kbytes" : 701670,
        "bw_bytes" : 13311411,
        "bw" : 12999,
        "iops" : 6499.712841,
        "runtime" : 53977,
        "total_ios" : 350835,
        "short_ios" : 0,
        "drop_ios" : 0,
        "slat_ns" : {
          "min" : 0,
          "max" : 0,
          "mean" : 0.000000,
          "stddev" : 0.000000,
          "N" : 0
        },
        "clat_ns" : {
          "min" : 2000,
          "max" : 3819000,
          "mean" : 89717.063577,
          "stddev" : 74987.537698,
          "N" : 350835,
          "percentile" : {
            "1.000000" : 2008,
            "5.000000" : 2992,
            "10.000000" : 2992,
            "20.000000" : 4016,
            "30.000000" : 91648,
            "40.000000" : 94720,
            "50.000000" : 97792,
            "60.000000" : 109056,
            "70.000000" : 111104,
            "80.000000" : 115200,
            "90.000000" : 124416,
            "95.000000" : 144384,
            "99.000000" : 207872,
            "99.500000" : 246784,
            "99.900000" : 1253376,
            "99.950000" : 1449984,
            "99.990000" : 1548288
          }
        },
        "lat_ns" : {
          "min" : 2000,
          "max" : 3820000,
          "mean" : 89927.564240,
          "stddev" : 74992.518486,
          "N" : 350835
        },
        "bw_min" : 10364,
        "bw_max" : 14003,
        "bw_agg" : 100.000000,
        "bw_mean" : 13004.560748,
        "bw_dev" : 517.875052,
        "bw_samples" : 107,
        "iops_min" : 5182,
        "iops_max" : 7001,
        "iops_mean" : 6502.214953,
        "iops_stddev" : 258.943938,
        "iops_samples" : 107
      },
      "write" : {
        "io_bytes" : 355231744,
        "io_kbytes" : 346906,
        "bw_bytes" : 6581168,
        "bw" : 6426,
        "iops" : 3213.461289,
        "runtime" : 53977,
        "total_ios" : 173453,
        "short_ios" : 0,
        "drop_ios" : 0,
        "slat_ns" : {
          "min" : 0,
          "max" : 0,
          "mean" : 0.000000,
          "stddev" : 0.000000,
          "N" : 0
        },
        "clat_ns" : {
          "min" : 10000,
          "max" : 24640000,
          "mean" : 122782.655820,
          "stddev" : 101513.073468,
          "N" : 173453,
          "percentile" : {
            "1.000000" : 22912,
            "5.000000" : 25984,
            "10.000000" : 25984,
            "20.000000" : 31104,
            "30.000000" : 114176,
            "40.000000" : 122368,
            "50.000000" : 130560,
            "60.000000" : 132096,
            "70.000000" : 144384,
            "80.000000" : 162816,
            "90.000000" : 187392,
            "95.000000" : 205824,
            "99.000000" : 248832,
            "99.500000" : 288768,
            "99.900000" : 1269760,
            "99.950000" : 1499136,
            "99.990000" : 1581056
          }
        },
        "lat_ns" : {
          "min" : 11000,
          "max" : 24640000,
          "mean" : 123023.643292,
          "stddev" : 101519.365673,
          "N" : 173453
        },
        "bw_min" : 5164,
        "bw_max" : 6900,
        "bw_agg" : 100.000000,
        "bw_mean" : 6428.261682,
        "bw_dev" : 228.254217,
        "bw_samples" : 107,
        "iops_min" : 2582,
        "iops_max" : 3450,
        "iops_mean" : 3214.065421,
        "iops_stddev" : 114.143262,
        "iops_samples" : 107
      },
      "trim" : {
        "io_bytes" : 0,
        "io_kbytes" : 0,
        "bw_bytes" : 0,
        "bw" : 0,
        "iops" : 0.000000,
        "runtime" : 0,
        "total_ios" : 0,
        "short_ios" : 0,
        "drop_ios" : 0,
        "slat_ns" : {
          "min" : 0,
          "max" : 0,
          "mean" : 0.000000,
          "stddev" : 0.000000,
          "N" : 0
        },
        "clat_ns" : {
          "min" : 0,
          "max" : 0,
          "mean" : 0.000000,
          "stddev" : 0.000000,
          "N" : 0
        },
        "lat_ns" : {
          "min" : 0,
          "max" : 0,
          "mean" : 0.000000,
          "stddev" : 0.000000,
          "N" : 0
        },
        "bw_min" : 0,
        "bw_max" : 0,
        "bw_agg" : 0.000000,
        "bw_mean" : 0.000000,
        "bw_dev" : 0.000000,
        "bw_samples" : 0,
        "iops_min" : 0,
        "iops_max" : 0,
        "iops_mean" : 0.000000,
        "iops_stddev" : 0.000000,
        "iops_samples" : 0
      },
      "sync" : {
        "total_ios" : 0,
        "lat_ns" : {
          "min" : 0,
          "max" : 0,
          "mean" : 0.000000,
          "stddev" : 0.000000,
          "N" : 0
        }
      },
      "job_runtime" : 53976,
      "usr_cpu" : 3.082852,
      "sys_cpu" : 22.941678,
      "ctx" : 410751,
      "majf" : 0,
      "minf" : 33,
      "iodepth_level" : {
        "1" : 100.000000,
        "2" : 0.000000,
        "4" : 0.000000,
        "8" : 0.000000,
        "16" : 0.000000,
        "32" : 0.000000,
        ">=64" : 0.000000
      },
      "iodepth_submit" : {
        "0" : 0.000000,
        "4" : 100.000000,
        "8" : 0.000000,
        "16" : 0.000000,
        "32" : 0.000000,
        "64" : 0.000000,
        ">=64" : 0.000000
      },
      "iodepth_complete" : {
        "0" : 0.000000,
        "4" : 100.000000,
        "8" : 0.000000,
        "16" : 0.000000,
        "32" : 0.000000,
        "64" : 0.000000,
        ">=64" : 0.000000
      },
      "latency_ns" : {
        "2" : 0.000000,
        "4" : 0.000000,
        "10" : 0.000000,
        "20" : 0.000000,
        "50" : 0.000000,
        "100" : 0.000000,
        "250" : 0.000000,
        "500" : 0.000000,
        "750" : 0.000000,
        "1000" : 0.000000
      },
      "latency_us" : {
        "2" : 0.000000,
        "4" : 7.155228,
        "10" : 7.513428,
        "20" : 0.199699,
        "50" : 7.303429,
        "100" : 20.027733,
        "250" : 57.149124,
        "500" : 0.415802,
        "750" : 0.034714,
        "1000" : 0.010000
      },
      "latency_ms" : {
        "2" : 0.193787,
        "4" : 0.010000,
        "10" : 0.010000,
        "20" : 0.000000,
        "50" : 0.010000,
        "100" : 0.000000,
        "250" : 0.000000,
        "500" : 0.000000,
        "750" : 0.000000,
        "1000" : 0.000000,
        "2000" : 0.000000,
        ">=2000" : 0.000000
      },
      "latency_depth" : 1,
      "latency_target" : 0,
      "latency_percentile" : 100.000000,
      "latency_window" : 0
    }
  ]
}
