{
  "fio version" : "fio-3.38",
  "timestamp" : 1729849122,
  "timestamp_ms" : 1729849122705,
  "time" : "Fri Oct 25 11:38:42 2024",
  "jobs" : [
    {
      "jobname" : "Exo4_parallel_1_rep_1",
      "groupid" : 0,
      "job_start" : 1729849116297,
      "error" : 0,
      "eta" : 0,
      "elapsed" : 7,
      "job options" : {
        "name" : "Exo4_parallel_1_rep_1",
        "runtime" : "60",
        "rw" : "randrw",
        "rwmixwrite" : "30",
        "bs" : "16k",
        "filesize" : "1G",
        "direct" : "1",
        "numjobs" : "1"
      },
      "read" : {
        "io_bytes" : 752189440,
        "io_kbytes" : 734560,
        "bw_bytes" : 120989133,
        "bw" : 118153,
        "iops" : 7384.590639,
        "runtime" : 6217,
        "total_ios" : 45910,
        "short_ios" : 0,
        "drop_ios" : 0,
        "slat_ns" : {
          "min" : 0,
          "max" : 0,
          "mean" : 0.000000,
          "stddev" : 0.000000,
          "N" : 0
        },
        "clat_ns" : {
          "min" : 4000,
          "max" : 4928000,
          "mean" : 93726.159878,
          "stddev" : 144041.827686,
          "N" : 45910,
          "percentile" : {
            "1.000000" : 4016,
            "5.000000" : 5024,
            "10.000000" : 5024,
            "20.000000" : 5984,
            "30.000000" : 5984,
            "40.000000" : 7008,
            "50.000000" : 9024,
            "60.000000" : 128512,
            "70.000000" : 158720,
            "80.000000" : 191488,
            "90.000000" : 226304,
            "95.000000" : 257024,
            "99.000000" : 329728,
            "99.500000" : 1089536,
            "99.900000" : 1482752,
            "99.950000" : 1892352,
            "99.990000" : 3227648
          }
        },
        "lat_ns" : {
          "min" : 4000,
          "max" : 4928000,
          "mean" : 93939.817033,
          "stddev" : 144047.868362,
          "N" : 45910
        },
        "bw_min" : 92448,
        "bw_max" : 136902,
        "bw_agg" : 99.808342,
        "bw_mean" : 117927.666667,
        "bw_dev" : 13116.621934,
        "bw_samples" : 12,
        "iops_min" : 5778,
        "iops_max" : 8556,
        "iops_mean" : 7370.333333,
        "iops_stddev" : 819.766966,
        "iops_samples" : 12
      },
      "write" : {
        "io_bytes" : 321552384,
        "io_kbytes" : 314016,
        "bw_bytes" : 51721470,
        "bw" : 50509,
        "iops" : 3156.828052,
        "runtime" : 6217,
        "total_ios" : 19626,
        "short_ios" : 0,
        "drop_ios" : 0,
        "slat_ns" : {
          "min" : 0,
          "max" : 0,
          "mean" : 0.000000,
          "stddev" : 0.000000,
          "N" : 0
        },
        "clat_ns" : {
          "min" : 50000,
          "max" : 23454000,
          "mean" : 89575.715887,
          "stddev" : 174044.501519,
          "N" : 19626,
          "percentile" : {
            "1.000000" : 51968,
            "5.000000" : 52992,
            "10.000000" : 52992,
            "20.000000" : 55040,
            "30.000000" : 57088,
            "40.000000" : 64768,
            "50.000000" : 83456,
            "60.000000" : 96768,
            "70.000000" : 105984,
            "80.000000" : 119296,
            "90.000000" : 127488,
            "95.000000" : 144384,
            "99.000000" : 187392,
            "99.500000" : 220160,
            "99.900000" : 391168,
            "99.950000" : 585728,
            "99.990000" : 3129344
          }
        },
        "lat_ns" : {
          "min" : 51000,
          "max" : 23454000,
          "mean" : 90032.253134,
          "stddev" : 174066.998534,
          "N" : 19626
        },
        "bw_min" : 39008,
        "bw_max" : 56776,
        "bw_agg" : 99.700554,
        "bw_mean" : 50358.333333,
        "bw_dev" : 5284.569568,
        "bw_samples" : 12,
        "iops_min" : 2438,
        "iops_max" : 3548,
        "iops_mean" : 3147.250000,
        "iops_stddev" : 330.169412,
        "iops_samples" : 12
      },
      "trim" : {
        "io_bytes" : 0,
        "io_kbytes" : 0,
        "bw_bytes" : 0,
        "bw" : 0,
        "iops" : 0.000000,
        "runtime" : 0,
        "total_ios" : 0,
        "short_ios" : 0,
        "drop_ios" : 0,
        "slat_ns" : {
          "min" : 0,
          "max" : 0,
          "mean" : 0.000000,
          "stddev" : 0.000000,
          "N" : 0
        },
        "clat_ns" : {
          "min" : 0,
          "max" : 0,
          "mean" : 0.000000,
          "stddev" : 0.000000,
          "N" : 0
        },
        "lat_ns" : {
          "min" : 0,
          "max" : 0,
          "mean" : 0.000000,
          "stddev" : 0.000000,
          "N" : 0
        },
        "bw_min" : 0,
        "bw_max" : 0,
        "bw_agg" : 0.000000,
        "bw_mean" : 0.000000,
        "bw_dev" : 0.000000,
        "bw_samples" : 0,
        "iops_min" : 0,
        "iops_max" : 0,
        "iops_mean" : 0.000000,
        "iops_stddev" : 0.000000,
        "iops_samples" : 0
      },
      "sync" : {
        "total_ios" : 0,
        "lat_ns" : {
          "min" : 0,
          "max" : 0,
          "mean" : 0.000000,
          "stddev" : 0.000000,
          "N" : 0
        }
      },
      "job_runtime" : 6216,
      "usr_cpu" : 3.539254,
      "sys_cpu" : 23.745174,
      "ctx" : 41480,
      "majf" : 5,
      "minf" : 26,
      "iodepth_level" : {
        "1" : 100.000000,
        "2" : 0.000000,
        "4" : 0.000000,
        "8" : 0.000000,
        "16" : 0.000000,
        "32" : 0.000000,
        ">=64" : 0.000000
      },
      "iodepth_submit" : {
        "0" : 0.000000,
        "4" : 100.000000,
        "8" : 0.000000,
        "16" : 0.000000,
        "32" : 0.000000,
        "64" : 0.000000,
        ">=64" : 0.000000
      },
      "iodepth_complete" : {
        "0" : 0.000000,
        "4" : 100.000000,
        "8" : 0.000000,
        "16" : 0.000000,
        "32" : 0.000000,
        "64" : 0.000000,
        ">=64" : 0.000000
      },
      "latency_ns" : {
        "2" : 0.000000,
        "4" : 0.000000,
        "10" : 0.000000,
        "20" : 0.000000,
        "50" : 0.000000,
        "100" : 0.000000,
        "250" : 0.000000,
        "500" : 0.000000,
        "750" : 0.000000,
        "1000" : 0.000000
      },
      "latency_us" : {
        "2" : 0.000000,
        "4" : 0.000000,
        "10" : 35.345459,
        "20" : 3.997803,
        "50" : 0.473022,
        "100" : 19.204712,
        "250" : 36.657715,
        "500" : 3.776550,
        "750" : 0.053406,
        "1000" : 0.059509
      },
      "latency_ms" : {
        "2" : 0.399780,
        "4" : 0.024414,
        "10" : 0.010000,
        "20" : 0.000000,
        "50" : 0.010000,
        "100" : 0.000000,
        "250" : 0.000000,
        "500" : 0.000000,
        "750" : 0.000000,
        "1000" : 0.000000,
        "2000" : 0.000000,
        ">=2000" : 0.000000
      },
      "latency_depth" : 1,
      "latency_target" : 0,
      "latency_percentile" : 100.000000,
      "latency_window" : 0
    }
  ]
}
