{
  "fio version" : "fio-3.38",
  "timestamp" : 1729849192,
  "timestamp_ms" : 1729849192630,
  "time" : "Fri Oct 25 11:39:52 2024",
  "jobs" : [
    {
      "jobname" : "Exo4_parallel_2_rep_3",
      "groupid" : 0,
      "job_start" : 1729849182995,
      "error" : 0,
      "eta" : 0,
      "elapsed" : 10,
      "job options" : {
        "name" : "Exo4_parallel_2_rep_3",
        "runtime" : "60",
        "rw" : "randrw",
        "rwmixwrite" : "30",
        "bs" : "16k",
        "filesize" : "1G",
        "direct" : "1",
        "numjobs" : "2"
      },
      "read" : {
        "io_bytes" : 752189440,
        "io_kbytes" : 734560,
        "bw_bytes" : 78475684,
        "bw" : 76636,
        "iops" : 4789.775691,
        "runtime" : 9585,
        "total_ios" : 45910,
        "short_ios" : 0,
        "drop_ios" : 0,
        "slat_ns" : {
          "min" : 0,
          "max" : 0,
          "mean" : 0.000000,
          "stddev" : 0.000000,
          "N" : 0
        },
        "clat_ns" : {
          "min" : 5000,
          "max" : 5182000,
          "mean" : 173364.561098,
          "stddev" : 152856.938552,
          "N" : 45910,
          "percentile" : {
            "1.000000" : 114176,
            "5.000000" : 120320,
            "10.000000" : 123392,
            "20.000000" : 128512,
            "30.000000" : 136192,
            "40.000000" : 142336,
            "50.000000" : 146432,
            "60.000000" : 152576,
            "70.000000" : 164864,
            "80.000000" : 181248,
            "90.000000" : 224256,
            "95.000000" : 257024,
            "99.000000" : 1089536,
            "99.500000" : 1368064,
            "99.900000" : 2113536,
            "99.950000" : 2277376,
            "99.990000" : 4112384
          }
        },
        "lat_ns" : {
          "min" : 5000,
          "max" : 5182000,
          "mean" : 173592.289262,
          "stddev" : 152867.366763,
          "N" : 45910
        },
        "bw_min" : 67591,
        "bw_max" : 83040,
        "bw_agg" : 50.210210,
        "bw_mean" : 76853.944444,
        "bw_dev" : 4634.791987,
        "bw_samples" : 18,
        "iops_min" : 4224,
        "iops_max" : 5190,
        "iops_mean" : 4803.222222,
        "iops_stddev" : 289.607149,
        "iops_samples" : 18
      },
      "write" : {
        "io_bytes" : 321552384,
        "io_kbytes" : 314016,
        "bw_bytes" : 33547457,
        "bw" : 32761,
        "iops" : 2047.574335,
        "runtime" : 9585,
        "total_ios" : 19626,
        "short_ios" : 0,
        "drop_ios" : 0,
        "slat_ns" : {
          "min" : 0,
          "max" : 0,
          "mean" : 0.000000,
          "stddev" : 0.000000,
          "N" : 0
        },
        "clat_ns" : {
          "min" : 50000,
          "max" : 533000,
          "mean" : 73605.778050,
          "stddev" : 29168.101331,
          "N" : 19626,
          "percentile" : {
            "1.000000" : 50944,
            "5.000000" : 51968,
            "10.000000" : 52992,
            "20.000000" : 54016,
            "30.000000" : 55040,
            "40.000000" : 57088,
            "50.000000" : 59136,
            "60.000000" : 64256,
            "70.000000" : 75264,
            "80.000000" : 97792,
            "90.000000" : 124416,
            "95.000000" : 132096,
            "99.000000" : 152576,
            "99.500000" : 177152,
            "99.900000" : 264192,
            "99.950000" : 321536,
            "99.990000" : 411648
          }
        },
        "lat_ns" : {
          "min" : 50000,
          "max" : 534000,
          "mean" : 74082.084989,
          "stddev" : 29228.349175,
          "N" : 19626
        },
        "bw_min" : 28472,
        "bw_max" : 37120,
        "bw_agg" : 49.833639,
        "bw_mean" : 32757.000000,
        "bw_dev" : 2226.239324,
        "bw_samples" : 18,
        "iops_min" : 1779,
        "iops_max" : 2320,
        "iops_mean" : 2047.111111,
        "iops_stddev" : 139.174410,
        "iops_samples" : 18
      },
      "trim" : {
        "io_bytes" : 0,
        "io_kbytes" : 0,
        "bw_bytes" : 0,
        "bw" : 0,
        "iops" : 0.000000,
        "runtime" : 0,
        "total_ios" : 0,
        "short_ios" : 0,
        "drop_ios" : 0,
        "slat_ns" : {
          "min" : 0,
          "max" : 0,
          "mean" : 0.000000,
          "stddev" : 0.000000,
          "N" : 0
        },
        "clat_ns" : {
          "min" : 0,
          "max" : 0,
          "mean" : 0.000000,
          "stddev" : 0.000000,
          "N" : 0
        },
        "lat_ns" : {
          "min" : 0,
          "max" : 0,
          "mean" : 0.000000,
          "stddev" : 0.000000,
          "N" : 0
        },
        "bw_min" : 0,
        "bw_max" : 0,
        "bw_agg" : 0.000000,
        "bw_mean" : 0.000000,
        "bw_dev" : 0.000000,
        "bw_samples" : 0,
        "iops_min" : 0,
        "iops_max" : 0,
        "iops_mean" : 0.000000,
        "iops_stddev" : 0.000000,
        "iops_samples" : 0
      },
      "sync" : {
        "total_ios" : 0,
        "lat_ns" : {
          "min" : 0,
          "max" : 0,
          "mean" : 0.000000,
          "stddev" : 0.000000,
          "N" : 0
        }
      },
      "job_runtime" : 9584,
      "usr_cpu" : 2.525042,
      "sys_cpu" : 19.511686,
      "ctx" : 66244,
      "majf" : 0,
      "minf" : 31,
      "iodepth_level" : {
        "1" : 100.000000,
        "2" : 0.000000,
        "4" : 0.000000,
        "8" : 0.000000,
        "16" : 0.000000,
        "32" : 0.000000,
        ">=64" : 0.000000
      },
      "iodepth_submit" : {
        "0" : 0.000000,
        "4" : 100.000000,
        "8" : 0.000000,
        "16" : 0.000000,
        "32" : 0.000000,
        "64" : 0.000000,
        ">=64" : 0.000000
      },
      "iodepth_complete" : {
        "0" : 0.000000,
        "4" : 100.000000,
        "8" : 0.000000,
        "16" : 0.000000,
        "32" : 0.000000,
        "64" : 0.000000,
        ">=64" : 0.000000
      },
      "latency_ns" : {
        "2" : 0.000000,
        "4" : 0.000000,
        "10" : 0.000000,
        "20" : 0.000000,
        "50" : 0.000000,
        "100" : 0.000000,
        "250" : 0.000000,
        "500" : 0.000000,
        "750" : 0.000000,
        "1000" : 0.000000
      },
      "latency_us" : {
        "2" : 0.000000,
        "4" : 0.000000,
        "10" : 0.120544,
        "20" : 0.010000,
        "50" : 0.027466,
        "100" : 24.440002,
        "250" : 70.971680,
        "500" : 3.608704,
        "750" : 0.033569,
        "1000" : 0.027466
      },
      "latency_ms" : {
        "2" : 0.685120,
        "4" : 0.070190,
        "10" : 0.010000,
        "20" : 0.000000,
        "50" : 0.000000,
        "100" : 0.000000,
        "250" : 0.000000,
        "500" : 0.000000,
        "750" : 0.000000,
        "1000" : 0.000000,
        "2000" : 0.000000,
        ">=2000" : 0.000000
      },
      "latency_depth" : 1,
      "latency_target" : 0,
      "latency_percentile" : 100.000000,
      "latency_window" : 0
    },
    {
      "jobname" : "Exo4_parallel_2_rep_3",
      "groupid" : 0,
      "job_start" : 1729849182995,
      "error" : 0,
      "eta" : 0,
      "elapsed" : 10,
      "job options" : {
        "name" : "Exo4_parallel_2_rep_3",
        "runtime" : "60",
        "rw" : "randrw",
        "rwmixwrite" : "30",
        "bs" : "16k",
        "filesize" : "1G",
        "direct" : "1",
        "numjobs" : "2"
      },
      "read" : {
        "io_bytes" : 750125056,
        "io_kbytes" : 732544,
        "bw_bytes" : 143592085,
        "bw" : 140226,
        "iops" : 8764.165391,
        "runtime" : 5224,
        "total_ios" : 45784,
        "short_ios" : 0,
        "drop_ios" : 0,
        "slat_ns" : {
          "min" : 0,
          "max" : 0,
          "mean" : 0.000000,
          "stddev" : 0.000000,
          "N" : 0
        },
        "clat_ns" : {
          "min" : 4000,
          "max" : 5169000,
          "mean" : 83019.133322,
          "stddev" : 154353.505704,