{
  "fio version" : "fio-3.38",
  "timestamp" : 1729849217,
  "timestamp_ms" : 1729849217333,
  "time" : "Fri Oct 25 11:40:17 2024",
  "jobs" : [
    {
      "jobname" : "Exo4_parallel_2_rep_5",
      "groupid" : 0,
      "job_start" : 1729849207230,
      "error" : 0,
      "eta" : 0,
      "elapsed" : 11,
      "job options" : {
        "name" : "Exo4_parallel_2_rep_5",
        "runtime" : "60",
        "rw" : "randrw",
        "rwmixwrite" : "30",
        "bs" : "16k",
        "filesize" : "1G",
        "direct" : "1",
        "numjobs" : "2"
      },
      "read" : {
        "io_bytes" : 752189440,
        "io_kbytes" : 734560,
        "bw_bytes" : 76403193,
        "bw" : 74612,
        "iops" : 4663.280853,
        "runtime" : 9845,
        "total_ios" : 45910,
        "short_ios" : 0,
        "drop_ios" : 0,
        "slat_ns" : {
          "min" : 0,
          "max" : 0,
          "mean" : 0.000000,
          "stddev" : 0.000000,
          "N" : 0
        },
        "clat_ns" : {
          "min" : 5000,
          "max" : 5172000,
          "mean" : 177628.860815,
          "stddev" : 153484.092046,
          "N" : 45910,
          "percentile" : {
            "1.000000" : 116224,
            "5.000000" : 122368,
            "10.000000" : 124416,
            "20.000000" : 130560,
            "30.000000" : 140288,
            "40.000000" : 142336,
            "50.000000" : 148480,
            "60.000000" : 158720,
            "70.000000" : 171008,
            "80.000000" : 193536,
            "90.000000" : 230400,
            "95.000000" : 257024,
            "99.000000" : 1105920,
            "99.500000" : 1384448,
            "99.900000" : 2146304,
            "99.950000" : 2277376,
            "99.990000" : 3850240
          }
        },
        "lat_ns" : {
          "min" : 5000,
          "max" : 5173000,
          "mean" : 177844.739708,
          "stddev" : 153503.343787,
          "N" : 45910
        },
        "bw_min" : 63040,
        "bw_max" : 80800,
        "bw_agg" : 50.383769,
        "bw_mean" : 75082.105263,
        "bw_dev" : 4858.433697,
        "bw_samples" : 19,
        "iops_min" : 3940,
        "iops_max" : 5050,
        "iops_mean" : 4692.473684,
        "iops_stddev" : 303.732589,
        "iops_samples" : 19
      },
      "write" : {
        "io_bytes" : 321552384,
        "io_kbytes" : 314016,
        "bw_bytes" : 32661491,
        "bw" : 31895,
        "iops" : 1993.499238,
        "runtime" : 9845,
        "total_ios" : 19626,
        "short_ios" : 0,
        "drop_ios" : 0,
        "slat_ns" : {
          "min" : 0,
          "max" : 0,
          "mean" : 0.000000,
          "stddev" : 0.000000,
          "N" : 0
        },
        "clat_ns" : {
          "min" : 48000,
          "max" : 2837000,
          "mean" : 76134.515439,
          "stddev" : 44733.306179,
          "N" : 19626,
          "percentile" : {
            "1.000000" : 51968,
            "5.000000" : 52992,
            "10.000000" : 52992,
            "20.000000" : 54016,
            "30.000000" : 56064,
            "40.000000" : 58112,
            "50.000000" : 60160,
            "60.000000" : 66048,
            "70.000000" : 78336,
            "80.000000" : 100864,
            "90.000000" : 121344,
            "95.000000" : 130560,
            "99.000000" : 171008,
            "99.500000" : 214016,
            "99.900000" : 350208,
            "99.950000" : 395264,
            "99.990000" : 2088960
          }
        },
        "lat_ns" : {
          "min" : 48000,
          "max" : 2838000,
          "mean" : 76624.222970,
          "stddev" : 44788.535638,
          "N" : 19626
        },
        "bw_min" : 26400,
        "bw_max" : 35456,
        "bw_agg" : 50.149422,
        "bw_mean" : 32094.000000,
        "bw_dev" : 2309.395279,
        "bw_samples" : 19,
        "iops_min" : 1650,
        "iops_max" : 2216,
        "iops_mean" : 2005.736842,
        "iops_stddev" : 144.426391,
        "iops_samples" : 19
      },
      "trim" : {
        "io_bytes" : 0,
        "io_kbytes" : 0,
        "bw_bytes" : 0,
        "bw" : 0,
        "iops" : 0.000000,
        "runtime" : 0,
        "total_ios" : 0,
        "short_ios" : 0,
        "drop_ios" : 0,
        "slat_ns" : {
          "min" : 0,
          "max" : 0,
          "mean" : 0.000000,
          "stddev" : 0.000000,
          "N" : 0
        },
        "clat_ns" : {
          "min" : 0,
          "max" : 0,
          "mean" : 0.000000,
          "stddev" : 0.000000,
          "N" : 0
        },
        "lat_ns" : {
          "min" : 0,
          "max" : 0,
          "mean" : 0.000000,
          "stddev" : 0.000000,
          "N" : 0
        },
        "bw_min" : 0,
        "bw_max" : 0,
        "bw_agg" : 0.000000,
        "bw_mean" : 0.000000,
        "bw_dev" : 0.000000,
        "bw_samples" : 0,
        "iops_min" : 0,
        "iops_max" : 0,
        "iops_mean" : 0.000000,
        "iops_stddev" : 0.000000,
        "iops_samples" : 0
      },
      "sync" : {
        "total_ios" : 0,
        "lat_ns" : {
          "min" : 0,
          "max" : 0,
          "mean" : 0.000000,
          "stddev" : 0.000000,
          "N" : 0
        }
      },
      "job_runtime" : 9844,
      "usr_cpu" : 2.590410,
      "sys_cpu" : 19.392523,
      "ctx" : 66189,
      "majf" : 0,
      "minf" : 39,
      "iodepth_level" : {
        "1" : 100.000000,
        "2" : 0.000000,
        "4" : 0.000000,
        "8" : 0.000000,
        "16" : 0.000000,
        "32" : 0.000000,
        ">=64" : 0.000000
      },
      "iodepth_submit" : {
        "0" : 0.000000,
        "4" : 100.000000,
        "8" : 0.000000,
        "16" : 0.000000,
        "32" : 0.000000,
        "64" : 0.000000,
        ">=64" : 0.000000
      },
      "iodepth_complete" : {
        "0" : 0.000000,
        "4" : 100.000000,
        "8" : 0.000000,
        "16" : 0.000000,
        "32" : 0.000000,
        "64" : 0.000000,
        ">=64" : 0.000000
      },
      "latency_ns" : {
        "2" : 0.000000,
        "4" : 0.000000,
        "10" : 0.000000,
        "20" : 0.000000,
        "50" : 0.000000,
        "100" : 0.000000,
        "250" : 0.000000,
        "500" : 0.000000,
        "750" : 0.000000,
        "1000" : 0.000000
      },
      "latency_us" : {
        "2" : 0.000000,
        "4" : 0.000000,
        "10" : 0.123596,
        "20" : 0.010000,
        "50" : 0.010000,
        "100" : 23.785400,
        "250" : 71.279907,
        "500" : 3.948975,
        "750" : 0.032043,
        "1000" : 0.039673
      },
      "latency_ms" : {
        "2" : 0.685120,
        "4" : 0.086975,
        "10" : 0.010000,
        "20" : 0.000000,
        "50" : 0.000000,
        "100" : 0.000000,
        "250" : 0.000000,
        "500" : 0.000000,
        "750" : 0.000000,
        "1000" : 0.000000,
        "2000" : 0.000000,
        ">=2000" : 0.000000
      },
      "latency_depth" : 1,
      "latency_target" : 0,
      "latency_percentile" : 100.000000,
      "latency_window" : 0
    },
    {
      "jobname" : "Exo4_parallel_2_rep_5",
      "groupid" : 0,
      "job_start" : 1729849207230,
      "error" : 0,
      "eta" : 0,
      "elapsed" : 11,
      "job options" : {
        "name" : "Exo4_parallel_2_rep_5",
        "runtime" : "60",
        "rw" : "randrw",
        "rwmixwrite" : "30",
        "bs" : "16k",
        "filesize" : "1G",
        "direct" : "1",
        "numjobs" : "2"
      },
      "read" : {
        "io_bytes" : 750125056,
        "io_kbytes" : 732544,
        "bw_bytes" : 146080828,
        "bw" : 142657,
        "iops" : 8916.066212,
        "runtime" : 5135,
        "total_ios" : 45784,
        "short_ios" : 0,
        "drop_ios" : 0,
        "slat_ns" : {
          "min" : 0,
          "max" : 0,
          "mean" : 0.000000,
          "stddev" : 0.000000,
          "N" : 0
        },
        "clat_ns" : {
          "min" : 4000,
          "max" : 5086000,
          "mean" : 80639.197099,
          "stddev" : 153394.191882,