{
  "fio version" : "fio-3.38",
  "timestamp" : 1729849180,
  "timestamp_ms" : 1729849180531,
  "time" : "Fri Oct 25 11:39:40 2024",
  "jobs" : [
    {
      "jobname" : "Exo4_parallel_2_rep_2",
      "groupid" : 0,
      "job_start" : 1729849170662,
      "error" : 0,
      "eta" : 0,
      "elapsed" : 10,
      "job options" : {
        "name" : "Exo4_parallel_2_rep_2",
        "runtime" : "60",
        "rw" : "randrw",
        "rwmixwrite" : "30",
        "bs" : "16k",
        "filesize" : "1G",
        "direct" : "1",
        "numjobs" : "2"
      },
      "read" : {
        "io_bytes" : 752189440,
        "io_kbytes" : 734560,
        "bw_bytes" : 78255247,
        "bw" : 76421,
        "iops" : 4776.321265,
        "runtime" : 9612,
        "total_ios" : 45910,
        "short_ios" : 0,
        "drop_ios" : 0,
        "slat_ns" : {
          "min" : 0,
          "max" : 0,
          "mean" : 0.000000,
          "stddev" : 0.000000,
          "N" : 0
        },
        "clat_ns" : {
          "min" : 40000,
          "max" : 5109000,
          "mean" : 172782.596384,
          "stddev" : 151652.416266,
          "N" : 45910,
          "percentile" : {
            "1.000000" : 112128,
            "5.000000" : 117248,
            "10.000000" : 122368,
            "20.000000" : 128512,
            "30.000000" : 134144,
            "40.000000" : 140288,
            "50.000000" : 144384,
            "60.000000" : 152576,
            "70.000000" : 164864,
            "80.000000" : 183296,
            "90.000000" : 224256,
            "95.000000" : 257024,
            "99.000000" : 1089536,
            "99.500000" : 1368064,
            "99.900000" : 2146304,
            "99.950000" : 2342912,
            "99.990000" : 3653632
          }
        },
        "lat_ns" : {
          "min" : 41000,
          "max" : 5110000,
          "mean" : 173018.209540,
          "stddev" : 151661.048744,
          "N" : 45910
        },
        "bw_min" : 66180,
        "bw_max" : 83200,
        "bw_agg" : 50.134787,
        "bw_mean" : 76522.210526,
        "bw_dev" : 5177.518180,
        "bw_samples" : 19,
        "iops_min" : 4136,
        "iops_max" : 5200,
        "iops_mean" : 4782.578947,
        "iops_stddev" : 323.689720,
        "iops_samples" : 19
      },
      "write" : {
        "io_bytes" : 321552384,
        "io_kbytes" : 314016,
        "bw_bytes" : 33453223,
        "bw" : 32669,
        "iops" : 2041.822722,
        "runtime" : 9612,
        "total_ios" : 19626,
        "short_ios" : 0,
        "drop_ios" : 0,
        "slat_ns" : {
          "min" : 0,
          "max" : 0,
          "mean" : 0.000000,
          "stddev" : 0.000000,
          "N" : 0
        },
        "clat_ns" : {
          "min" : 50000,
          "max" : 27326000,
          "mean" : 76044.481810,
          "stddev" : 199750.167292,
          "N" : 19626,
          "percentile" : {
            "1.000000" : 50944,
            "5.000000" : 51968,
            "10.000000" : 52992,
            "20.000000" : 54016,
            "30.000000" : 55040,
            "40.000000" : 57088,
            "50.000000" : 59136,
            "60.000000" : 64256,
            "70.000000" : 75264,
            "80.000000" : 97792,
            "90.000000" : 123392,
            "95.000000" : 132096,
            "99.000000" : 158720,
            "99.500000" : 193536,
            "99.900000" : 358400,
            "99.950000" : 403456,
            "99.990000" : 4423680
          }
        },
        "lat_ns" : {
          "min" : 50000,
          "max" : 27326000,
          "mean" : 76563.385305,
          "stddev" : 199754.451768,
          "N" : 19626
        },
        "bw_min" : 27799,
        "bw_max" : 35872,
        "bw_agg" : 49.905364,
        "bw_mean" : 32712.736842,
        "bw_dev" : 2192.595414,
        "bw_samples" : 19,
        "iops_min" : 1737,
        "iops_max" : 2242,
        "iops_mean" : 2044.421053,
        "iops_stddev" : 137.244031,
        "iops_samples" : 19
      },
      "trim" : {
        "io_bytes" : 0,
        "io_kbytes" : 0,
        "bw_bytes" : 0,
        "bw" : 0,
        "iops" : 0.000000,
        "runtime" : 0,
        "total_ios" : 0,
        "short_ios" : 0,
        "drop_ios" : 0,
        "slat_ns" : {
          "min" : 0,
          "max" : 0,
          "mean" : 0.000000,
          "stddev" : 0.000000,
          "N" : 0
        },
        "clat_ns" : {
          "min" : 0,
          "max" : 0,
          "mean" : 0.000000,
          "stddev" : 0.000000,
          "N" : 0
        },
        "lat_ns" : {
          "min" : 0,
          "max" : 0,
          "mean" : 0.000000,
          "stddev" : 0.000000,
          "N" : 0
        },
        "bw_min" : 0,
        "bw_max" : 0,
        "bw_agg" : 0.000000,
        "bw_mean" : 0.000000,
        "bw_dev" : 0.000000,
        "bw_samples" : 0,
        "iops_min" : 0,
        "iops_max" : 0,
        "iops_mean" : 0.000000,
        "iops_stddev" : 0.000000,
        "iops_samples" : 0
      },
      "sync" : {
        "total_ios" : 0,
        "lat_ns" : {
          "min" : 0,
          "max" : 0,
          "mean" : 0.000000,
          "stddev" : 0.000000,
          "N" : 0
        }
      },
      "job_runtime" : 9611,
      "usr_cpu" : 2.559567,
      "sys_cpu" : 19.373634,
      "ctx" : 66258,
      "majf" : 0,
      "minf" : 32,
      "iodepth_level" : {
        "1" : 100.000000,
        "2" : 0.000000,
        "4" : 0.000000,
        "8" : 0.000000,
        "16" : 0.000000,
        "32" : 0.000000,
        ">=64" : 0.000000
      },
      "iodepth_submit" : {
        "0" : 0.000000,
        "4" : 100.000000,
        "8" : 0.000000,
        "16" : 0.000000,
        "32" : 0.000000,
        "64" : 0.000000,
        ">=64" : 0.000000
      },
      "iodepth_complete" : {
        "0" : 0.000000,
        "4" : 100.000000,
        "8" : 0.000000,
        "16" : 0.000000,
        "32" : 0.000000,
        "64" : 0.000000,
        ">=64" : 0.000000
      },
      "latency_ns" : {
        "2" : 0.000000,
        "4" : 0.000000,
        "10" : 0.000000,
        "20" : 0.000000,
        "50" : 0.000000,
        "100" : 0.000000,
        "250" : 0.000000,
        "500" : 0.000000,
        "750" : 0.000000,
        "1000" : 0.000000
      },
      "latency_us" : {
        "2" : 0.000000,
        "4" : 0.000000,
        "10" : 0.000000,
        "20" : 0.000000,
        "50" : 0.015259,
        "100" : 24.345398,
        "250" : 71.447754,
        "500" : 3.312683,
        "750" : 0.102234,
        "1000" : 0.027466
      },
      "latency_ms" : {
        "2" : 0.642395,
        "4" : 0.099182,
        "10" : 0.010000,
        "20" : 0.000000,
        "50" : 0.010000,
        "100" : 0.000000,
        "250" : 0.000000,
        "500" : 0.000000,
        "750" : 0.000000,
        "1000" : 0.000000,
        "2000" : 0.000000,
        ">=2000" : 0.000000
      },
      "latency_depth" : 1,
      "latency_target" : 0,
      "latency_percentile" : 100.000000,
      "latency_window" : 0
    },
    {
      "jobname" : "Exo4_parallel_2_rep_2",
      "groupid" : 0,
      "job_start" : 1729849170662,
      "error" : 0,
      "eta" : 0,
      "elapsed" : 10,
      "job options" : {
        "name" : "Exo4_parallel_2_rep_2",
        "runtime" : "60",
        "rw" : "randrw",
        "rwmixwrite" : "30",
        "bs" : "16k",
        "filesize" : "1G",
        "direct" : "1",
        "numjobs" : "2"
      },
      "read" : {
        "io_bytes" : 750125056,
        "io_kbytes" : 732544,
        "bw_bytes" : 144532766,
        "bw" : 141145,
        "iops" : 8821.579961,
        "runtime" : 5190,
        "total_ios" : 45784,
        "short_ios" : 0,
        "drop_ios" : 0,
        "slat_ns" : {
          "min" : 0,
          "max" : 0,
          "mean" : 0.000000,
          "stddev" : 0.000000,
          "N" : 0
        },
        "clat_ns" : {
          "min" : 4000,
          "max" : 4907000,
          "mean" : 82679.516862,