{
  "fio version" : "fio-3.38",
  "timestamp" : 1729849138,
  "timestamp_ms" : 1729849138900,
  "time" : "Fri Oct 25 11:38:58 2024",
  "jobs" : [
    {
      "jobname" : "Exo4_parallel_1_rep_3",
      "groupid" : 0,
      "job_start" : 1729849131958,
      "error" : 0,
      "eta" : 0,
      "elapsed" : 8,
      "job options" : {
        "name" : "Exo4_parallel_1_rep_3",
        "runtime" : "60",
        "rw" : "randrw",
        "rwmixwrite" : "30",
        "bs" : "16k",
        "filesize" : "1G",
        "direct" : "1",
        "numjobs" : "1"
      },
      "read" : {
        "io_bytes" : 752189440,
        "io_kbytes" : 734560,
        "bw_bytes" : 109377554,
        "bw" : 106814,
        "iops" : 6675.876109,
        "runtime" : 6877,
        "total_ios" : 45910,
        "short_ios" : 0,
        "drop_ios" : 0,
        "slat_ns" : {
          "min" : 0,
          "max" : 0,
          "mean" : 0.000000,
          "stddev" : 0.000000,
          "N" : 0
        },
        "clat_ns" : {
          "min" : 4000,
          "max" : 5105000,
          "mean" : 101180.897408,
          "stddev" : 147539.580694,
          "N" : 45910,
          "percentile" : {
            "1.000000" : 4016,
            "5.000000" : 5024,
            "10.000000" : 5024,
            "20.000000" : 7008,
            "30.000000" : 7008,
            "40.000000" : 9024,
            "50.000000" : 10048,
            "60.000000" : 138240,
            "70.000000" : 173056,
            "80.000000" : 209920,
            "90.000000" : 242688,
            "95.000000" : 264192,
            "99.000000" : 313344,
            "99.500000" : 1056768,
            "99.900000" : 1499136,
            "99.950000" : 1941504,
            "99.990000" : 3751936
          }
        },
        "lat_ns" : {
          "min" : 4000,
          "max" : 5106000,
          "mean" : 101423.763886,
          "stddev" : 147545.519844,
          "N" : 45910
        },
        "bw_min" : 95040,
        "bw_max" : 128928,
        "bw_agg" : 99.597415,
        "bw_mean" : 106384.076923,
        "bw_dev" : 8933.909992,
        "bw_samples" : 13,
        "iops_min" : 5940,
        "iops_max" : 8058,
        "iops_mean" : 6648.923077,
        "iops_stddev" : 558.338228,
        "iops_samples" : 13
      },
      "write" : {
        "io_bytes" : 321552384,
        "io_kbytes" : 314016,
        "bw_bytes" : 46757653,
        "bw" : 45661,
        "iops" : 2853.860695,
        "runtime" : 6877,
        "total_ios" : 19626,
        "short_ios" : 0,
        "drop_ios" : 0,
        "slat_ns" : {
          "min" : 0,
          "max" : 0,
          "mean" : 0.000000,
          "stddev" : 0.000000,
          "N" : 0
        },
        "clat_ns" : {
          "min" : 50000,
          "max" : 683000,
          "mean" : 104880.515643,
          "stddev" : 31281.203171,
          "N" : 19626,
          "percentile" : {
            "1.000000" : 51968,
            "5.000000" : 52992,
            "10.000000" : 55040,
            "20.000000" : 77312,
            "30.000000" : 95744,
            "40.000000" : 103936,
            "50.000000" : 112128,
            "60.000000" : 118272,
            "70.000000" : 120320,
            "80.000000" : 121344,
            "90.000000" : 138240,
            "95.000000" : 142336,
            "99.000000" : 179200,
            "99.500000" : 201728,
            "99.900000" : 321536,
            "99.950000" : 354304,
            "99.990000" : 593920
          }
        },
        "lat_ns" : {
          "min" : 50000,
          "max" : 684000,
          "mean" : 105390.349536,
          "stddev" : 31359.298163,
          "N" : 19626
        },
        "bw_min" : 40800,
        "bw_max" : 56352,
        "bw_agg" : 99.426718,
        "bw_mean" : 45400.076923,
        "bw_dev" : 3962.232377,
        "bw_samples" : 13,
        "iops_min" : 2550,
        "iops_max" : 3522,
        "iops_mean" : 2837.384615,
        "iops_stddev" : 247.593261,
        "iops_samples" : 13
      },
      "trim" : {
        "io_bytes" : 0,
        "io_kbytes" : 0,
        "bw_bytes" : 0,
        "bw" : 0,
        "iops" : 0.000000,
        "runtime" : 0,
        "total_ios" : 0,
        "short_ios" : 0,
        "drop_ios" : 0,
        "slat_ns" : {
          "min" : 0,
          "max" : 0,
          "mean" : 0.000000,
          "stddev" : 0.000000,
          "N" : 0
        },
        "clat_ns" : {
          "min" : 0,
          "max" : 0,
          "mean" : 0.000000,
          "stddev" : 0.000000,
          "N" : 0
        },
        "lat_ns" : {
          "min" : 0,
          "max" : 0,
          "mean" : 0.000000,
          "stddev" : 0.000000,
          "N" : 0
        },
        "bw_min" : 0,
        "bw_max" : 0,
        "bw_agg" : 0.000000,
        "bw_mean" : 0.000000,
        "bw_dev" : 0.000000,
        "bw_samples" : 0,
        "iops_min" : 0,
        "iops_max" : 0,
        "iops_mean" : 0.000000,
        "iops_stddev" : 0.000000,
        "iops_samples" : 0
      },
      "sync" : {
        "total_ios" : 0,
        "lat_ns" : {
          "min" : 0,
          "max" : 0,
          "mean" : 0.000000,
          "stddev" : 0.000000,
          "N" : 0
        }
      },
      "job_runtime" : 6876,
      "usr_cpu" : 3.592205,
      "sys_cpu" : 23.792903,
      "ctx" : 40462,
      "majf" : 0,
      "minf" : 30,
      "iodepth_level" : {
        "1" : 100.000000,
        "2" : 0.000000,
        "4" : 0.000000,
        "8" : 0.000000,
        "16" : 0.000000,
        "32" : 0.000000,
        ">=64" : 0.000000
      },
      "iodepth_submit" : {
        "0" : 0.000000,
        "4" : 100.000000,
        "8" : 0.000000,
        "16" : 0.000000,
        "32" : 0.000000,
        "64" : 0.000000,
        ">=64" : 0.000000
      },
      "iodepth_complete" : {
        "0" : 0.000000,
        "4" : 100.000000,
        "8" : 0.000000,
        "16" : 0.000000,
        "32" : 0.000000,
        "64" : 0.000000,
        ">=64" : 0.000000
      },
      "latency_ns" : {
        "2" : 0.000000,
        "4" : 0.000000,
        "10" : 0.000000,
        "20" : 0.000000,
        "50" : 0.000000,
        "100" : 0.000000,
        "250" : 0.000000,
        "500" : 0.000000,
        "750" : 0.000000,
        "1000" : 0.000000
      },
      "latency_us" : {
        "2" : 0.000000,
        "4" : 0.000000,
        "10" : 31.906128,
        "20" : 6.544495,
        "50" : 0.469971,
        "100" : 10.614014,
        "250" : 44.552612,
        "500" : 5.397034,
        "750" : 0.056458,
        "1000" : 0.082397
      },
      "latency_ms" : {
        "2" : 0.346375,
        "4" : 0.028992,
        "10" : 0.010000,
        "20" : 0.000000,
        "50" : 0.000000,
        "100" : 0.000000,
        "250" : 0.000000,
        "500" : 0.000000,
        "750" : 0.000000,
        "1000" : 0.000000,
        "2000" : 0.000000,
        ">=2000" : 0.000000
      },
      "latency_depth" : 1,
      "latency_target" : 0,
      "latency_percentile" : 100.000000,
      "latency_window" : 0
    }
  ]
}
