{
  "fio version" : "fio-3.38",
  "timestamp" : 1729849147,
  "timestamp_ms" : 1729849147496,
  "time" : "Fri Oct 25 11:39:07 2024",
  "jobs" : [
    {
      "jobname" : "Exo4_parallel_1_rep_4",
      "groupid" : 0,
      "job_start" : 1729849140061,
      "error" : 0,
      "eta" : 0,
      "elapsed" : 8,
      "job options" : {
        "name" : "Exo4_parallel_1_rep_4",
        "runtime" : "60",
        "rw" : "randrw",
        "rwmixwrite" : "30",
        "bs" : "16k",
        "filesize" : "1G",
        "direct" : "1",
        "numjobs" : "1"
      },
      "read" : {
        "io_bytes" : 752189440,
        "io_kbytes" : 734560,
        "bw_bytes" : 103965368,
        "bw" : 101528,
        "iops" : 6345.542502,
        "runtime" : 7235,
        "total_ios" : 45910,
        "short_ios" : 0,
        "drop_ios" : 0,
        "slat_ns" : {
          "min" : 0,
          "max" : 0,
          "mean" : 0.000000,
          "stddev" : 0.000000,
          "N" : 0
        },
        "clat_ns" : {
          "min" : 4000,
          "max" : 4719000,
          "mean" : 106554.127641,
          "stddev" : 148675.923553,
          "N" : 45910,
          "percentile" : {
            "1.000000" : 4016,
            "5.000000" : 5024,
            "10.000000" : 5984,
            "20.000000" : 7008,
            "30.000000" : 8032,
            "40.000000" : 9024,
            "50.000000" : 10048,
            "60.000000" : 144384,
            "70.000000" : 189440,
            "80.000000" : 222208,
            "90.000000" : 252928,
            "95.000000" : 268288,
            "99.000000" : 378880,
            "99.500000" : 1056768,
            "99.900000" : 1433600,
            "99.950000" : 1728512,
            "99.990000" : 3555328
          }
        },
        "lat_ns" : {
          "min" : 4000,
          "max" : 4720000,
          "mean" : 106859.028534,
          "stddev" : 148685.221590,
          "N" : 45910
        },
        "bw_min" : 93024,
        "bw_max" : 110688,
        "bw_agg" : 100.000000,
        "bw_mean" : 101548.214286,
        "bw_dev" : 5879.482162,
        "bw_samples" : 14,
        "iops_min" : 5814,
        "iops_max" : 6918,
        "iops_mean" : 6346.642857,
        "iops_stddev" : 367.473412,
        "iops_samples" : 14
      },
      "write" : {
        "io_bytes" : 321552384,
        "io_kbytes" : 314016,
        "bw_bytes" : 44444006,
        "bw" : 43402,
        "iops" : 2712.646856,
        "runtime" : 7235,
        "total_ios" : 19626,
        "short_ios" : 0,
        "drop_ios" : 0,
        "slat_ns" : {
          "min" : 0,
          "max" : 0,
          "mean" : 0.000000,
          "stddev" : 0.000000,
          "N" : 0
        },
        "clat_ns" : {
          "min" : 50000,
          "max" : 1939000,
          "mean" : 110107.510445,
          "stddev" : 34916.066167,
          "N" : 19626,
          "percentile" : {
            "1.000000" : 51968,
            "5.000000" : 54016,
            "10.000000" : 64768,
            "20.000000" : 92672,
            "30.000000" : 103936,
            "40.000000" : 108032,
            "50.000000" : 118272,
            "60.000000" : 119296,
            "70.000000" : 120320,
            "80.000000" : 122368,
            "90.000000" : 134144,
            "95.000000" : 144384,
            "99.000000" : 197632,
            "99.500000" : 272384,
            "99.900000" : 358400,
            "99.950000" : 378880,
            "99.990000" : 1105920
          }
        },
        "lat_ns" : {
          "min" : 51000,
          "max" : 1941000,
          "mean" : 110649.750331,
          "stddev" : 34983.554560,
          "N" : 19626
        },
        "bw_min" : 39873,
        "bw_max" : 47271,
        "bw_agg" : 99.900122,
        "bw_mean" : 43359.000000,
        "bw_dev" : 2320.949540,
        "bw_samples" : 14,
        "iops_min" : 2492,
        "iops_max" : 2954,
        "iops_mean" : 2709.857143,
        "iops_stddev" : 145.022999,
        "iops_samples" : 14
      },
      "trim" : {
        "io_bytes" : 0,
        "io_kbytes" : 0,
        "bw_bytes" : 0,
        "bw" : 0,
        "iops" : 0.000000,
        "runtime" : 0,
        "total_ios" : 0,
        "short_ios" : 0,
        "drop_ios" : 0,
        "slat_ns" : {
          "min" : 0,
          "max" : 0,
          "mean" : 0.000000,
          "stddev" : 0.000000,
          "N" : 0
        },
        "clat_ns" : {
          "min" : 0,
          "max" : 0,
          "mean" : 0.000000,
          "stddev" : 0.000000,
          "N" : 0
        },
        "lat_ns" : {
          "min" : 0,
          "max" : 0,
          "mean" : 0.000000,
          "stddev" : 0.000000,
          "N" : 0
        },
        "bw_min" : 0,
        "bw_max" : 0,
        "bw_agg" : 0.000000,
        "bw_mean" : 0.000000,
        "bw_dev" : 0.000000,
        "bw_samples" : 0,
        "iops_min" : 0,
        "iops_max" : 0,
        "iops_mean" : 0.000000,
        "iops_stddev" : 0.000000,
        "iops_samples" : 0
      },
      "sync" : {
        "total_ios" : 0,
        "lat_ns" : {
          "min" : 0,
          "max" : 0,
          "mean" : 0.000000,
          "stddev" : 0.000000,
          "N" : 0
        }
      },
      "job_runtime" : 7234,
      "usr_cpu" : 3.621786,
      "sys_cpu" : 23.693669,
      "ctx" : 40605,
      "majf" : 0,
      "minf" : 34,
      "iodepth_level" : {
        "1" : 100.000000,
        "2" : 0.000000,
        "4" : 0.000000,
        "8" : 0.000000,
        "16" : 0.000000,
        "32" : 0.000000,
        ">=64" : 0.000000
      },
      "iodepth_submit" : {
        "0" : 0.000000,
        "4" : 100.000000,
        "8" : 0.000000,
        "16" : 0.000000,
        "32" : 0.000000,
        "64" : 0.000000,
        ">=64" : 0.000000
      },
      "iodepth_complete" : {
        "0" : 0.000000,
        "4" : 100.000000,
        "8" : 0.000000,
        "16" : 0.000000,
        "32" : 0.000000,
        "64" : 0.000000,
        ">=64" : 0.000000
      },
      "latency_ns" : {
        "2" : 0.000000,
        "4" : 0.000000,
        "10" : 0.000000,
        "20" : 0.000000,
        "50" : 0.000000,
        "100" : 0.000000,
        "250" : 0.000000,
        "500" : 0.000000,
        "750" : 0.000000,
        "1000" : 0.000000
      },
      "latency_us" : {
        "2" : 0.000000,
        "4" : 0.000000,
        "10" : 31.327820,
        "20" : 6.697083,
        "50" : 0.596619,
        "100" : 8.154297,
        "250" : 45.359802,
        "500" : 7.220459,
        "750" : 0.149536,
        "1000" : 0.105286
      },
      "latency_ms" : {
        "2" : 0.369263,
        "4" : 0.016785,
        "10" : 0.010000,
        "20" : 0.000000,
        "50" : 0.000000,
        "100" : 0.000000,
        "250" : 0.000000,
        "500" : 0.000000,
        "750" : 0.000000,
        "1000" : 0.000000,
        "2000" : 0.000000,
        ">=2000" : 0.000000
      },
      "latency_depth" : 1,
      "latency_target" : 0,
      "latency_percentile" : 100.000000,
      "latency_window" : 0
    }
  ]
}
