{
  "fio version" : "fio-3.38",
  "timestamp" : 1729849204,
  "timestamp_ms" : 1729849204731,
  "time" : "Fri Oct 25 11:40:04 2024",
  "jobs" : [
    {
      "jobname" : "Exo4_parallel_2_rep_4",
      "groupid" : 0,
      "job_start" : 1729849195135,
      "error" : 0,
      "eta" : 0,
      "elapsed" : 10,
      "job options" : {
        "name" : "Exo4_parallel_2_rep_4",
        "runtime" : "60",
        "rw" : "randrw",
        "rwmixwrite" : "30",
        "bs" : "16k",
        "filesize" : "1G",
        "direct" : "1",
        "numjobs" : "2"
      },
      "read" : {
        "io_bytes" : 752189440,
        "io_kbytes" : 734560,
        "bw_bytes" : 78771540,
        "bw" : 76925,
        "iops" : 4807.833281,
        "runtime" : 9549,
        "total_ios" : 45910,
        "short_ios" : 0,
        "drop_ios" : 0,
        "slat_ns" : {
          "min" : 0,
          "max" : 0,
          "mean" : 0.000000,
          "stddev" : 0.000000,
          "N" : 0
        },
        "clat_ns" : {
          "min" : 5000,
          "max" : 6485000,
          "mean" : 173102.091048,
          "stddev" : 153983.862524,
          "N" : 45910,
          "percentile" : {
            "1.000000" : 114176,
            "5.000000" : 121344,
            "10.000000" : 124416,
            "20.000000" : 128512,
            "30.000000" : 138240,
            "40.000000" : 142336,
            "50.000000" : 146432,
            "60.000000" : 152576,
            "70.000000" : 164864,
            "80.000000" : 181248,
            "90.000000" : 220160,
            "95.000000" : 252928,
            "99.000000" : 1073152,
            "99.500000" : 1351680,
            "99.900000" : 2113536,
            "99.950000" : 2310144,
            "99.990000" : 4079616
          }
        },
        "lat_ns" : {
          "min" : 5000,
          "max" : 6485000,
          "mean" : 173382.923110,
          "stddev" : 153989.480964,
          "N" : 45910
        },
        "bw_min" : 67242,
        "bw_max" : 81532,
        "bw_agg" : 50.264404,
        "bw_mean" : 77226.882353,
        "bw_dev" : 4156.291133,
        "bw_samples" : 17,
        "iops_min" : 4202,
        "iops_max" : 5095,
        "iops_mean" : 4826.470588,
        "iops_stddev" : 259.810777,
        "iops_samples" : 17
      },
      "write" : {
        "io_bytes" : 321552384,
        "io_kbytes" : 314016,
        "bw_bytes" : 33673932,
        "bw" : 32884,
        "iops" : 2055.293748,
        "runtime" : 9549,
        "total_ios" : 19626,
        "short_ios" : 0,
        "drop_ios" : 0,
        "slat_ns" : {
          "min" : 0,
          "max" : 0,
          "mean" : 0.000000,
          "stddev" : 0.000000,
          "N" : 0
        },
        "clat_ns" : {
          "min" : 50000,
          "max" : 2017000,
          "mean" : 72089.931723,
          "stddev" : 36514.383360,
          "N" : 19626,
          "percentile" : {
            "1.000000" : 50944,
            "5.000000" : 51968,
            "10.000000" : 52992,
            "20.000000" : 54016,
            "30.000000" : 55040,
            "40.000000" : 56064,
            "50.000000" : 58112,
            "60.000000" : 61184,
            "70.000000" : 69120,
            "80.000000" : 95744,
            "90.000000" : 120320,
            "95.000000" : 128512,
            "99.000000" : 152576,
            "99.500000" : 177152,
            "99.900000" : 272384,
            "99.950000" : 350208,
            "99.990000" : 1859584
          }
        },
        "lat_ns" : {
          "min" : 50000,
          "max" : 2017000,
          "mean" : 72570.569653,
          "stddev" : 36576.463673,
          "N" : 19626
        },
        "bw_min" : 28160,
        "bw_max" : 36603,
        "bw_agg" : 49.913216,
        "bw_mean" : 32933.058824,
        "bw_dev" : 2167.972799,
        "bw_samples" : 17,
        "iops_min" : 1760,
        "iops_max" : 2287,
        "iops_mean" : 2058.176471,
        "iops_stddev" : 135.412442,
        "iops_samples" : 17
      },
      "trim" : {
        "io_bytes" : 0,
        "io_kbytes" : 0,
        "bw_bytes" : 0,
        "bw" : 0,
        "iops" : 0.000000,
        "runtime" : 0,
        "total_ios" : 0,
        "short_ios" : 0,
        "drop_ios" : 0,
        "slat_ns" : {
          "min" : 0,
          "max" : 0,
          "mean" : 0.000000,
          "stddev" : 0.000000,
          "N" : 0
        },
        "clat_ns" : {
          "min" : 0,
          "max" : 0,
          "mean" : 0.000000,
          "stddev" : 0.000000,
          "N" : 0
        },
        "lat_ns" : {
          "min" : 0,
          "max" : 0,
          "mean" : 0.000000,
          "stddev" : 0.000000,
          "N" : 0
        },
        "bw_min" : 0,
        "bw_max" : 0,
        "bw_agg" : 0.000000,
        "bw_mean" : 0.000000,
        "bw_dev" : 0.000000,
        "bw_samples" : 0,
        "iops_min" : 0,
        "iops_max" : 0,
        "iops_mean" : 0.000000,
        "iops_stddev" : 0.000000,
        "iops_samples" : 0
      },
      "sync" : {
        "total_ios" : 0,
        "lat_ns" : {
          "min" : 0,
          "max" : 0,
          "mean" : 0.000000,
          "stddev" : 0.000000,
          "N" : 0
        }
      },
      "job_runtime" : 9548,
      "usr_cpu" : 2.576456,
      "sys_cpu" : 19.396732,
      "ctx" : 66373,
      "majf" : 0,
      "minf" : 38,
      "iodepth_level" : {
        "1" : 100.000000,
        "2" : 0.000000,
        "4" : 0.000000,
        "8" : 0.000000,
        "16" : 0.000000,
        "32" : 0.000000,
        ">=64" : 0.000000
      },
      "iodepth_submit" : {
        "0" : 0.000000,
        "4" : 100.000000,
        "8" : 0.000000,
        "16" : 0.000000,
        "32" : 0.000000,
        "64" : 0.000000,
        ">=64" : 0.000000
      },
      "iodepth_complete" : {
        "0" : 0.000000,
        "4" : 100.000000,
        "8" : 0.000000,
        "16" : 0.000000,
        "32" : 0.000000,
        "64" : 0.000000,
        ">=64" : 0.000000
      },
      "latency_ns" : {
        "2" : 0.000000,
        "4" : 0.000000,
        "10" : 0.000000,
        "20" : 0.000000,
        "50" : 0.000000,
        "100" : 0.000000,
        "250" : 0.000000,
        "500" : 0.000000,
        "750" : 0.000000,
        "1000" : 0.000000
      },
      "latency_us" : {
        "2" : 0.000000,
        "4" : 0.000000,
        "10" : 0.122070,
        "20" : 0.010000,
        "50" : 0.010000,
        "100" : 24.874878,
        "250" : 71.043396,
        "500" : 3.103638,
        "750" : 0.039673,
        "1000" : 0.033569
      },
      "latency_ms" : {
        "2" : 0.686646,
        "4" : 0.076294,
        "10" : 0.010000,
        "20" : 0.000000,
        "50" : 0.000000,
        "100" : 0.000000,
        "250" : 0.000000,
        "500" : 0.000000,
        "750" : 0.000000,
        "1000" : 0.000000,
        "2000" : 0.000000,
        ">=2000" : 0.000000
      },
      "latency_depth" : 1,
      "latency_target" : 0,
      "latency_percentile" : 100.000000,
      "latency_window" : 0
    },
    {
      "jobname" : "Exo4_parallel_2_rep_4",
      "groupid" : 0,
      "job_start" : 1729849195135,
      "error" : 0,
      "eta" : 0,
      "elapsed" : 10,
      "job options" : {
        "name" : "Exo4_parallel_2_rep_4",
        "runtime" : "60",
        "rw" : "randrw",
        "rwmixwrite" : "30",
        "bs" : "16k",
        "filesize" : "1G",
        "direct" : "1",
        "numjobs" : "2"
      },
      "read" : {
        "io_bytes" : 750125056,
        "io_kbytes" : 732544,
        "bw_bytes" : 143427352,
        "bw" : 140065,
        "iops" : 8754.110899,
        "runtime" : 5230,
        "total_ios" : 45784,
        "short_ios" : 0,
        "drop_ios" : 0,
        "slat_ns" : {
          "min" : 0,
          "max" : 0,
          "mean" : 0.000000,
          "stddev" : 0.000000,
          "N" : 0
        },
        "clat_ns" : {
          "min" : 4000,
          "max" : 18308000,
          "mean" : 82801.917701,
          "stddev" : 178623.714172,