{
  "fio version" : "fio-3.38",
  "timestamp" : 1729849168,
  "timestamp_ms" : 1729849168189,
  "time" : "Fri Oct 25 11:39:28 2024",
  "jobs" : [
    {
      "jobname" : "Exo4_parallel_2_rep_1",
      "groupid" : 0,
      "job_start" : 1729849158313,
      "error" : 0,
      "eta" : 0,
      "elapsed" : 10,
      "job options" : {
        "name" : "Exo4_parallel_2_rep_1",
        "runtime" : "60",
        "rw" : "randrw",
        "rwmixwrite" : "30",
        "bs" : "16k",
        "filesize" : "1G",
        "direct" : "1",
        "numjobs" : "2"
      },
      "read" : {
        "io_bytes" : 752189440,
        "io_kbytes" : 734560,
        "bw_bytes" : 77060694,
        "bw" : 75254,
        "iops" : 4703.411536,
        "runtime" : 9761,
        "total_ios" : 45910,
        "short_ios" : 0,
        "drop_ios" : 0,
        "slat_ns" : {
          "min" : 0,
          "max" : 0,
          "mean" : 0.000000,
          "stddev" : 0.000000,
          "N" : 0
        },
        "clat_ns" : {
          "min" : 5000,
          "max" : 5268000,
          "mean" : 175772.947070,
          "stddev" : 154725.169822,
          "N" : 45910,
          "percentile" : {
            "1.000000" : 108032,
            "5.000000" : 117248,
            "10.000000" : 122368,
            "20.000000" : 128512,
            "30.000000" : 134144,
            "40.000000" : 140288,
            "50.000000" : 146432,
            "60.000000" : 154624,
            "70.000000" : 168960,
            "80.000000" : 189440,
            "90.000000" : 232448,
            "95.000000" : 261120,
            "99.000000" : 1105920,
            "99.500000" : 1335296,
            "99.900000" : 2146304,
            "99.950000" : 2310144,
            "99.990000" : 4079616
          }
        },
        "lat_ns" : {
          "min" : 5000,
          "max" : 5268000,
          "mean" : 176025.027227,
          "stddev" : 154739.321447,
          "N" : 45910
        },
        "bw_min" : 63232,
        "bw_max" : 83658,
        "bw_agg" : 49.996463,
        "bw_mean" : 75146.315789,
        "bw_dev" : 6416.658676,
        "bw_samples" : 19,
        "iops_min" : 3952,
        "iops_max" : 5228,
        "iops_mean" : 4696.315789,
        "iops_stddev" : 400.954840,
        "iops_samples" : 19
      },
      "write" : {
        "io_bytes" : 321552384,
        "io_kbytes" : 314016,
        "bw_bytes" : 32942565,
        "bw" : 32170,
        "iops" : 2010.654646,
        "runtime" : 9761,
        "total_ios" : 19626,
        "short_ios" : 0,
        "drop_ios" : 0,
        "slat_ns" : {
          "min" : 0,
          "max" : 0,
          "mean" : 0.000000,
          "stddev" : 0.000000,
          "N" : 0
        },
        "clat_ns" : {
          "min" : 50000,
          "max" : 2103000,
          "mean" : 76585.549781,
          "stddev" : 34761.148869,
          "N" : 19626,
          "percentile" : {
            "1.000000" : 50944,
            "5.000000" : 51968,
            "10.000000" : 52992,
            "20.000000" : 54016,
            "30.000000" : 55040,
            "40.000000" : 57088,
            "50.000000" : 60160,
            "60.000000" : 66048,
            "70.000000" : 81408,
            "80.000000" : 104960,
            "90.000000" : 125440,
            "95.000000" : 134144,
            "99.000000" : 162816,
            "99.500000" : 197632,
            "99.900000" : 280576,
            "99.950000" : 296960,
            "99.990000" : 610304
          }
        },
        "lat_ns" : {
          "min" : 50000,
          "max" : 2103000,
          "mean" : 77100.478956,
          "stddev" : 34839.188606,
          "N" : 19626
        },
        "bw_min" : 26794,
        "bw_max" : 35746,
        "bw_agg" : 49.788153,
        "bw_mean" : 32137.263158,
        "bw_dev" : 3005.912726,
        "bw_samples" : 19,
        "iops_min" : 1674,
        "iops_max" : 2234,
        "iops_mean" : 2008.263158,
        "iops_stddev" : 187.849184,
        "iops_samples" : 19
      },
      "trim" : {
        "io_bytes" : 0,
        "io_kbytes" : 0,
        "bw_bytes" : 0,
        "bw" : 0,
        "iops" : 0.000000,
        "runtime" : 0,
        "total_ios" : 0,
        "short_ios" : 0,
        "drop_ios" : 0,
        "slat_ns" : {
          "min" : 0,
          "max" : 0,
          "mean" : 0.000000,
          "stddev" : 0.000000,
          "N" : 0
        },
        "clat_ns" : {
          "min" : 0,
          "max" : 0,
          "mean" : 0.000000,
          "stddev" : 0.000000,
          "N" : 0
        },
        "lat_ns" : {
          "min" : 0,
          "max" : 0,
          "mean" : 0.000000,
          "stddev" : 0.000000,
          "N" : 0
        },
        "bw_min" : 0,
        "bw_max" : 0,
        "bw_agg" : 0.000000,
        "bw_mean" : 0.000000,
        "bw_dev" : 0.000000,
        "bw_samples" : 0,
        "iops_min" : 0,
        "iops_max" : 0,
        "iops_mean" : 0.000000,
        "iops_stddev" : 0.000000,
        "iops_samples" : 0
      },
      "sync" : {
        "total_ios" : 0,
        "lat_ns" : {
          "min" : 0,
          "max" : 0,
          "mean" : 0.000000,
          "stddev" : 0.000000,
          "N" : 0
        }
      },
      "job_runtime" : 9760,
      "usr_cpu" : 2.592213,
      "sys_cpu" : 19.815574,
      "ctx" : 66130,
      "majf" : 0,
      "minf" : 39,
      "iodepth_level" : {
        "1" : 100.000000,
        "2" : 0.000000,
        "4" : 0.000000,
        "8" : 0.000000,
        "16" : 0.000000,
        "32" : 0.000000,
        ">=64" : 0.000000
      },
      "iodepth_submit" : {
        "0" : 0.000000,
        "4" : 100.000000,
        "8" : 0.000000,
        "16" : 0.000000,
        "32" : 0.000000,
        "64" : 0.000000,
        ">=64" : 0.000000
      },
      "iodepth_complete" : {
        "0" : 0.000000,
        "4" : 100.000000,
        "8" : 0.000000,
        "16" : 0.000000,
        "32" : 0.000000,
        "64" : 0.000000,
        ">=64" : 0.000000
      },
      "latency_ns" : {
        "2" : 0.000000,
        "4" : 0.000000,
        "10" : 0.000000,
        "20" : 0.000000,
        "50" : 0.000000,
        "100" : 0.000000,
        "250" : 0.000000,
        "500" : 0.000000,
        "750" : 0.000000,
        "1000" : 0.000000
      },
      "latency_us" : {
        "2" : 0.000000,
        "4" : 0.000000,
        "10" : 0.123596,
        "20" : 0.010000,
        "50" : 0.022888,
        "100" : 23.185730,
        "250" : 71.669006,
        "500" : 4.095459,
        "750" : 0.051880,
        "1000" : 0.036621
      },
      "latency_ms" : {
        "2" : 0.711060,
        "4" : 0.090027,
        "10" : 0.010681,
        "20" : 0.000000,
        "50" : 0.000000,
        "100" : 0.000000,
        "250" : 0.000000,
        "500" : 0.000000,
        "750" : 0.000000,
        "1000" : 0.000000,
        "2000" : 0.000000,
        ">=2000" : 0.000000
      },
      "latency_depth" : 1,
      "latency_target" : 0,
      "latency_percentile" : 100.000000,
      "latency_window" : 0
    },
    {
      "jobname" : "Exo4_parallel_2_rep_1",
      "groupid" : 0,
      "job_start" : 1729849158313,
      "error" : 0,
      "eta" : 0,
      "elapsed" : 10,
      "job options" : {
        "name" : "Exo4_parallel_2_rep_1",
        "runtime" : "60",
        "rw" : "randrw",
        "rwmixwrite" : "30",
        "bs" : "16k",
        "filesize" : "1G",
        "direct" : "1",
        "numjobs" : "2"
      },
      "read" : {
        "io_bytes" : 750125056,
        "io_kbytes" : 732544,
        "bw_bytes" : 143044442,
        "bw" : 139691,
        "iops" : 8730.739893,
        "runtime" : 5244,
        "total_ios" : 45784,
        "short_ios" : 0,
        "drop_ios" : 0,
        "slat_ns" : {
          "min" : 0,
          "max" : 0,
          "mean" : 0.000000,
          "stddev" : 0.000000,
          "N" : 0
        },
        "clat_ns" : {
          "min" : 4000,
          "max" : 5263000,
          "mean" : 83250.720776,
          "stddev" : 155703.454118,