{
  "fio version" : "fio-3.38",
  "timestamp" : 1729849155,
  "timestamp_ms" : 1729849155840,
  "time" : "Fri Oct 25 11:39:15 2024",
  "jobs" : [
    {
      "jobname" : "Exo4_parallel_1_rep_5",
      "groupid" : 0,
      "job_start" : 1729849148877,
      "error" : 0,
      "eta" : 0,
      "elapsed" : 8,
      "job options" : {
        "name" : "Exo4_parallel_1_rep_5",
        "runtime" : "60",
        "rw" : "randrw",
        "rwmixwrite" : "30",
        "bs" : "16k",
        "filesize" : "1G",
        "direct" : "1",
        "numjobs" : "1"
      },
      "read" : {
        "io_bytes" : 752189440,
        "io_kbytes" : 734560,
        "bw_bytes" : 109712578,
        "bw" : 107141,
        "iops" : 6696.324387,
        "runtime" : 6856,
        "total_ios" : 45910,
        "short_ios" : 0,
        "drop_ios" : 0,
        "slat_ns" : {
          "min" : 0,
          "max" : 0,
          "mean" : 0.000000,
          "stddev" : 0.000000,
          "N" : 0
        },
        "clat_ns" : {
          "min" : 4000,
          "max" : 5103000,
          "mean" : 100961.990852,
          "stddev" : 144655.099444,
          "N" : 45910,
          "percentile" : {
            "1.000000" : 4016,
            "5.000000" : 5024,
            "10.000000" : 5984,
            "20.000000" : 7008,
            "30.000000" : 7008,
            "40.000000" : 9024,
            "50.000000" : 10048,
            "60.000000" : 140288,
            "70.000000" : 171008,
            "80.000000" : 211968,
            "90.000000" : 244736,
            "95.000000" : 264192,
            "99.000000" : 321536,
            "99.500000" : 1056768,
            "99.900000" : 1466368,
            "99.950000" : 1908736,
            "99.990000" : 3129344
          }
        },
        "lat_ns" : {
          "min" : 4000,
          "max" : 5104000,
          "mean" : 101271.661947,
          "stddev" : 144669.650587,
          "N" : 45910
        },
        "bw_min" : 97280,
        "bw_max" : 118176,
        "bw_agg" : 100.000000,
        "bw_mean" : 107165.538462,
        "bw_dev" : 6074.577566,
        "bw_samples" : 13,
        "iops_min" : 6080,
        "iops_max" : 7386,
        "iops_mean" : 6697.692308,
        "iops_stddev" : 379.658703,
        "iops_samples" : 13
      },
      "write" : {
        "io_bytes" : 321552384,
        "io_kbytes" : 314016,
        "bw_bytes" : 46900872,
        "bw" : 45801,
        "iops" : 2862.602100,
        "runtime" : 6856,
        "total_ios" : 19626,
        "short_ios" : 0,
        "drop_ios" : 0,
        "slat_ns" : {
          "min" : 0,
          "max" : 0,
          "mean" : 0.000000,
          "stddev" : 0.000000,
          "N" : 0
        },
        "clat_ns" : {
          "min" : 50000,
          "max" : 515000,
          "mean" : 104076.531132,
          "stddev" : 31688.828669,
          "N" : 19626,
          "percentile" : {
            "1.000000" : 51968,
            "5.000000" : 52992,
            "10.000000" : 55040,
            "20.000000" : 77312,
            "30.000000" : 95744,
            "40.000000" : 103936,
            "50.000000" : 116224,
            "60.000000" : 118272,
            "70.000000" : 119296,
            "80.000000" : 120320,
            "90.000000" : 127488,
            "95.000000" : 140288,
            "99.000000" : 183296,
            "99.500000" : 222208,
            "99.900000" : 350208,
            "99.950000" : 358400,
            "99.990000" : 501760
          }
        },
        "lat_ns" : {
          "min" : 50000,
          "max" : 517000,
          "mean" : 104588.250280,
          "stddev" : 31763.901035,
          "N" : 19626
        },
        "bw_min" : 42315,
        "bw_max" : 49312,
        "bw_agg" : 99.760636,
        "bw_mean" : 45692.923077,
        "bw_dev" : 2468.023618,
        "bw_samples" : 13,
        "iops_min" : 2644,
        "iops_max" : 3082,
        "iops_mean" : 2855.615385,
        "iops_stddev" : 154.275478,
        "iops_samples" : 13
      },
      "trim" : {
        "io_bytes" : 0,
        "io_kbytes" : 0,
        "bw_bytes" : 0,
        "bw" : 0,
        "iops" : 0.000000,
        "runtime" : 0,
        "total_ios" : 0,
        "short_ios" : 0,
        "drop_ios" : 0,
        "slat_ns" : {
          "min" : 0,
          "max" : 0,
          "mean" : 0.000000,
          "stddev" : 0.000000,
          "N" : 0
        },
        "clat_ns" : {
          "min" : 0,
          "max" : 0,
          "mean" : 0.000000,
          "stddev" : 0.000000,
          "N" : 0
        },
        "lat_ns" : {
          "min" : 0,
          "max" : 0,
          "mean" : 0.000000,
          "stddev" : 0.000000,
          "N" : 0
        },
        "bw_min" : 0,
        "bw_max" : 0,
        "bw_agg" : 0.000000,
        "bw_mean" : 0.000000,
        "bw_dev" : 0.000000,
        "bw_samples" : 0,
        "iops_min" : 0,
        "iops_max" : 0,
        "iops_mean" : 0.000000,
        "iops_stddev" : 0.000000,
        "iops_samples" : 0
      },
      "sync" : {
        "total_ios" : 0,
        "lat_ns" : {
          "min" : 0,
          "max" : 0,
          "mean" : 0.000000,
          "stddev" : 0.000000,
          "N" : 0
        }
      },
      "job_runtime" : 6855,
      "usr_cpu" : 3.749088,
      "sys_cpu" : 23.690737,
      "ctx" : 40325,
      "majf" : 0,
      "minf" : 30,
      "iodepth_level" : {
        "1" : 100.000000,
        "2" : 0.000000,
        "4" : 0.000000,
        "8" : 0.000000,
        "16" : 0.000000,
        "32" : 0.000000,
        ">=64" : 0.000000
      },
      "iodepth_submit" : {
        "0" : 0.000000,
        "4" : 100.000000,
        "8" : 0.000000,
        "16" : 0.000000,
        "32" : 0.000000,
        "64" : 0.000000,
        ">=64" : 0.000000
      },
      "iodepth_complete" : {
        "0" : 0.000000,
        "4" : 100.000000,
        "8" : 0.000000,
        "16" : 0.000000,
        "32" : 0.000000,
        "64" : 0.000000,
        ">=64" : 0.000000
      },
      "latency_ns" : {
        "2" : 0.000000,
        "4" : 0.000000,
        "10" : 0.000000,
        "20" : 0.000000,
        "50" : 0.000000,
        "100" : 0.000000,
        "250" : 0.000000,
        "500" : 0.000000,
        "750" : 0.000000,
        "1000" : 0.000000
      },
      "latency_us" : {
        "2" : 0.000000,
        "4" : 0.000000,
        "10" : 32.115173,
        "20" : 6.210327,
        "50" : 0.674438,
        "100" : 10.757446,
        "250" : 43.623352,
        "500" : 6.086731,
        "750" : 0.112915,
        "1000" : 0.041199
      },
      "latency_ms" : {
        "2" : 0.355530,
        "4" : 0.018311,
        "10" : 0.010000,
        "20" : 0.000000,
        "50" : 0.000000,
        "100" : 0.000000,
        "250" : 0.000000,
        "500" : 0.000000,
        "750" : 0.000000,
        "1000" : 0.000000,
        "2000" : 0.000000,
        ">=2000" : 0.000000
      },
      "latency_depth" : 1,
      "latency_target" : 0,
      "latency_percentile" : 100.000000,
      "latency_window" : 0
    }
  ]
}
