{
  "fio version" : "fio-3.38",
  "timestamp" : 1729849130,
  "timestamp_ms" : 1729849130807,
  "time" : "Fri Oct 25 11:38:50 2024",
  "jobs" : [
    {
      "jobname" : "Exo4_parallel_1_rep_2",
      "groupid" : 0,
      "job_start" : 1729849123884,
      "error" : 0,
      "eta" : 0,
      "elapsed" : 8,
      "job options" : {
        "name" : "Exo4_parallel_1_rep_2",
        "runtime" : "60",
        "rw" : "randrw",
        "rwmixwrite" : "30",
        "bs" : "16k",
        "filesize" : "1G",
        "direct" : "1",
        "numjobs" : "1"
      },
      "read" : {
        "io_bytes" : 752189440,
        "io_kbytes" : 734560,
        "bw_bytes" : 111024271,
        "bw" : 108422,
        "iops" : 6776.383764,
        "runtime" : 6775,
        "total_ios" : 45910,
        "short_ios" : 0,
        "drop_ios" : 0,
        "slat_ns" : {
          "min" : 0,
          "max" : 0,
          "mean" : 0.000000,
          "stddev" : 0.000000,
          "N" : 0
        },
        "clat_ns" : {
          "min" : 4000,
          "max" : 5467000,
          "mean" : 101365.475931,
          "stddev" : 150382.975828,
          "N" : 45910,
          "percentile" : {
            "1.000000" : 4016,
            "5.000000" : 5024,
            "10.000000" : 5024,
            "20.000000" : 5984,
            "30.000000" : 7008,
            "40.000000" : 8032,
            "50.000000" : 10048,
            "60.000000" : 140288,
            "70.000000" : 171008,
            "80.000000" : 203776,
            "90.000000" : 240640,
            "95.000000" : 261120,
            "99.000000" : 342016,
            "99.500000" : 1089536,
            "99.900000" : 1531904,
            "99.950000" : 1990656,
            "99.990000" : 3883008
          }
        },
        "lat_ns" : {
          "min" : 4000,
          "max" : 5467000,
          "mean" : 101626.530168,
          "stddev" : 150393.096517,
          "N" : 45910
        },
        "bw_min" : 86944,
        "bw_max" : 126016,
        "bw_agg" : 99.530410,
        "bw_mean" : 107913.846154,
        "bw_dev" : 11189.300677,
        "bw_samples" : 13,
        "iops_min" : 5434,
        "iops_max" : 7876,
        "iops_mean" : 6744.615385,
        "iops_stddev" : 699.331292,
        "iops_samples" : 13
      },
      "write" : {
        "io_bytes" : 321552384,
        "io_kbytes" : 314016,
        "bw_bytes" : 47461606,
        "bw" : 46349,
        "iops" : 2896.826568,
        "runtime" : 6775,
        "total_ios" : 19626,
        "short_ios" : 0,
        "drop_ios" : 0,
        "slat_ns" : {
          "min" : 0,
          "max" : 0,
          "mean" : 0.000000,
          "stddev" : 0.000000,
          "N" : 0
        },
        "clat_ns" : {
          "min" : 50000,
          "max" : 727000,
          "mean" : 99486.191786,
          "stddev" : 35023.085204,
          "N" : 19626,
          "percentile" : {
            "1.000000" : 51968,
            "5.000000" : 52992,
            "10.000000" : 54016,
            "20.000000" : 59136,
            "30.000000" : 79360,
            "40.000000" : 96768,
            "50.000000" : 103936,
            "60.000000" : 113152,
            "70.000000" : 119296,
            "80.000000" : 120320,
            "90.000000" : 128512,
            "95.000000" : 142336,
            "99.000000" : 199680,
            "99.500000" : 248832,
            "99.900000" : 346112,
            "99.950000" : 415744,
            "99.990000" : 501760
          }
        },
        "lat_ns" : {
          "min" : 51000,
          "max" : 728000,
          "mean" : 99992.560889,
          "stddev" : 35105.635611,
          "N" : 19626
        },
        "bw_min" : 37312,
        "bw_max" : 54208,
        "bw_agg" : 99.237906,
        "bw_mean" : 45996.307692,
        "bw_dev" : 4731.286636,
        "bw_samples" : 13,
        "iops_min" : 2332,
        "iops_max" : 3388,
        "iops_mean" : 2874.769231,
        "iops_stddev" : 295.705415,
        "iops_samples" : 13
      },
      "trim" : {
        "io_bytes" : 0,
        "io_kbytes" : 0,
        "bw_bytes" : 0,
        "bw" : 0,
        "iops" : 0.000000,
        "runtime" : 0,
        "total_ios" : 0,
        "short_ios" : 0,
        "drop_ios" : 0,
        "slat_ns" : {
          "min" : 0,
          "max" : 0,
          "mean" : 0.000000,
          "stddev" : 0.000000,
          "N" : 0
        },
        "clat_ns" : {
          "min" : 0,
          "max" : 0,
          "mean" : 0.000000,
          "stddev" : 0.000000,
          "N" : 0
        },
        "lat_ns" : {
          "min" : 0,
          "max" : 0,
          "mean" : 0.000000,
          "stddev" : 0.000000,
          "N" : 0
        },
        "bw_min" : 0,
        "bw_max" : 0,
        "bw_agg" : 0.000000,
        "bw_mean" : 0.000000,
        "bw_dev" : 0.000000,
        "bw_samples" : 0,
        "iops_min" : 0,
        "iops_max" : 0,
        "iops_mean" : 0.000000,
        "iops_stddev" : 0.000000,
        "iops_samples" : 0
      },
      "sync" : {
        "total_ios" : 0,
        "lat_ns" : {
          "min" : 0,
          "max" : 0,
          "mean" : 0.000000,
          "stddev" : 0.000000,
          "N" : 0
        }
      },
      "job_runtime" : 6774,
      "usr_cpu" : 3.572483,
      "sys_cpu" : 23.147328,
      "ctx" : 40893,
      "majf" : 0,
      "minf" : 34,
      "iodepth_level" : {
        "1" : 100.000000,
        "2" : 0.000000,
        "4" : 0.000000,
        "8" : 0.000000,
        "16" : 0.000000,
        "32" : 0.000000,
        ">=64" : 0.000000
      },
      "iodepth_submit" : {
        "0" : 0.000000,
        "4" : 100.000000,
        "8" : 0.000000,
        "16" : 0.000000,
        "32" : 0.000000,
        "64" : 0.000000,
        ">=64" : 0.000000
      },
      "iodepth_complete" : {
        "0" : 0.000000,
        "4" : 100.000000,
        "8" : 0.000000,
        "16" : 0.000000,
        "32" : 0.000000,
        "64" : 0.000000,
        ">=64" : 0.000000
      },
      "latency_ns" : {
        "2" : 0.000000,
        "4" : 0.000000,
        "10" : 0.000000,
        "20" : 0.000000,
        "50" : 0.000000,
        "100" : 0.000000,
        "250" : 0.000000,
        "500" : 0.000000,
        "750" : 0.000000,
        "1000" : 0.000000
      },
      "latency_us" : {
        "2" : 0.000000,
        "4" : 0.000000,
        "10" : 33.099365,
        "20" : 4.710388,
        "50" : 0.502014,
        "100" : 13.388062,
        "250" : 42.591858,
        "500" : 5.162048,
        "750" : 0.073242,
        "1000" : 0.065613
      },
      "latency_ms" : {
        "2" : 0.375366,
        "4" : 0.027466,
        "10" : 0.010000,
        "20" : 0.000000,
        "50" : 0.000000,
        "100" : 0.000000,
        "250" : 0.000000,
        "500" : 0.000000,
        "750" : 0.000000,
        "1000" : 0.000000,
        "2000" : 0.000000,
        ">=2000" : 0.000000
      },
      "latency_depth" : 1,
      "latency_target" : 0,
      "latency_percentile" : 100.000000,
      "latency_window" : 0
    }
  ]
}
