{
  "fio version" : "fio-3.38",
  "timestamp" : 1730045070,
  "timestamp_ms" : 1730045070372,
  "time" : "Sun Oct 27 17:04:30 2024",
  "jobs" : [
    {
      "jobname" : "Exo3_2_bssplit_rep_5",
      "groupid" : 0,
      "job_start" : 1730045062396,
      "error" : 0,
      "eta" : 0,
      "elapsed" : 9,
      "job options" : {
        "name" : "Exo3_2_bssplit_rep_5",
        "runtime" : "60",
        "numjobs" : "1",
        "bssplit" : "64k:100",
        "filesize" : "1G",
        "direct" : "1",
        "rw" : "write"
      },
      "read" : {
        "io_bytes" : 0,
        "io_kbytes" : 0,
        "bw_bytes" : 0,
        "bw" : 0,
        "iops" : 0.000000,
        "runtime" : 0,
        "total_ios" : 0,
        "short_ios" : 0,
        "drop_ios" : 0,
        "slat_ns" : {
          "min" : 0,
          "max" : 0,
          "mean" : 0.000000,
          "stddev" : 0.000000,
          "N" : 0
        },
        "clat_ns" : {
          "min" : 0,
          "max" : 0,
          "mean" : 0.000000,
          "stddev" : 0.000000,
          "N" : 0
        },
        "lat_ns" : {
          "min" : 0,
          "max" : 0,
          "mean" : 0.000000,
          "stddev" : 0.000000,
          "N" : 0
        },
        "bw_min" : 0,
        "bw_max" : 0,
        "bw_agg" : 0.000000,
        "bw_mean" : 0.000000,
        "bw_dev" : 0.000000,
        "bw_samples" : 0,
        "iops_min" : 0,
        "iops_max" : 0,
        "iops_mean" : 0.000000,
        "iops_stddev" : 0.000000,
        "iops_samples" : 0
      },
      "write" : {
        "io_bytes" : 1073741800,
        "io_kbytes" : 1048575,
        "bw_bytes" : 137782856,
        "bw" : 134553,
        "iops" : 4201.976132,
        "runtime" : 7793,
        "total_ios" : 32746,
        "short_ios" : 0,
        "drop_ios" : 0,
        "slat_ns" : {
          "min" : 0,
          "max" : 0,
          "mean" : 0.000000,
          "stddev" : 0.000000,
          "N" : 0
        },
        "clat_ns" : {
          "min" : 8000,
          "max" : 13911000,
          "mean" : 234090.056801,
          "stddev" : 347869.183286,
          "N" : 32746,
          "percentile" : {
            "1.000000" : 9024,
            "5.000000" : 10048,
            "10.000000" : 11968,
            "20.000000" : 15040,
            "30.000000" : 20096,
            "40.000000" : 25984,
            "50.000000" : 195584,
            "60.000000" : 313344,
            "70.000000" : 346112,
            "80.000000" : 387072,
            "90.000000" : 501760,
            "95.000000" : 536576,
            "99.000000" : 1351680,
            "99.500000" : 2965504,
            "99.900000" : 3424256,
            "99.950000" : 4177920,
            "99.990000" : 5865472
          }
        },
        "lat_ns" : {
          "min" : 9000,
          "max" : 13912000,
          "mean" : 234938.007696,
          "stddev" : 348233.891584,
          "N" : 32746
        },
        "bw_min" : 93542,
        "bw_max" : 159706,
        "bw_agg" : 100.000000,
        "bw_mean" : 134852.400000,
        "bw_dev" : 19099.853522,
        "bw_samples" : 15,
        "iops_min" : 3040,
        "iops_max" : 4952,
        "iops_mean" : 4202.200000,
        "iops_stddev" : 556.210289,
        "iops_samples" : 15
      },
      "trim" : {
        "io_bytes" : 0,
        "io_kbytes" : 0,
        "bw_bytes" : 0,
        "bw" : 0,
        "iops" : 0.000000,
        "runtime" : 0,
        "total_ios" : 0,
        "short_ios" : 0,
        "drop_ios" : 0,
        "slat_ns" : {
          "min" : 0,
          "max" : 0,
          "mean" : 0.000000,
          "stddev" : 0.000000,
          "N" : 0
        },
        "clat_ns" : {
          "min" : 0,
          "max" : 0,
          "mean" : 0.000000,
          "stddev" : 0.000000,
          "N" : 0
        },
        "lat_ns" : {
          "min" : 0,
          "max" : 0,
          "mean" : 0.000000,
          "stddev" : 0.000000,
          "N" : 0
        },
        "bw_min" : 0,
        "bw_max" : 0,
        "bw_agg" : 0.000000,
        "bw_mean" : 0.000000,
        "bw_dev" : 0.000000,
        "bw_samples" : 0,
        "iops_min" : 0,
        "iops_max" : 0,
        "iops_mean" : 0.000000,
        "iops_stddev" : 0.000000,
        "iops_samples" : 0
      },
      "sync" : {
        "total_ios" : 0,
        "lat_ns" : {
          "min" : 0,
          "max" : 0,
          "mean" : 0.000000,
          "stddev" : 0.000000,
          "N" : 0
        }
      },
      "job_runtime" : 7792,
      "usr_cpu" : 2.374230,
      "sys_cpu" : 22.843943,
      "ctx" : 17882,
      "majf" : 0,
      "minf" : 33,
      "iodepth_level" : {
        "1" : 100.000000,
        "2" : 0.000000,
        "4" : 0.000000,
        "8" : 0.000000,
        "16" : 0.000000,
        "32" : 0.000000,
        ">=64" : 0.000000
      },
      "iodepth_submit" : {
        "0" : 0.000000,
        "4" : 100.000000,
        "8" : 0.000000,
        "16" : 0.000000,
        "32" : 0.000000,
        "64" : 0.000000,
        ">=64" : 0.000000
      },
      "iodepth_complete" : {
        "0" : 0.000000,
        "4" : 100.000000,
        "8" : 0.000000,
        "16" : 0.000000,
        "32" : 0.000000,
        "64" : 0.000000,
        ">=64" : 0.000000
      },
      "latency_ns" : {
        "2" : 0.000000,
        "4" : 0.000000,
        "10" : 0.000000,
        "20" : 0.000000,
        "50" : 0.000000,
        "100" : 0.000000,
        "250" : 0.000000,
        "500" : 0.000000,
        "750" : 0.000000,
        "1000" : 0.000000
      },
      "latency_us" : {
        "2" : 0.000000,
        "4" : 0.000000,
        "10" : 2.571306,
        "20" : 24.977096,
        "50" : 20.246748,
        "100" : 1.029133,
        "250" : 3.062970,
        "500" : 38.013803,
        "750" : 8.175044,
        "1000" : 0.455017
      },
      "latency_ms" : {
        "2" : 0.629084,
        "4" : 0.775667,
        "10" : 0.061076,
        "20" : 0.010000,
        "50" : 0.000000,
        "100" : 0.000000,
        "250" : 0.000000,
        "500" : 0.000000,
        "750" : 0.000000,
        "1000" : 0.000000,
        "2000" : 0.000000,
        ">=2000" : 0.000000
      },
      "latency_depth" : 1,
      "latency_target" : 0,
      "latency_percentile" : 100.000000,
      "latency_window" : 0
    }
  ]
}
