{
  "fio version" : "fio-3.38",
  "timestamp" : 1730045032,
  "timestamp_ms" : 1730045032011,
  "time" : "Sun Oct 27 17:03:52 2024",
  "jobs" : [
    {
      "jobname" : "Exo3_2_bssplit_rep_1",
      "groupid" : 0,
      "job_start" : 1730045022529,
      "error" : 0,
      "eta" : 0,
      "elapsed" : 10,
      "job options" : {
        "name" : "Exo3_2_bssplit_rep_1",
        "runtime" : "60",
        "numjobs" : "1",
        "bssplit" : "64k:100",
        "filesize" : "1G",
        "direct" : "1",
        "rw" : "write"
      },
      "read" : {
        "io_bytes" : 0,
        "io_kbytes" : 0,
        "bw_bytes" : 0,
        "bw" : 0,
        "iops" : 0.000000,
        "runtime" : 0,
        "total_ios" : 0,
        "short_ios" : 0,
        "drop_ios" : 0,
        "slat_ns" : {
          "min" : 0,
          "max" : 0,
          "mean" : 0.000000,
          "stddev" : 0.000000,
          "N" : 0
        },
        "clat_ns" : {
          "min" : 0,
          "max" : 0,
          "mean" : 0.000000,
          "stddev" : 0.000000,
          "N" : 0
        },
        "lat_ns" : {
          "min" : 0,
          "max" : 0,
          "mean" : 0.000000,
          "stddev" : 0.000000,
          "N" : 0
        },
        "bw_min" : 0,
        "bw_max" : 0,
        "bw_agg" : 0.000000,
        "bw_mean" : 0.000000,
        "bw_dev" : 0.000000,
        "bw_samples" : 0,
        "iops_min" : 0,
        "iops_max" : 0,
        "iops_mean" : 0.000000,
        "iops_stddev" : 0.000000,
        "iops_samples" : 0
      },
      "write" : {
        "io_bytes" : 1073741800,
        "io_kbytes" : 1048575,
        "bw_bytes" : 115010904,
        "bw" : 112315,
        "iops" : 3507.497858,
        "runtime" : 9336,
        "total_ios" : 32746,
        "short_ios" : 0,
        "drop_ios" : 0,
        "slat_ns" : {
          "min" : 0,
          "max" : 0,
          "mean" : 0.000000,
          "stddev" : 0.000000,
          "N" : 0
        },
        "clat_ns" : {
          "min" : 8000,
          "max" : 5831000,
          "mean" : 280151.713186,
          "stddev" : 354274.672195,
          "N" : 32746,
          "percentile" : {
            "1.000000" : 10944,
            "5.000000" : 15040,
            "10.000000" : 19072,
            "20.000000" : 20096,
            "30.000000" : 30080,
            "40.000000" : 31104,
            "50.000000" : 259072,
            "60.000000" : 407552,
            "70.000000" : 493568,
            "80.000000" : 514048,
            "90.000000" : 536576,
            "95.000000" : 552960,
            "99.000000" : 1318912,
            "99.500000" : 2998272,
            "99.900000" : 3325952,
            "99.950000" : 3948544,
            "99.990000" : 5144576
          }
        },
        "lat_ns" : {
          "min" : 8000,
          "max" : 5832000,
          "mean" : 281226.531485,
          "stddev" : 354773.439308,
          "N" : 32746
        },
        "bw_min" : 102449,
        "bw_max" : 130436,
        "bw_agg" : 99.943609,
        "bw_mean" : 112252.333333,
        "bw_dev" : 6073.671862,
        "bw_samples" : 18,
        "iops_min" : 3198,
        "iops_max" : 4122,
        "iops_mean" : 3497.777778,
        "iops_stddev" : 221.022904,
        "iops_samples" : 18
      },
      "trim" : {
        "io_bytes" : 0,
        "io_kbytes" : 0,
        "bw_bytes" : 0,
        "bw" : 0,
        "iops" : 0.000000,
        "runtime" : 0,
        "total_ios" : 0,
        "short_ios" : 0,
        "drop_ios" : 0,
        "slat_ns" : {
          "min" : 0,
          "max" : 0,
          "mean" : 0.000000,
          "stddev" : 0.000000,
          "N" : 0
        },
        "clat_ns" : {
          "min" : 0,
          "max" : 0,
          "mean" : 0.000000,
          "stddev" : 0.000000,
          "N" : 0
        },
        "lat_ns" : {
          "min" : 0,
          "max" : 0,
          "mean" : 0.000000,
          "stddev" : 0.000000,
          "N" : 0
        },
        "bw_min" : 0,
        "bw_max" : 0,
        "bw_agg" : 0.000000,
        "bw_mean" : 0.000000,
        "bw_dev" : 0.000000,
        "bw_samples" : 0,
        "iops_min" : 0,
        "iops_max" : 0,
        "iops_mean" : 0.000000,
        "iops_stddev" : 0.000000,
        "iops_samples" : 0
      },
      "sync" : {
        "total_ios" : 0,
        "lat_ns" : {
          "min" : 0,
          "max" : 0,
          "mean" : 0.000000,
          "stddev" : 0.000000,
          "N" : 0
        }
      },
      "job_runtime" : 9335,
      "usr_cpu" : 2.592394,
      "sys_cpu" : 21.885378,
      "ctx" : 17183,
      "majf" : 5,
      "minf" : 27,
      "iodepth_level" : {
        "1" : 100.000000,
        "2" : 0.000000,
        "4" : 0.000000,
        "8" : 0.000000,
        "16" : 0.000000,
        "32" : 0.000000,
        ">=64" : 0.000000
      },
      "iodepth_submit" : {
        "0" : 0.000000,
        "4" : 100.000000,
        "8" : 0.000000,
        "16" : 0.000000,
        "32" : 0.000000,
        "64" : 0.000000,
        ">=64" : 0.000000
      },
      "iodepth_complete" : {
        "0" : 0.000000,
        "4" : 100.000000,
        "8" : 0.000000,
        "16" : 0.000000,
        "32" : 0.000000,
        "64" : 0.000000,
        ">=64" : 0.000000
      },
      "latency_ns" : {
        "2" : 0.000000,
        "4" : 0.000000,
        "10" : 0.000000,
        "20" : 0.000000,
        "50" : 0.000000,
        "100" : 0.000000,
        "250" : 0.000000,
        "500" : 0.000000,
        "750" : 0.000000,
        "1000" : 0.000000
      },
      "latency_us" : {
        "2" : 0.000000,
        "4" : 0.000000,
        "10" : 0.687107,
        "20" : 13.989495,
        "50" : 33.280401,
        "100" : 0.781775,
        "250" : 1.013864,
        "500" : 22.045441,
        "750" : 26.213889,
        "1000" : 0.448910
      },
      "latency_ms" : {
        "2" : 0.729860,
        "4" : 0.769560,
        "10" : 0.039700,
        "20" : 0.000000,
        "50" : 0.000000,
        "100" : 0.000000,
        "250" : 0.000000,
        "500" : 0.000000,
        "750" : 0.000000,
        "1000" : 0.000000,
        "2000" : 0.000000,
        ">=2000" : 0.000000
      },
      "latency_depth" : 1,
      "latency_target" : 0,
      "latency_percentile" : 100.000000,
      "latency_window" : 0
    }
  ]
}
