{
  "fio version" : "fio-3.38",
  "timestamp" : 1730045052,
  "timestamp_ms" : 1730045052449,
  "time" : "Sun Oct 27 17:04:12 2024",
  "jobs" : [
    {
      "jobname" : "Exo3_2_bssplit_rep_3",
      "groupid" : 0,
      "job_start" : 1730045042726,
      "error" : 0,
      "eta" : 0,
      "elapsed" : 10,
      "job options" : {
        "name" : "Exo3_2_bssplit_rep_3",
        "runtime" : "60",
        "numjobs" : "1",
        "bssplit" : "64k:100",
        "filesize" : "1G",
        "direct" : "1",
        "rw" : "write"
      },
      "read" : {
        "io_bytes" : 0,
        "io_kbytes" : 0,
        "bw_bytes" : 0,
        "bw" : 0,
        "iops" : 0.000000,
        "runtime" : 0,
        "total_ios" : 0,
        "short_ios" : 0,
        "drop_ios" : 0,
        "slat_ns" : {
          "min" : 0,
          "max" : 0,
          "mean" : 0.000000,
          "stddev" : 0.000000,
          "N" : 0
        },
        "clat_ns" : {
          "min" : 0,
          "max" : 0,
          "mean" : 0.000000,
          "stddev" : 0.000000,
          "N" : 0
        },
        "lat_ns" : {
          "min" : 0,
          "max" : 0,
          "mean" : 0.000000,
          "stddev" : 0.000000,
          "N" : 0
        },
        "bw_min" : 0,
        "bw_max" : 0,
        "bw_agg" : 0.000000,
        "bw_mean" : 0.000000,
        "bw_dev" : 0.000000,
        "bw_samples" : 0,
        "iops_min" : 0,
        "iops_max" : 0,
        "iops_mean" : 0.000000,
        "iops_stddev" : 0.000000,
        "iops_samples" : 0
      },
      "write" : {
        "io_bytes" : 1073741800,
        "io_kbytes" : 1048575,
        "bw_bytes" : 110797833,
        "bw" : 108201,
        "iops" : 3379.011454,
        "runtime" : 9691,
        "total_ios" : 32746,
        "short_ios" : 0,
        "drop_ios" : 0,
        "slat_ns" : {
          "min" : 0,
          "max" : 0,
          "mean" : 0.000000,
          "stddev" : 0.000000,
          "N" : 0
        },
        "clat_ns" : {
          "min" : 9000,
          "max" : 5565000,
          "mean" : 290801.380321,
          "stddev" : 361605.425321,
          "N" : 32746,
          "percentile" : {
            "1.000000" : 10944,
            "5.000000" : 19072,
            "10.000000" : 20096,
            "20.000000" : 20096,
            "30.000000" : 31104,
            "40.000000" : 31104,
            "50.000000" : 252928,
            "60.000000" : 444416,
            "70.000000" : 501760,
            "80.000000" : 522240,
            "90.000000" : 544768,
            "95.000000" : 577536,
            "99.000000" : 1351680,
            "99.500000" : 2965504,
            "99.900000" : 3358720,
            "99.950000" : 4046848,
            "99.990000" : 5210112
          }
        },
        "lat_ns" : {
          "min" : 9000,
          "max" : 5566000,
          "mean" : 291860.624198,
          "stddev" : 362107.137104,
          "N" : 32746
        },
        "bw_min" : 83548,
        "bw_max" : 129404,
        "bw_agg" : 100.000000,
        "bw_mean" : 108213.842105,
        "bw_dev" : 9200.806832,
        "bw_samples" : 19,
        "iops_min" : 2718,
        "iops_max" : 4049,
        "iops_mean" : 3371.947368,
        "iops_stddev" : 292.339885,
        "iops_samples" : 19
      },
      "trim" : {
        "io_bytes" : 0,
        "io_kbytes" : 0,
        "bw_bytes" : 0,
        "bw" : 0,
        "iops" : 0.000000,
        "runtime" : 0,
        "total_ios" : 0,
        "short_ios" : 0,
        "drop_ios" : 0,
        "slat_ns" : {
          "min" : 0,
          "max" : 0,
          "mean" : 0.000000,
          "stddev" : 0.000000,
          "N" : 0
        },
        "clat_ns" : {
          "min" : 0,
          "max" : 0,
          "mean" : 0.000000,
          "stddev" : 0.000000,
          "N" : 0
        },
        "lat_ns" : {
          "min" : 0,
          "max" : 0,
          "mean" : 0.000000,
          "stddev" : 0.000000,
          "N" : 0
        },
        "bw_min" : 0,
        "bw_max" : 0,
        "bw_agg" : 0.000000,
        "bw_mean" : 0.000000,
        "bw_dev" : 0.000000,
        "bw_samples" : 0,
        "iops_min" : 0,
        "iops_max" : 0,
        "iops_mean" : 0.000000,
        "iops_stddev" : 0.000000,
        "iops_samples" : 0
      },
      "sync" : {
        "total_ios" : 0,
        "lat_ns" : {
          "min" : 0,
          "max" : 0,
          "mean" : 0.000000,
          "stddev" : 0.000000,
          "N" : 0
        }
      },
      "job_runtime" : 9690,
      "usr_cpu" : 2.579979,
      "sys_cpu" : 23.126935,
      "ctx" : 17263,
      "majf" : 0,
      "minf" : 30,
      "iodepth_level" : {
        "1" : 100.000000,
        "2" : 0.000000,
        "4" : 0.000000,
        "8" : 0.000000,
        "16" : 0.000000,
        "32" : 0.000000,
        ">=64" : 0.000000
      },
      "iodepth_submit" : {
        "0" : 0.000000,
        "4" : 100.000000,
        "8" : 0.000000,
        "16" : 0.000000,
        "32" : 0.000000,
        "64" : 0.000000,
        ">=64" : 0.000000
      },
      "iodepth_complete" : {
        "0" : 0.000000,
        "4" : 100.000000,
        "8" : 0.000000,
        "16" : 0.000000,
        "32" : 0.000000,
        "64" : 0.000000,
        ">=64" : 0.000000
      },
      "latency_ns" : {
        "2" : 0.000000,
        "4" : 0.000000,
        "10" : 0.000000,
        "20" : 0.000000,
        "50" : 0.000000,
        "100" : 0.000000,
        "250" : 0.000000,
        "500" : 0.000000,
        "750" : 0.000000,
        "1000" : 0.000000
      },
      "latency_us" : {
        "2" : 0.000000,
        "4" : 0.000000,
        "10" : 0.174067,
        "20" : 9.314115,
        "50" : 37.723691,
        "100" : 1.520796,
        "250" : 1.190985,
        "500" : 19.095462,
        "750" : 28.208025,
        "1000" : 1.151286
      },
      "latency_ms" : {
        "2" : 0.793990,
        "4" : 0.766506,
        "10" : 0.061076,
        "20" : 0.000000,
        "50" : 0.000000,
        "100" : 0.000000,
        "250" : 0.000000,
        "500" : 0.000000,
        "750" : 0.000000,
        "1000" : 0.000000,
        "2000" : 0.000000,
        ">=2000" : 0.000000
      },
      "latency_depth" : 1,
      "latency_target" : 0,
      "latency_percentile" : 100.000000,
      "latency_window" : 0
    }
  ]
}
