{
  "fio version" : "fio-3.38",
  "timestamp" : 1730045061,
  "timestamp_ms" : 1730045061784,
  "time" : "Sun Oct 27 17:04:21 2024",
  "jobs" : [
    {
      "jobname" : "Exo3_2_bssplit_rep_4",
      "groupid" : 0,
      "job_start" : 1730045053053,
      "error" : 0,
      "eta" : 0,
      "elapsed" : 9,
      "job options" : {
        "name" : "Exo3_2_bssplit_rep_4",
        "runtime" : "60",
        "numjobs" : "1",
        "bssplit" : "64k:100",
        "filesize" : "1G",
        "direct" : "1",
        "rw" : "write"
      },
      "read" : {
        "io_bytes" : 0,
        "io_kbytes" : 0,
        "bw_bytes" : 0,
        "bw" : 0,
        "iops" : 0.000000,
        "runtime" : 0,
        "total_ios" : 0,
        "short_ios" : 0,
        "drop_ios" : 0,
        "slat_ns" : {
          "min" : 0,
          "max" : 0,
          "mean" : 0.000000,
          "stddev" : 0.000000,
          "N" : 0
        },
        "clat_ns" : {
          "min" : 0,
          "max" : 0,
          "mean" : 0.000000,
          "stddev" : 0.000000,
          "N" : 0
        },
        "lat_ns" : {
          "min" : 0,
          "max" : 0,
          "mean" : 0.000000,
          "stddev" : 0.000000,
          "N" : 0
        },
        "bw_min" : 0,
        "bw_max" : 0,
        "bw_agg" : 0.000000,
        "bw_mean" : 0.000000,
        "bw_dev" : 0.000000,
        "bw_samples" : 0,
        "iops_min" : 0,
        "iops_max" : 0,
        "iops_mean" : 0.000000,
        "iops_stddev" : 0.000000,
        "iops_samples" : 0
      },
      "write" : {
        "io_bytes" : 1073741800,
        "io_kbytes" : 1048575,
        "bw_bytes" : 124984495,
        "bw" : 122055,
        "iops" : 3811.663369,
        "runtime" : 8591,
        "total_ios" : 32746,
        "short_ios" : 0,
        "drop_ios" : 0,
        "slat_ns" : {
          "min" : 0,
          "max" : 0,
          "mean" : 0.000000,
          "stddev" : 0.000000,
          "N" : 0
        },
        "clat_ns" : {
          "min" : 8000,
          "max" : 6702000,
          "mean" : 257809.564527,
          "stddev" : 351446.771213,
          "N" : 32746,
          "percentile" : {
            "1.000000" : 10048,
            "5.000000" : 12992,
            "10.000000" : 15040,
            "20.000000" : 19072,
            "30.000000" : 21888,
            "40.000000" : 31104,
            "50.000000" : 234496,
            "60.000000" : 342016,
            "70.000000" : 382976,
            "80.000000" : 473088,
            "90.000000" : 528384,
            "95.000000" : 561152,
            "99.000000" : 1368064,
            "99.500000" : 2998272,
            "99.900000" : 3391488,
            "99.950000" : 4112384,
            "99.990000" : 5210112
          }
        },
        "lat_ns" : {
          "min" : 9000,
          "max" : 6704000,
          "mean" : 258742.044830,
          "stddev" : 351868.708252,
          "N" : 32746
        },
        "bw_min" : 101681,
        "bw_max" : 148953,
        "bw_agg" : 99.871230,
        "bw_mean" : 121898.294118,
        "bw_dev" : 13364.397142,
        "bw_samples" : 17,
        "iops_min" : 3119,
        "iops_max" : 4474,
        "iops_mean" : 3797.058824,
        "iops_stddev" : 394.449691,
        "iops_samples" : 17
      },
      "trim" : {
        "io_bytes" : 0,
        "io_kbytes" : 0,
        "bw_bytes" : 0,
        "bw" : 0,
        "iops" : 0.000000,
        "runtime" : 0,
        "total_ios" : 0,
        "short_ios" : 0,
        "drop_ios" : 0,
        "slat_ns" : {
          "min" : 0,
          "max" : 0,
          "mean" : 0.000000,
          "stddev" : 0.000000,
          "N" : 0
        },
        "clat_ns" : {
          "min" : 0,
          "max" : 0,
          "mean" : 0.000000,
          "stddev" : 0.000000,
          "N" : 0
        },
        "lat_ns" : {
          "min" : 0,
          "max" : 0,
          "mean" : 0.000000,
          "stddev" : 0.000000,
          "N" : 0
        },
        "bw_min" : 0,
        "bw_max" : 0,
        "bw_agg" : 0.000000,
        "bw_mean" : 0.000000,
        "bw_dev" : 0.000000,
        "bw_samples" : 0,
        "iops_min" : 0,
        "iops_max" : 0,
        "iops_mean" : 0.000000,
        "iops_stddev" : 0.000000,
        "iops_samples" : 0
      },
      "sync" : {
        "total_ios" : 0,
        "lat_ns" : {
          "min" : 0,
          "max" : 0,
          "mean" : 0.000000,
          "stddev" : 0.000000,
          "N" : 0
        }
      },
      "job_runtime" : 8590,
      "usr_cpu" : 2.467986,
      "sys_cpu" : 22.980210,
      "ctx" : 17433,
      "majf" : 0,
      "minf" : 33,
      "iodepth_level" : {
        "1" : 100.000000,
        "2" : 0.000000,
        "4" : 0.000000,
        "8" : 0.000000,
        "16" : 0.000000,
        "32" : 0.000000,
        ">=64" : 0.000000
      },
      "iodepth_submit" : {
        "0" : 0.000000,
        "4" : 100.000000,
        "8" : 0.000000,
        "16" : 0.000000,
        "32" : 0.000000,
        "64" : 0.000000,
        ">=64" : 0.000000
      },
      "iodepth_complete" : {
        "0" : 0.000000,
        "4" : 100.000000,
        "8" : 0.000000,
        "16" : 0.000000,
        "32" : 0.000000,
        "64" : 0.000000,
        ">=64" : 0.000000
      },
      "latency_ns" : {
        "2" : 0.000000,
        "4" : 0.000000,
        "10" : 0.000000,
        "20" : 0.000000,
        "50" : 0.000000,
        "100" : 0.000000,
        "250" : 0.000000,
        "500" : 0.000000,
        "750" : 0.000000,
        "1000" : 0.000000
      },
      "latency_us" : {
        "2" : 0.000000,
        "4" : 0.000000,
        "10" : 0.748183,
        "20" : 19.681793,
        "50" : 26.907103,
        "100" : 1.407806,
        "250" : 1.615464,
        "500" : 33.237647,
        "750" : 14.093324,
        "1000" : 0.760398
      },
      "latency_ms" : {
        "2" : 0.717645,
        "4" : 0.769560,
        "10" : 0.061076,
        "20" : 0.000000,
        "50" : 0.000000,
        "100" : 0.000000,
        "250" : 0.000000,
        "500" : 0.000000,
        "750" : 0.000000,
        "1000" : 0.000000,
        "2000" : 0.000000,
        ">=2000" : 0.000000
      },
      "latency_depth" : 1,
      "latency_target" : 0,
      "latency_percentile" : 100.000000,
      "latency_window" : 0
    }
  ]
}
