{
  "fio version" : "fio-3.38",
  "timestamp" : 1730045042,
  "timestamp_ms" : 1730045042111,
  "time" : "Sun Oct 27 17:04:02 2024",
  "jobs" : [
    {
      "jobname" : "Exo3_2_bssplit_rep_2",
      "groupid" : 0,
      "job_start" : 1730045032646,
      "error" : 0,
      "eta" : 0,
      "elapsed" : 10,
      "job options" : {
        "name" : "Exo3_2_bssplit_rep_2",
        "runtime" : "60",
        "numjobs" : "1",
        "bssplit" : "64k:100",
        "filesize" : "1G",
        "direct" : "1",
        "rw" : "write"
      },
      "read" : {
        "io_bytes" : 0,
        "io_kbytes" : 0,
        "bw_bytes" : 0,
        "bw" : 0,
        "iops" : 0.000000,
        "runtime" : 0,
        "total_ios" : 0,
        "short_ios" : 0,
        "drop_ios" : 0,
        "slat_ns" : {
          "min" : 0,
          "max" : 0,
          "mean" : 0.000000,
          "stddev" : 0.000000,
          "N" : 0
        },
        "clat_ns" : {
          "min" : 0,
          "max" : 0,
          "mean" : 0.000000,
          "stddev" : 0.000000,
          "N" : 0
        },
        "lat_ns" : {
          "min" : 0,
          "max" : 0,
          "mean" : 0.000000,
          "stddev" : 0.000000,
          "N" : 0
        },
        "bw_min" : 0,
        "bw_max" : 0,
        "bw_agg" : 0.000000,
        "bw_mean" : 0.000000,
        "bw_dev" : 0.000000,
        "bw_samples" : 0,
        "iops_min" : 0,
        "iops_max" : 0,
        "iops_mean" : 0.000000,
        "iops_stddev" : 0.000000,
        "iops_samples" : 0
      },
      "write" : {
        "io_bytes" : 1073741800,
        "io_kbytes" : 1048575,
        "bw_bytes" : 113924859,
        "bw" : 111254,
        "iops" : 3474.376658,
        "runtime" : 9425,
        "total_ios" : 32746,
        "short_ios" : 0,
        "drop_ios" : 0,
        "slat_ns" : {
          "min" : 0,
          "max" : 0,
          "mean" : 0.000000,
          "stddev" : 0.000000,
          "N" : 0
        },
        "clat_ns" : {
          "min" : 8000,
          "max" : 5890000,
          "mean" : 282878.916509,
          "stddev" : 352937.237955,
          "N" : 32746,
          "percentile" : {
            "1.000000" : 11968,
            "5.000000" : 15040,
            "10.000000" : 19072,
            "20.000000" : 20096,
            "30.000000" : 30080,
            "40.000000" : 31104,
            "50.000000" : 268288,
            "60.000000" : 415744,
            "70.000000" : 497664,
            "80.000000" : 518144,
            "90.000000" : 536576,
            "95.000000" : 561152,
            "99.000000" : 1318912,
            "99.500000" : 2965504,
            "99.900000" : 3424256,
            "99.950000" : 3948544,
            "99.990000" : 5144576
          }
        },
        "lat_ns" : {
          "min" : 8000,
          "max" : 5892000,
          "mean" : 283939.687290,
          "stddev" : 353434.083217,
          "N" : 32746
        },
        "bw_min" : 93239,
        "bw_max" : 124158,
        "bw_agg" : 99.799788,
        "bw_mean" : 111032.611111,
        "bw_dev" : 7279.537664,
        "bw_samples" : 18,
        "iops_min" : 3029,
        "iops_max" : 3968,
        "iops_mean" : 3458.777778,
        "iops_stddev" : 219.794705,
        "iops_samples" : 18
      },
      "trim" : {
        "io_bytes" : 0,
        "io_kbytes" : 0,
        "bw_bytes" : 0,
        "bw" : 0,
        "iops" : 0.000000,
        "runtime" : 0,
        "total_ios" : 0,
        "short_ios" : 0,
        "drop_ios" : 0,
        "slat_ns" : {
          "min" : 0,
          "max" : 0,
          "mean" : 0.000000,
          "stddev" : 0.000000,
          "N" : 0
        },
        "clat_ns" : {
          "min" : 0,
          "max" : 0,
          "mean" : 0.000000,
          "stddev" : 0.000000,
          "N" : 0
        },
        "lat_ns" : {
          "min" : 0,
          "max" : 0,
          "mean" : 0.000000,
          "stddev" : 0.000000,
          "N" : 0
        },
        "bw_min" : 0,
        "bw_max" : 0,
        "bw_agg" : 0.000000,
        "bw_mean" : 0.000000,
        "bw_dev" : 0.000000,
        "bw_samples" : 0,
        "iops_min" : 0,
        "iops_max" : 0,
        "iops_mean" : 0.000000,
        "iops_stddev" : 0.000000,
        "iops_samples" : 0
      },
      "sync" : {
        "total_ios" : 0,
        "lat_ns" : {
          "min" : 0,
          "max" : 0,
          "mean" : 0.000000,
          "stddev" : 0.000000,
          "N" : 0
        }
      },
      "job_runtime" : 9424,
      "usr_cpu" : 2.557301,
      "sys_cpu" : 22.241087,
      "ctx" : 17036,
      "majf" : 0,
      "minf" : 31,
      "iodepth_level" : {
        "1" : 100.000000,
        "2" : 0.000000,
        "4" : 0.000000,
        "8" : 0.000000,
        "16" : 0.000000,
        "32" : 0.000000,
        ">=64" : 0.000000
      },
      "iodepth_submit" : {
        "0" : 0.000000,
        "4" : 100.000000,
        "8" : 0.000000,
        "16" : 0.000000,
        "32" : 0.000000,
        "64" : 0.000000,
        ">=64" : 0.000000
      },
      "iodepth_complete" : {
        "0" : 0.000000,
        "4" : 100.000000,
        "8" : 0.000000,
        "16" : 0.000000,
        "32" : 0.000000,
        "64" : 0.000000,
        ">=64" : 0.000000
      },
      "latency_ns" : {
        "2" : 0.000000,
        "4" : 0.000000,
        "10" : 0.000000,
        "20" : 0.000000,
        "50" : 0.000000,
        "100" : 0.000000,
        "250" : 0.000000,
        "500" : 0.000000,
        "750" : 0.000000,
        "1000" : 0.000000
      },
      "latency_us" : {
        "2" : 0.000000,
        "4" : 0.000000,
        "10" : 0.213767,
        "20" : 10.957063,
        "50" : 36.734258,
        "100" : 0.845905,
        "250" : 0.852012,
        "500" : 21.504917,
        "750" : 26.607830,
        "1000" : 0.745129
      },
      "latency_ms" : {
        "2" : 0.784829,
        "4" : 0.705430,
        "10" : 0.048861,
        "20" : 0.000000,
        "50" : 0.000000,
        "100" : 0.000000,
        "250" : 0.000000,
        "500" : 0.000000,
        "750" : 0.000000,
        "1000" : 0.000000,
        "2000" : 0.000000,
        ">=2000" : 0.000000
      },
      "latency_depth" : 1,
      "latency_target" : 0,
      "latency_percentile" : 100.000000,
      "latency_window" : 0
    }
  ]
}
