{
  "fio version" : "fio-3.38",
  "timestamp" : 1730042426,
  "timestamp_ms" : 1730042426811,
  "time" : "Sun Oct 27 16:20:26 2024",
  "jobs" : [
    {
      "jobname" : "Exo3_2_bssplit_rep_2",
      "groupid" : 0,
      "job_start" : 1730042423065,
      "error" : 0,
      "eta" : 0,
      "elapsed" : 4,
      "job options" : {
        "name" : "Exo3_2_bssplit_rep_2",
        "runtime" : "60",
        "numjobs" : "1",
        "bssplit" : "64k:30,256k:40,512k:20,1m:10",
        "filesize" : "1G",
        "direct" : "1",
        "rw" : "write"
      },
      "read" : {
        "io_bytes" : 0,
        "io_kbytes" : 0,
        "bw_bytes" : 0,
        "bw" : 0,
        "iops" : 0.000000,
        "runtime" : 0,
        "total_ios" : 0,
        "short_ios" : 0,
        "drop_ios" : 0,
        "slat_ns" : {
          "min" : 0,
          "max" : 0,
          "mean" : 0.000000,
          "stddev" : 0.000000,
          "N" : 0
        },
        "clat_ns" : {
          "min" : 0,
          "max" : 0,
          "mean" : 0.000000,
          "stddev" : 0.000000,
          "N" : 0
        },
        "lat_ns" : {
          "min" : 0,
          "max" : 0,
          "mean" : 0.000000,
          "stddev" : 0.000000,
          "N" : 0
        },
        "bw_min" : 0,
        "bw_max" : 0,
        "bw_agg" : 0.000000,
        "bw_mean" : 0.000000,
        "bw_dev" : 0.000000,
        "bw_samples" : 0,
        "iops_min" : 0,
        "iops_max" : 0,
        "iops_mean" : 0.000000,
        "iops_stddev" : 0.000000,
        "iops_samples" : 0
      },
      "write" : {
        "io_bytes" : 1073741800,
        "io_kbytes" : 1048575,
        "bw_bytes" : 290671846,
        "bw" : 283859,
        "iops" : 3547.644829,
        "runtime" : 3694,
        "total_ios" : 13105,
        "short_ios" : 0,
        "drop_ios" : 0,
        "slat_ns" : {
          "min" : 0,
          "max" : 0,
          "mean" : 0.000000,
          "stddev" : 0.000000,
          "N" : 0
        },
        "clat_ns" : {
          "min" : 8000,
          "max" : 10738000,
          "mean" : 275898.206791,
          "stddev" : 525430.270962,
          "N" : 13105,
          "percentile" : {
            "1.000000" : 8032,
            "5.000000" : 9024,
            "10.000000" : 9024,
            "20.000000" : 9024,
            "30.000000" : 9024,
            "40.000000" : 15040,
            "50.000000" : 21120,
            "60.000000" : 35072,
            "70.000000" : 358400,
            "80.000000" : 593920,
            "90.000000" : 774144,
            "95.000000" : 921600,
            "99.000000" : 3031040,
            "99.500000" : 3227648,
            "99.900000" : 4046848,
            "99.950000" : 4554752,
            "99.990000" : 7110656
          }
        },
        "lat_ns" : {
          "min" : 8000,
          "max" : 10741000,
          "mean" : 277966.882869,
          "stddev" : 527392.058497,
          "N" : 13105
        },
        "bw_min" : 230930,
        "bw_max" : 325887,
        "bw_agg" : 100.000000,
        "bw_mean" : 289739.428571,
        "bw_dev" : 29801.347195,
        "bw_samples" : 7,
        "iops_min" : 1922,
        "iops_max" : 2629,
        "iops_mean" : 2285.857143,
        "iops_stddev" : 238.027609,
        "iops_samples" : 7
      },
      "trim" : {
        "io_bytes" : 0,
        "io_kbytes" : 0,
        "bw_bytes" : 0,
        "bw" : 0,
        "iops" : 0.000000,
        "runtime" : 0,
        "total_ios" : 0,
        "short_ios" : 0,
        "drop_ios" : 0,
        "slat_ns" : {
          "min" : 0,
          "max" : 0,
          "mean" : 0.000000,
          "stddev" : 0.000000,
          "N" : 0
        },
        "clat_ns" : {
          "min" : 0,
          "max" : 0,
          "mean" : 0.000000,
          "stddev" : 0.000000,
          "N" : 0
        },
        "lat_ns" : {
          "min" : 0,
          "max" : 0,
          "mean" : 0.000000,
          "stddev" : 0.000000,
          "N" : 0
        },
        "bw_min" : 0,
        "bw_max" : 0,
        "bw_agg" : 0.000000,
        "bw_mean" : 0.000000,
        "bw_dev" : 0.000000,
        "bw_samples" : 0,
        "iops_min" : 0,
        "iops_max" : 0,
        "iops_mean" : 0.000000,
        "iops_stddev" : 0.000000,
        "iops_samples" : 0
      },
      "sync" : {
        "total_ios" : 0,
        "lat_ns" : {
          "min" : 0,
          "max" : 0,
          "mean" : 0.000000,
          "stddev" : 0.000000,
          "N" : 0
        }
      },
      "job_runtime" : 3693,
      "usr_cpu" : 2.870295,
      "sys_cpu" : 30.517195,
      "ctx" : 4570,
      "majf" : 0,
      "minf" : 32,
      "iodepth_level" : {
        "1" : 100.000000,
        "2" : 0.000000,
        "4" : 0.000000,
        "8" : 0.000000,
        "16" : 0.000000,
        "32" : 0.000000,
        ">=64" : 0.000000
      },
      "iodepth_submit" : {
        "0" : 0.000000,
        "4" : 100.000000,
        "8" : 0.000000,
        "16" : 0.000000,
        "32" : 0.000000,
        "64" : 0.000000,
        ">=64" : 0.000000
      },
      "iodepth_complete" : {
        "0" : 0.000000,
        "4" : 100.000000,
        "8" : 0.000000,
        "16" : 0.000000,
        "32" : 0.000000,
        "64" : 0.000000,
        ">=64" : 0.000000
      },
      "latency_ns" : {
        "2" : 0.000000,
        "4" : 0.000000,
        "10" : 0.000000,
        "20" : 0.000000,
        "50" : 0.000000,
        "100" : 0.000000,
        "250" : 0.000000,
        "500" : 0.000000,
        "750" : 0.000000,
        "1000" : 0.000000
      },
      "latency_us" : {
        "2" : 0.000000,
        "4" : 0.000000,
        "10" : 30.957650,
        "20" : 13.979397,
        "50" : 17.794735,
        "100" : 5.288058,
        "250" : 0.480733,
        "500" : 4.082411,
        "750" : 16.405952,
        "1000" : 6.531858
      },
      "latency_ms" : {
        "2" : 2.556276,
        "4" : 1.793209,
        "10" : 0.122091,
        "20" : 0.010000,
        "50" : 0.000000,
        "100" : 0.000000,
        "250" : 0.000000,
        "500" : 0.000000,
        "750" : 0.000000,
        "1000" : 0.000000,
        "2000" : 0.000000,
        ">=2000" : 0.000000
      },
      "latency_depth" : 1,
      "latency_target" : 0,
      "latency_percentile" : 100.000000,
      "latency_window" : 0
    }
  ]
}
