{
  "fio version" : "fio-3.38",
  "timestamp" : 1730042422,
  "timestamp_ms" : 1730042422456,
  "time" : "Sun Oct 27 16:20:22 2024",
  "jobs" : [
    {
      "jobname" : "Exo3_2_bssplit_rep_1",
      "groupid" : 0,
      "job_start" : 1730042418703,
      "error" : 0,
      "eta" : 0,
      "elapsed" : 4,
      "job options" : {
        "name" : "Exo3_2_bssplit_rep_1",
        "runtime" : "60",
        "numjobs" : "1",
        "bssplit" : "64k:30,256k:40,512k:20,1m:10",
        "filesize" : "1G",
        "direct" : "1",
        "rw" : "write"
      },
      "read" : {
        "io_bytes" : 0,
        "io_kbytes" : 0,
        "bw_bytes" : 0,
        "bw" : 0,
        "iops" : 0.000000,
        "runtime" : 0,
        "total_ios" : 0,
        "short_ios" : 0,
        "drop_ios" : 0,
        "slat_ns" : {
          "min" : 0,
          "max" : 0,
          "mean" : 0.000000,
          "stddev" : 0.000000,
          "N" : 0
        },
        "clat_ns" : {
          "min" : 0,
          "max" : 0,
          "mean" : 0.000000,
          "stddev" : 0.000000,
          "N" : 0
        },
        "lat_ns" : {
          "min" : 0,
          "max" : 0,
          "mean" : 0.000000,
          "stddev" : 0.000000,
          "N" : 0
        },
        "bw_min" : 0,
        "bw_max" : 0,
        "bw_agg" : 0.000000,
        "bw_mean" : 0.000000,
        "bw_dev" : 0.000000,
        "bw_samples" : 0,
        "iops_min" : 0,
        "iops_max" : 0,
        "iops_mean" : 0.000000,
        "iops_stddev" : 0.000000,
        "iops_samples" : 0
      },
      "write" : {
        "io_bytes" : 1073741800,
        "io_kbytes" : 1048575,
        "bw_bytes" : 301274354,
        "bw" : 294213,
        "iops" : 3677.048260,
        "runtime" : 3564,
        "total_ios" : 13105,
        "short_ios" : 0,
        "drop_ios" : 0,
        "slat_ns" : {
          "min" : 0,
          "max" : 0,
          "mean" : 0.000000,
          "stddev" : 0.000000,
          "N" : 0
        },
        "clat_ns" : {
          "min" : 9000,
          "max" : 5945000,
          "mean" : 266232.811904,
          "stddev" : 510170.492455,
          "N" : 13105,
          "percentile" : {
            "1.000000" : 9024,
            "5.000000" : 9024,
            "10.000000" : 9024,
            "20.000000" : 9024,
            "30.000000" : 10048,
            "40.000000" : 15040,
            "50.000000" : 21120,
            "60.000000" : 33024,
            "70.000000" : 362496,
            "80.000000" : 577536,
            "90.000000" : 733184,
            "95.000000" : 888832,
            "99.000000" : 3031040,
            "99.500000" : 3194880,
            "99.900000" : 4014080,
            "99.950000" : 4358144,
            "99.990000" : 5275648
          }
        },
        "lat_ns" : {
          "min" : 9000,
          "max" : 5949000,
          "mean" : 268218.847768,
          "stddev" : 512065.246996,
          "N" : 13105
        },
        "bw_min" : 254993,
        "bw_max" : 353817,
        "bw_agg" : 100.000000,
        "bw_mean" : 298310.571429,
        "bw_dev" : 30582.765075,
        "bw_samples" : 7,
        "iops_min" : 2090,
        "iops_max" : 2876,
        "iops_mean" : 2349.714286,
        "iops_stddev" : 264.349336,
        "iops_samples" : 7
      },
      "trim" : {
        "io_bytes" : 0,
        "io_kbytes" : 0,
        "bw_bytes" : 0,
        "bw" : 0,
        "iops" : 0.000000,
        "runtime" : 0,
        "total_ios" : 0,
        "short_ios" : 0,
        "drop_ios" : 0,
        "slat_ns" : {
          "min" : 0,
          "max" : 0,
          "mean" : 0.000000,
          "stddev" : 0.000000,
          "N" : 0
        },
        "clat_ns" : {
          "min" : 0,
          "max" : 0,
          "mean" : 0.000000,
          "stddev" : 0.000000,
          "N" : 0
        },
        "lat_ns" : {
          "min" : 0,
          "max" : 0,
          "mean" : 0.000000,
          "stddev" : 0.000000,
          "N" : 0
        },
        "bw_min" : 0,
        "bw_max" : 0,
        "bw_agg" : 0.000000,
        "bw_mean" : 0.000000,
        "bw_dev" : 0.000000,
        "bw_samples" : 0,
        "iops_min" : 0,
        "iops_max" : 0,
        "iops_mean" : 0.000000,
        "iops_stddev" : 0.000000,
        "iops_samples" : 0
      },
      "sync" : {
        "total_ios" : 0,
        "lat_ns" : {
          "min" : 0,
          "max" : 0,
          "mean" : 0.000000,
          "stddev" : 0.000000,
          "N" : 0
        }
      },
      "job_runtime" : 3563,
      "usr_cpu" : 2.834690,
      "sys_cpu" : 30.592198,
      "ctx" : 4643,
      "majf" : 5,
      "minf" : 29,
      "iodepth_level" : {
        "1" : 100.000000,
        "2" : 0.000000,
        "4" : 0.000000,
        "8" : 0.000000,
        "16" : 0.000000,
        "32" : 0.000000,
        ">=64" : 0.000000
      },
      "iodepth_submit" : {
        "0" : 0.000000,
        "4" : 100.000000,
        "8" : 0.000000,
        "16" : 0.000000,
        "32" : 0.000000,
        "64" : 0.000000,
        ">=64" : 0.000000
      },
      "iodepth_complete" : {
        "0" : 0.000000,
        "4" : 100.000000,
        "8" : 0.000000,
        "16" : 0.000000,
        "32" : 0.000000,
        "64" : 0.000000,
        ">=64" : 0.000000
      },
      "latency_ns" : {
        "2" : 0.000000,
        "4" : 0.000000,
        "10" : 0.000000,
        "20" : 0.000000,
        "50" : 0.000000,
        "100" : 0.000000,
        "250" : 0.000000,
        "500" : 0.000000,
        "750" : 0.000000,
        "1000" : 0.000000
      },
      "latency_us" : {
        "2" : 0.000000,
        "4" : 0.000000,
        "10" : 23.449065,
        "20" : 20.694391,
        "50" : 19.145364,
        "100" : 4.891263,
        "250" : 0.373903,
        "500" : 6.043495,
        "750" : 15.795498,
        "1000" : 5.547501
      },
      "latency_ms" : {
        "2" : 2.174742,
        "4" : 1.777947,
        "10" : 0.106829,
        "20" : 0.000000,
        "50" : 0.000000,
        "100" : 0.000000,
        "250" : 0.000000,
        "500" : 0.000000,
        "750" : 0.000000,
        "1000" : 0.000000,
        "2000" : 0.000000,
        ">=2000" : 0.000000
      },
      "latency_depth" : 1,
      "latency_target" : 0,
      "latency_percentile" : 100.000000,
      "latency_window" : 0
    }
  ]
}
