{
  "fio version" : "fio-3.38",
  "timestamp" : 1729842965,
  "timestamp_ms" : 1729842965813,
  "time" : "Fri Oct 25 09:56:05 2024",
  "jobs" : [
    {
      "jobname" : "Exo1_rand_75_rep_1",
      "groupid" : 0,
      "job_start" : 1729842957791,
      "error" : 0,
      "eta" : 0,
      "elapsed" : 9,
      "job options" : {
        "name" : "Exo1_rand_75_rep_1",
        "runtime" : "60",
        "numjobs" : "1",
        "rwmixwrite" : "75",
        "bs" : "16k",
        "filesize" : "1G",
        "direct" : "1",
        "rw" : "randrw"
      },
      "read" : {
        "io_bytes" : 268910592,
        "io_kbytes" : 262608,
        "bw_bytes" : 33859303,
        "bw" : 33065,
        "iops" : 2066.607907,
        "runtime" : 7942,
        "total_ios" : 16413,
        "short_ios" : 0,
        "drop_ios" : 0,
        "slat_ns" : {
          "min" : 0,
          "max" : 0,
          "mean" : 0.000000,
          "stddev" : 0.000000,
          "N" : 0
        },
        "clat_ns" : {
          "min" : 4000,
          "max" : 5133000,
          "mean" : 180121.489064,
          "stddev" : 248507.155768,
          "N" : 16413,
          "percentile" : {
            "1.000000" : 5024,
            "5.000000" : 5984,
            "10.000000" : 7008,
            "20.000000" : 8032,
            "30.000000" : 10944,
            "40.000000" : 150528,
            "50.000000" : 189440,
            "60.000000" : 205824,
            "70.000000" : 226304,
            "80.000000" : 254976,
            "90.000000" : 280576,
            "95.000000" : 313344,
            "99.000000" : 1433600,
            "99.500000" : 1826816,
            "99.900000" : 2310144,
            "99.950000" : 3096576,
            "99.990000" : 4227072
          }
        },
        "lat_ns" : {
          "min" : 4000,
          "max" : 5133000,
          "mean" : 180434.168038,
          "stddev" : 248519.061868,
          "N" : 16413
        },
        "bw_min" : 27040,
        "bw_max" : 41996,
        "bw_agg" : 100.000000,
        "bw_mean" : 33314.466667,
        "bw_dev" : 5715.889868,
        "bw_samples" : 15,
        "iops_min" : 1690,
        "iops_max" : 2624,
        "iops_mean" : 2081.933333,
        "iops_stddev" : 357.134522,
        "iops_samples" : 15
      },
      "write" : {
        "io_bytes" : 804831232,
        "io_kbytes" : 785968,
        "bw_bytes" : 101338608,
        "bw" : 98963,
        "iops" : 6185.217829,
        "runtime" : 7942,
        "total_ios" : 49123,
        "short_ios" : 0,
        "drop_ios" : 0,
        "slat_ns" : {
          "min" : 0,
          "max" : 0,
          "mean" : 0.000000,
          "stddev" : 0.000000,
          "N" : 0
        },
        "clat_ns" : {
          "min" : 47000,
          "max" : 7640000,
          "mean" : 97150.479409,
          "stddev" : 55586.165398,
          "N" : 49123,
          "percentile" : {
            "1.000000" : 51968,
            "5.000000" : 51968,
            "10.000000" : 52992,
            "20.000000" : 54016,
            "30.000000" : 60160,
            "40.000000" : 82432,
            "50.000000" : 98816,
            "60.000000" : 108032,
            "70.000000" : 119296,
            "80.000000" : 122368,
            "90.000000" : 142336,
            "95.000000" : 152576,
            "99.000000" : 218112,
            "99.500000" : 259072,
            "99.900000" : 354304,
            "99.950000" : 428032,
            "99.990000" : 1581056
          }
        },
        "lat_ns" : {
          "min" : 47000,
          "max" : 7640000,
          "mean" : 97699.407609,
          "stddev" : 55658.086143,
          "N" : 49123
        },
        "bw_min" : 80570,
        "bw_max" : 123369,
        "bw_agg" : 100.000000,
        "bw_mean" : 99625.466667,
        "bw_dev" : 16535.502199,
        "bw_samples" : 15,
        "iops_min" : 5035,
        "iops_max" : 7710,
        "iops_mean" : 6226.466667,
        "iops_stddev" : 1033.443472,
        "iops_samples" : 15
      },
      "trim" : {
        "io_bytes" : 0,
        "io_kbytes" : 0,
        "bw_bytes" : 0,
        "bw" : 0,
        "iops" : 0.000000,
        "runtime" : 0,
        "total_ios" : 0,
        "short_ios" : 0,
        "drop_ios" : 0,
        "slat_ns" : {
          "min" : 0,
          "max" : 0,
          "mean" : 0.000000,
          "stddev" : 0.000000,
          "N" : 0
        },
        "clat_ns" : {
          "min" : 0,
          "max" : 0,
          "mean" : 0.000000,
          "stddev" : 0.000000,
          "N" : 0
        },
        "lat_ns" : {
          "min" : 0,
          "max" : 0,
          "mean" : 0.000000,
          "stddev" : 0.000000,
          "N" : 0
        },
        "bw_min" : 0,
        "bw_max" : 0,
        "bw_agg" : 0.000000,
        "bw_mean" : 0.000000,
        "bw_dev" : 0.000000,
        "bw_samples" : 0,
        "iops_min" : 0,
        "iops_max" : 0,
        "iops_mean" : 0.000000,
        "iops_stddev" : 0.000000,
        "iops_samples" : 0
      },
      "sync" : {
        "total_ios" : 0,
        "lat_ns" : {
          "min" : 0,
          "max" : 0,
          "mean" : 0.000000,
          "stddev" : 0.000000,
          "N" : 0
        }
      },
      "job_runtime" : 7941,
      "usr_cpu" : 3.626747,
      "sys_cpu" : 30.499937,
      "ctx" : 60190,
      "majf" : 0,
      "minf" : 36,
      "iodepth_level" : {
        "1" : 100.000000,
        "2" : 0.000000,
        "4" : 0.000000,
        "8" : 0.000000,
        "16" : 0.000000,
        "32" : 0.000000,
        ">=64" : 0.000000
      },
      "iodepth_submit" : {
        "0" : 0.000000,
        "4" : 100.000000,
        "8" : 0.000000,
        "16" : 0.000000,
        "32" : 0.000000,
        "64" : 0.000000,
        ">=64" : 0.000000
      },
      "iodepth_complete" : {
        "0" : 0.000000,
        "4" : 100.000000,
        "8" : 0.000000,
        "16" : 0.000000,
        "32" : 0.000000,
        "64" : 0.000000,
        ">=64" : 0.000000
      },
      "latency_ns" : {
        "2" : 0.000000,
        "4" : 0.000000,
        "10" : 0.000000,
        "20" : 0.000000,
        "50" : 0.000000,
        "100" : 0.000000,
        "250" : 0.000000,
        "500" : 0.000000,
        "750" : 0.000000,
        "1000" : 0.000000
      },
      "latency_us" : {
        "2" : 0.000000,
        "4" : 0.000000,
        "10" : 6.324768,
        "20" : 2.020264,
        "50" : 0.425720,
        "100" : 37.541199,
        "250" : 47.770691,
        "500" : 5.186462,
        "750" : 0.082397,
        "1000" : 0.115967
      },
      "latency_ms" : {
        "2" : 0.456238,
        "4" : 0.071716,
        "10" : 0.010000,
        "20" : 0.000000,
        "50" : 0.000000,
        "100" : 0.000000,
        "250" : 0.000000,
        "500" : 0.000000,
        "750" : 0.000000,
        "1000" : 0.000000,
        "2000" : 0.000000,
        ">=2000" : 0.000000
      },
      "latency_depth" : 1,
      "latency_target" : 0,
      "latency_percentile" : 100.000000,
      "latency_window" : 0
    }
  ]
}
