{
  "fio version" : "fio-3.38",
  "timestamp" : 1729842934,
  "timestamp_ms" : 1729842934644,
  "time" : "Fri Oct 25 09:55:34 2024",
  "jobs" : [
    {
      "jobname" : "Exo1_rand_62.5_rep_3",
      "groupid" : 0,
      "job_start" : 1729842925440,
      "error" : 0,
      "eta" : 0,
      "elapsed" : 10,
      "job options" : {
        "name" : "Exo1_rand_62.5_rep_3",
        "runtime" : "60",
        "numjobs" : "1",
        "rwmixwrite" : "62.5",
        "bs" : "16k",
        "filesize" : "1G",
        "direct" : "1",
        "rw" : "randrw"
      },
      "read" : {
        "io_bytes" : 407207936,
        "io_kbytes" : 397664,
        "bw_bytes" : 44329189,
        "bw" : 43290,
        "iops" : 2705.639016,
        "runtime" : 9186,
        "total_ios" : 24854,
        "short_ios" : 0,
        "drop_ios" : 0,
        "slat_ns" : {
          "min" : 0,
          "max" : 0,
          "mean" : 0.000000,
          "stddev" : 0.000000,
          "N" : 0
        },
        "clat_ns" : {
          "min" : 4000,
          "max" : 5053000,
          "mean" : 171684.839462,
          "stddev" : 208658.720615,
          "N" : 24854,
          "percentile" : {
            "1.000000" : 5024,
            "5.000000" : 7008,
            "10.000000" : 8032,
            "20.000000" : 9024,
            "30.000000" : 10048,
            "40.000000" : 144384,
            "50.000000" : 199680,
            "60.000000" : 224256,
            "70.000000" : 246784,
            "80.000000" : 259072,
            "90.000000" : 276480,
            "95.000000" : 296960,
            "99.000000" : 1171456,
            "99.500000" : 1368064,
            "99.900000" : 2113536,
            "99.950000" : 2342912,
            "99.990000" : 4358144
          }
        },
        "lat_ns" : {
          "min" : 4000,
          "max" : 5053000,
          "mean" : 172048.201497,
          "stddev" : 208669.394299,
          "N" : 24854
        },
        "bw_min" : 38656,
        "bw_max" : 48830,
        "bw_agg" : 99.860884,
        "bw_mean" : 43230.111111,
        "bw_dev" : 2908.822278,
        "bw_samples" : 18,
        "iops_min" : 2416,
        "iops_max" : 3051,
        "iops_mean" : 2701.555556,
        "iops_stddev" : 181.718341,
        "iops_samples" : 18
      },
      "write" : {
        "io_bytes" : 666533888,
        "io_kbytes" : 650912,
        "bw_bytes" : 72559752,
        "bw" : 70859,
        "iops" : 4428.695841,
        "runtime" : 9186,
        "total_ios" : 40682,
        "short_ios" : 0,
        "drop_ios" : 0,
        "slat_ns" : {
          "min" : 0,
          "max" : 0,
          "mean" : 0.000000,
          "stddev" : 0.000000,
          "N" : 0
        },
        "clat_ns" : {
          "min" : 49000,
          "max" : 1958000,
          "mean" : 114964.431444,
          "stddev" : 32775.252717,
          "N" : 40682,
          "percentile" : {
            "1.000000" : 52992,
            "5.000000" : 59136,
            "10.000000" : 76288,
            "20.000000" : 96768,
            "30.000000" : 107008,
            "40.000000" : 118272,
            "50.000000" : 119296,
            "60.000000" : 120320,
            "70.000000" : 121344,
            "80.000000" : 130560,
            "90.000000" : 142336,
            "95.000000" : 148480,
            "99.000000" : 195584,
            "99.500000" : 230400,
            "99.900000" : 342016,
            "99.950000" : 362496,
            "99.990000" : 708608
          }
        },
        "lat_ns" : {
          "min" : 50000,
          "max" : 1959000,
          "mean" : 115609.040853,
          "stddev" : 32848.253572,
          "N" : 40682
        },
        "bw_min" : 64448,
        "bw_max" : 78946,
        "bw_agg" : 99.798004,
        "bw_mean" : 70716.277778,
        "bw_dev" : 4740.811966,
        "bw_samples" : 18,
        "iops_min" : 4028,
        "iops_max" : 4934,
        "iops_mean" : 4419.555556,
        "iops_stddev" : 296.342255,
        "iops_samples" : 18
      },
      "trim" : {
        "io_bytes" : 0,
        "io_kbytes" : 0,
        "bw_bytes" : 0,
        "bw" : 0,
        "iops" : 0.000000,
        "runtime" : 0,
        "total_ios" : 0,
        "short_ios" : 0,
        "drop_ios" : 0,
        "slat_ns" : {
          "min" : 0,
          "max" : 0,
          "mean" : 0.000000,
          "stddev" : 0.000000,
          "N" : 0
        },
        "clat_ns" : {
          "min" : 0,
          "max" : 0,
          "mean" : 0.000000,
          "stddev" : 0.000000,
          "N" : 0
        },
        "lat_ns" : {
          "min" : 0,
          "max" : 0,
          "mean" : 0.000000,
          "stddev" : 0.000000,
          "N" : 0
        },
        "bw_min" : 0,
        "bw_max" : 0,
        "bw_agg" : 0.000000,
        "bw_mean" : 0.000000,
        "bw_dev" : 0.000000,
        "bw_samples" : 0,
        "iops_min" : 0,
        "iops_max" : 0,
        "iops_mean" : 0.000000,
        "iops_stddev" : 0.000000,
        "iops_samples" : 0
      },
      "sync" : {
        "total_ios" : 0,
        "lat_ns" : {
          "min" : 0,
          "max" : 0,
          "mean" : 0.000000,
          "stddev" : 0.000000,
          "N" : 0
        }
      },
      "job_runtime" : 9185,
      "usr_cpu" : 3.636364,
      "sys_cpu" : 28.873163,
      "ctx" : 56410,
      "majf" : 0,
      "minf" : 34,
      "iodepth_level" : {
        "1" : 100.000000,
        "2" : 0.000000,
        "4" : 0.000000,
        "8" : 0.000000,
        "16" : 0.000000,
        "32" : 0.000000,
        ">=64" : 0.000000
      },
      "iodepth_submit" : {
        "0" : 0.000000,
        "4" : 100.000000,
        "8" : 0.000000,
        "16" : 0.000000,
        "32" : 0.000000,
        "64" : 0.000000,
        ">=64" : 0.000000
      },
      "iodepth_complete" : {
        "0" : 0.000000,
        "4" : 100.000000,
        "8" : 0.000000,
        "16" : 0.000000,
        "32" : 0.000000,
        "64" : 0.000000,
        ">=64" : 0.000000
      },
      "latency_ns" : {
        "2" : 0.000000,
        "4" : 0.000000,
        "10" : 0.000000,
        "20" : 0.000000,
        "50" : 0.000000,
        "100" : 0.000000,
        "250" : 0.000000,
        "500" : 0.000000,
        "750" : 0.000000,
        "1000" : 0.000000
      },
      "latency_us" : {
        "2" : 0.000000,
        "4" : 0.000000,
        "10" : 7.977295,
        "20" : 5.773926,
        "50" : 0.614929,
        "100" : 13.235474,
        "250" : 61.306763,
        "500" : 10.202026,
        "750" : 0.143433,
        "1000" : 0.160217
      },
      "latency_ms" : {
        "2" : 0.538635,
        "4" : 0.042725,
        "10" : 0.010000,
        "20" : 0.000000,
        "50" : 0.000000,
        "100" : 0.000000,
        "250" : 0.000000,
        "500" : 0.000000,
        "750" : 0.000000,
        "1000" : 0.000000,
        "2000" : 0.000000,
        ">=2000" : 0.000000
      },
      "latency_depth" : 1,
      "latency_target" : 0,
      "latency_percentile" : 100.000000,
      "latency_window" : 0
    }
  ]
}
