{
  "fio version" : "fio-3.38",
  "timestamp" : 1729842521,
  "timestamp_ms" : 1729842521655,
  "time" : "Fri Oct 25 09:48:41 2024",
  "jobs" : [
    {
      "jobname" : "Exo1_seq_62.5_rep_1",
      "groupid" : 0,
      "job_start" : 1729842515411,
      "error" : 0,
      "eta" : 0,
      "elapsed" : 7,
      "job options" : {
        "name" : "Exo1_seq_62.5_rep_1",
        "runtime" : "60",
        "numjobs" : "1",
        "rwmixwrite" : "62.5",
        "bs" : "16k",
        "filesize" : "1G",
        "direct" : "1",
        "rw" : "rw"
      },
      "read" : {
        "io_bytes" : 407207936,
        "io_kbytes" : 397664,
        "bw_bytes" : 66548118,
        "bw" : 64988,
        "iops" : 4061.774800,
        "runtime" : 6119,
        "total_ios" : 24854,
        "short_ios" : 0,
        "drop_ios" : 0,
        "slat_ns" : {
          "min" : 0,
          "max" : 0,
          "mean" : 0.000000,
          "stddev" : 0.000000,
          "N" : 0
        },
        "clat_ns" : {
          "min" : 9000,
          "max" : 4926000,
          "mean" : 106667.659129,
          "stddev" : 161173.016829,
          "N" : 24854,
          "percentile" : {
            "1.000000" : 37120,
            "5.000000" : 38144,
            "10.000000" : 38144,
            "20.000000" : 39168,
            "30.000000" : 40192,
            "40.000000" : 44800,
            "50.000000" : 69120,
            "60.000000" : 85504,
            "70.000000" : 114176,
            "80.000000" : 148480,
            "90.000000" : 201728,
            "95.000000" : 242688,
            "99.000000" : 864256,
            "99.500000" : 1269760,
            "99.900000" : 2039808,
            "99.950000" : 2441216,
            "99.990000" : 3620864
          }
        },
        "lat_ns" : {
          "min" : 10000,
          "max" : 4926000,
          "mean" : 106897.601996,
          "stddev" : 161178.576096,
          "N" : 24854
        },
        "bw_min" : 51776,
        "bw_max" : 89466,
        "bw_agg" : 100.000000,
        "bw_mean" : 65177.250000,
        "bw_dev" : 10513.491221,
        "bw_samples" : 12,
        "iops_min" : 3236,
        "iops_max" : 5591,
        "iops_mean" : 4073.500000,
        "iops_stddev" : 656.989207,
        "iops_samples" : 12
      },
      "write" : {
        "io_bytes" : 666533888,
        "io_kbytes" : 650912,
        "bw_bytes" : 108928564,
        "bw" : 106375,
        "iops" : 6648.471973,
        "runtime" : 6119,
        "total_ios" : 40682,
        "short_ios" : 0,
        "drop_ios" : 0,
        "slat_ns" : {
          "min" : 0,
          "max" : 0,
          "mean" : 0.000000,
          "stddev" : 0.000000,
          "N" : 0
        },
        "clat_ns" : {
          "min" : 48000,
          "max" : 2452000,
          "mean" : 80767.390984,
          "stddev" : 38687.496646,
          "N" : 40682,
          "percentile" : {
            "1.000000" : 49920,
            "5.000000" : 50944,
            "10.000000" : 50944,
            "20.000000" : 51968,
            "30.000000" : 52992,
            "40.000000" : 55040,
            "50.000000" : 64256,
            "60.000000" : 85504,
            "70.000000" : 97792,
            "80.000000" : 120320,
            "90.000000" : 129536,
            "95.000000" : 134144,
            "99.000000" : 144384,
            "99.500000" : 148480,
            "99.900000" : 203776,
            "99.950000" : 301056,
            "99.990000" : 1351680
          }
        },
        "lat_ns" : {
          "min" : 49000,
          "max" : 2453000,
          "mean" : 81265.104960,
          "stddev" : 38746.359794,
          "N" : 40682
        },
        "bw_min" : 83936,
        "bw_max" : 149864,
        "bw_agg" : 100.000000,
        "bw_mean" : 106672.750000,
        "bw_dev" : 17752.584432,
        "bw_samples" : 12,
        "iops_min" : 5246,
        "iops_max" : 9366,
        "iops_mean" : 6667.000000,
        "iops_stddev" : 1109.431140,
        "iops_samples" : 12
      },
      "trim" : {
        "io_bytes" : 0,
        "io_kbytes" : 0,
        "bw_bytes" : 0,
        "bw" : 0,
        "iops" : 0.000000,
        "runtime" : 0,
        "total_ios" : 0,
        "short_ios" : 0,
        "drop_ios" : 0,
        "slat_ns" : {
          "min" : 0,
          "max" : 0,
          "mean" : 0.000000,
          "stddev" : 0.000000,
          "N" : 0
        },
        "clat_ns" : {
          "min" : 0,
          "max" : 0,
          "mean" : 0.000000,
          "stddev" : 0.000000,
          "N" : 0
        },
        "lat_ns" : {
          "min" : 0,
          "max" : 0,
          "mean" : 0.000000,
          "stddev" : 0.000000,
          "N" : 0
        },
        "bw_min" : 0,
        "bw_max" : 0,
        "bw_agg" : 0.000000,
        "bw_mean" : 0.000000,
        "bw_dev" : 0.000000,
        "bw_samples" : 0,
        "iops_min" : 0,
        "iops_max" : 0,
        "iops_mean" : 0.000000,
        "iops_stddev" : 0.000000,
        "iops_samples" : 0
      },
      "sync" : {
        "total_ios" : 0,
        "lat_ns" : {
          "min" : 0,
          "max" : 0,
          "mean" : 0.000000,
          "stddev" : 0.000000,
          "N" : 0
        }
      },
      "job_runtime" : 6118,
      "usr_cpu" : 3.922851,
      "sys_cpu" : 37.626675,
      "ctx" : 65700,
      "majf" : 0,
      "minf" : 31,
      "iodepth_level" : {
        "1" : 100.000000,
        "2" : 0.000000,
        "4" : 0.000000,
        "8" : 0.000000,
        "16" : 0.000000,
        "32" : 0.000000,
        ">=64" : 0.000000
      },
      "iodepth_submit" : {
        "0" : 0.000000,
        "4" : 100.000000,
        "8" : 0.000000,
        "16" : 0.000000,
        "32" : 0.000000,
        "64" : 0.000000,
        ">=64" : 0.000000
      },
      "iodepth_complete" : {
        "0" : 0.000000,
        "4" : 100.000000,
        "8" : 0.000000,
        "16" : 0.000000,
        "32" : 0.000000,
        "64" : 0.000000,
        ">=64" : 0.000000
      },
      "latency_ns" : {
        "2" : 0.000000,
        "4" : 0.000000,
        "10" : 0.000000,
        "20" : 0.000000,
        "50" : 0.000000,
        "100" : 0.000000,
        "250" : 0.000000,
        "500" : 0.000000,
        "750" : 0.000000,
        "1000" : 0.000000
      },
      "latency_us" : {
        "2" : 0.000000,
        "4" : 0.000000,
        "10" : 0.010000,
        "20" : 0.010000,
        "50" : 17.466736,
        "100" : 50.061035,
        "250" : 30.767822,
        "500" : 1.199341,
        "750" : 0.074768,
        "1000" : 0.094604
      },
      "latency_ms" : {
        "2" : 0.283813,
        "4" : 0.042725,
        "10" : 0.010000,
        "20" : 0.000000,
        "50" : 0.000000,
        "100" : 0.000000,
        "250" : 0.000000,
        "500" : 0.000000,
        "750" : 0.000000,
        "1000" : 0.000000,
        "2000" : 0.000000,
        ">=2000" : 0.000000
      },
      "latency_depth" : 1,
      "latency_target" : 0,
      "latency_percentile" : 100.000000,
      "latency_window" : 0
    }
  ]
}
