{
  "fio version" : "fio-3.38",
  "timestamp" : 1729842452,
  "timestamp_ms" : 1729842452459,
  "time" : "Fri Oct 25 09:47:32 2024",
  "jobs" : [
    {
      "jobname" : "Exo1_seq_37.5_rep_1",
      "groupid" : 0,
      "job_start" : 1729842446960,
      "error" : 0,
      "eta" : 0,
      "elapsed" : 6,
      "job options" : {
        "name" : "Exo1_seq_37.5_rep_1",
        "runtime" : "60",
        "numjobs" : "1",
        "rwmixwrite" : "37.5",
        "bs" : "16k",
        "filesize" : "1G",
        "direct" : "1",
        "rw" : "rw"
      },
      "read" : {
        "io_bytes" : 676413440,
        "io_kbytes" : 660560,
        "bw_bytes" : 127384828,
        "bw" : 124399,
        "iops" : 7774.952919,
        "runtime" : 5310,
        "total_ios" : 41285,
        "short_ios" : 0,
        "drop_ios" : 0,
        "slat_ns" : {
          "min" : 0,
          "max" : 0,
          "mean" : 0.000000,
          "stddev" : 0.000000,
          "N" : 0
        },
        "clat_ns" : {
          "min" : 35000,
          "max" : 5091000,
          "mean" : 85225.965847,
          "stddev" : 117096.374283,
          "N" : 41285,
          "percentile" : {
            "1.000000" : 36096,
            "5.000000" : 37120,
            "10.000000" : 37120,
            "20.000000" : 38144,
            "30.000000" : 39168,
            "40.000000" : 39168,
            "50.000000" : 42240,
            "60.000000" : 69120,
            "70.000000" : 108032,
            "80.000000" : 126464,
            "90.000000" : 156672,
            "95.000000" : 187392,
            "99.000000" : 276480,
            "99.500000" : 897024,
            "99.900000" : 1712128,
            "99.950000" : 1908736,
            "99.990000" : 2998272
          }
        },
        "lat_ns" : {
          "min" : 36000,
          "max" : 5091000,
          "mean" : 85402.010415,
          "stddev" : 117104.901521,
          "N" : 41285
        },
        "bw_min" : 103936,
        "bw_max" : 132160,
        "bw_agg" : 99.108318,
        "bw_mean" : 123290.200000,
        "bw_dev" : 10263.788794,
        "bw_samples" : 10,
        "iops_min" : 6496,
        "iops_max" : 8260,
        "iops_mean" : 7705.600000,
        "iops_stddev" : 641.474551,
        "iops_samples" : 10
      },
      "write" : {
        "io_bytes" : 397328384,
        "io_kbytes" : 388016,
        "bw_bytes" : 74826437,
        "bw" : 73072,
        "iops" : 4567.043315,
        "runtime" : 5310,
        "total_ios" : 24251,
        "short_ios" : 0,
        "drop_ios" : 0,
        "slat_ns" : {
          "min" : 0,
          "max" : 0,
          "mean" : 0.000000,
          "stddev" : 0.000000,
          "N" : 0
        },
        "clat_ns" : {
          "min" : 48000,
          "max" : 495000,
          "mean" : 67068.120902,
          "stddev" : 26927.635338,
          "N" : 24251,
          "percentile" : {
            "1.000000" : 49920,
            "5.000000" : 50944,
            "10.000000" : 50944,
            "20.000000" : 51968,
            "30.000000" : 51968,
            "40.000000" : 51968,
            "50.000000" : 52992,
            "60.000000" : 54016,
            "70.000000" : 58112,
            "80.000000" : 85504,
            "90.000000" : 119296,
            "95.000000" : 126464,
            "99.000000" : 140288,
            "99.500000" : 144384,
            "99.900000" : 240640,
            "99.950000" : 333824,
            "99.990000" : 362496
          }
        },
        "lat_ns" : {
          "min" : 48000,
          "max" : 497000,
          "mean" : 67515.318956,
          "stddev" : 26967.018465,
          "N" : 24251
        },
        "bw_min" : 61696,
        "bw_max" : 78240,
        "bw_agg" : 99.038365,
        "bw_mean" : 72370.900000,
        "bw_dev" : 5409.428691,
        "bw_samples" : 10,
        "iops_min" : 3856,
        "iops_max" : 4890,
        "iops_mean" : 4523.100000,
        "iops_stddev" : 338.084950,
        "iops_samples" : 10
      },
      "trim" : {
        "io_bytes" : 0,
        "io_kbytes" : 0,
        "bw_bytes" : 0,
        "bw" : 0,
        "iops" : 0.000000,
        "runtime" : 0,
        "total_ios" : 0,
        "short_ios" : 0,
        "drop_ios" : 0,
        "slat_ns" : {
          "min" : 0,
          "max" : 0,
          "mean" : 0.000000,
          "stddev" : 0.000000,
          "N" : 0
        },
        "clat_ns" : {
          "min" : 0,
          "max" : 0,
          "mean" : 0.000000,
          "stddev" : 0.000000,
          "N" : 0
        },
        "lat_ns" : {
          "min" : 0,
          "max" : 0,
          "mean" : 0.000000,
          "stddev" : 0.000000,
          "N" : 0
        },
        "bw_min" : 0,
        "bw_max" : 0,
        "bw_agg" : 0.000000,
        "bw_mean" : 0.000000,
        "bw_dev" : 0.000000,
        "bw_samples" : 0,
        "iops_min" : 0,
        "iops_max" : 0,
        "iops_mean" : 0.000000,
        "iops_stddev" : 0.000000,
        "iops_samples" : 0
      },
      "sync" : {
        "total_ios" : 0,
        "lat_ns" : {
          "min" : 0,
          "max" : 0,
          "mean" : 0.000000,
          "stddev" : 0.000000,
          "N" : 0
        }
      },
      "job_runtime" : 5309,
      "usr_cpu" : 4.106235,
      "sys_cpu" : 33.810510,
      "ctx" : 65768,
      "majf" : 0,
      "minf" : 31,
      "iodepth_level" : {
        "1" : 100.000000,
        "2" : 0.000000,
        "4" : 0.000000,
        "8" : 0.000000,
        "16" : 0.000000,
        "32" : 0.000000,
        ">=64" : 0.000000
      },
      "iodepth_submit" : {
        "0" : 0.000000,
        "4" : 100.000000,
        "8" : 0.000000,
        "16" : 0.000000,
        "32" : 0.000000,
        "64" : 0.000000,
        ">=64" : 0.000000
      },
      "iodepth_complete" : {
        "0" : 0.000000,
        "4" : 100.000000,
        "8" : 0.000000,
        "16" : 0.000000,
        "32" : 0.000000,
        "64" : 0.000000,
        ">=64" : 0.000000
      },
      "latency_ns" : {
        "2" : 0.000000,
        "4" : 0.000000,
        "10" : 0.000000,
        "20" : 0.000000,
        "50" : 0.000000,
        "100" : 0.000000,
        "250" : 0.000000,
        "500" : 0.000000,
        "750" : 0.000000,
        "1000" : 0.000000
      },
      "latency_us" : {
        "2" : 0.000000,
        "4" : 0.000000,
        "10" : 0.000000,
        "20" : 0.000000,
        "50" : 34.022522,
        "100" : 41.473389,
        "250" : 23.428345,
        "500" : 0.576782,
        "750" : 0.111389,
        "1000" : 0.128174
      },
      "latency_ms" : {
        "2" : 0.245667,
        "4" : 0.010681,
        "10" : 0.010000,
        "20" : 0.000000,
        "50" : 0.000000,
        "100" : 0.000000,
        "250" : 0.000000,
        "500" : 0.000000,
        "750" : 0.000000,
        "1000" : 0.000000,
        "2000" : 0.000000,
        ">=2000" : 0.000000
      },
      "latency_depth" : 1,
      "latency_target" : 0,
      "latency_percentile" : 100.000000,
      "latency_window" : 0
    }
  ]
}
