{
  "fio version" : "fio-3.38",
  "timestamp" : 1729842617,
  "timestamp_ms" : 1729842617874,
  "time" : "Fri Oct 25 09:50:17 2024",
  "jobs" : [
    {
      "jobname" : "Exo1_seq_87.5_rep_4",
      "groupid" : 0,
      "job_start" : 1729842612359,
      "error" : 0,
      "eta" : 0,
      "elapsed" : 6,
      "job options" : {
        "name" : "Exo1_seq_87.5_rep_4",
        "runtime" : "60",
        "numjobs" : "1",
        "rwmixwrite" : "87.5",
        "bs" : "16k",
        "filesize" : "1G",
        "direct" : "1",
        "rw" : "rw"
      },
      "read" : {
        "io_bytes" : 140673024,
        "io_kbytes" : 137376,
        "bw_bytes" : 26279287,
        "bw" : 25663,
        "iops" : 1603.960396,
        "runtime" : 5353,
        "total_ios" : 8586,
        "short_ios" : 0,
        "drop_ios" : 0,
        "slat_ns" : {
          "min" : 0,
          "max" : 0,
          "mean" : 0.000000,
          "stddev" : 0.000000,
          "N" : 0
        },
        "clat_ns" : {
          "min" : 37000,
          "max" : 4510000,
          "mean" : 122802.352667,
          "stddev" : 231440.426726,
          "N" : 8586,
          "percentile" : {
            "1.000000" : 38144,
            "5.000000" : 38144,
            "10.000000" : 39168,
            "20.000000" : 39168,
            "30.000000" : 40192,
            "40.000000" : 41216,
            "50.000000" : 46848,
            "60.000000" : 93696,
            "70.000000" : 115200,
            "80.000000" : 162816,
            "90.000000" : 220160,
            "95.000000" : 261120,
            "99.000000" : 1351680,
            "99.500000" : 1843200,
            "99.900000" : 2441216,
            "99.950000" : 3457024,
            "99.990000" : 4489216
          }
        },
        "lat_ns" : {
          "min" : 37000,
          "max" : 4510000,
          "mean" : 123062.077801,
          "stddev" : 231438.596325,
          "N" : 8586
        },
        "bw_min" : 23296,
        "bw_max" : 26976,
        "bw_agg" : 98.342516,
        "bw_mean" : 25238.900000,
        "bw_dev" : 1271.152010,
        "bw_samples" : 10,
        "iops_min" : 1456,
        "iops_max" : 1686,
        "iops_mean" : 1577.200000,
        "iops_stddev" : 79.607091,
        "iops_samples" : 10
      },
      "write" : {
        "io_bytes" : 933068800,
        "io_kbytes" : 911200,
        "bw_bytes" : 174307640,
        "bw" : 170222,
        "iops" : 10638.894078,
        "runtime" : 5353,
        "total_ios" : 56950,
        "short_ios" : 0,
        "drop_ios" : 0,
        "slat_ns" : {
          "min" : 0,
          "max" : 0,
          "mean" : 0.000000,
          "stddev" : 0.000000,
          "N" : 0
        },
        "clat_ns" : {
          "min" : 46000,
          "max" : 718000,
          "mean" : 72347.954346,
          "stddev" : 31721.536208,
          "N" : 56950,
          "percentile" : {
            "1.000000" : 49920,
            "5.000000" : 49920,
            "10.000000" : 50944,
            "20.000000" : 50944,
            "30.000000" : 50944,
            "40.000000" : 51968,
            "50.000000" : 51968,
            "60.000000" : 52992,
            "70.000000" : 84480,
            "80.000000" : 103936,
            "90.000000" : 126464,
            "95.000000" : 129536,
            "99.000000" : 140288,
            "99.500000" : 146432,
            "99.900000" : 205824,
            "99.950000" : 280576,
            "99.990000" : 552960
          }
        },
        "lat_ns" : {
          "min" : 47000,
          "max" : 721000,
          "mean" : 72847.006146,
          "stddev" : 31768.112620,
          "N" : 56950
        },
        "bw_min" : 147296,
        "bw_max" : 181472,
        "bw_agg" : 98.371362,
        "bw_mean" : 167450.800000,
        "bw_dev" : 12094.413640,
        "bw_samples" : 10,
        "iops_min" : 9206,
        "iops_max" : 11342,
        "iops_mean" : 10465.500000,
        "iops_stddev" : 755.865104,
        "iops_samples" : 10
      },
      "trim" : {
        "io_bytes" : 0,
        "io_kbytes" : 0,
        "bw_bytes" : 0,
        "bw" : 0,
        "iops" : 0.000000,
        "runtime" : 0,
        "total_ios" : 0,
        "short_ios" : 0,
        "drop_ios" : 0,
        "slat_ns" : {
          "min" : 0,
          "max" : 0,
          "mean" : 0.000000,
          "stddev" : 0.000000,
          "N" : 0
        },
        "clat_ns" : {
          "min" : 0,
          "max" : 0,
          "mean" : 0.000000,
          "stddev" : 0.000000,
          "N" : 0
        },
        "lat_ns" : {
          "min" : 0,
          "max" : 0,
          "mean" : 0.000000,
          "stddev" : 0.000000,
          "N" : 0
        },
        "bw_min" : 0,
        "bw_max" : 0,
        "bw_agg" : 0.000000,
        "bw_mean" : 0.000000,
        "bw_dev" : 0.000000,
        "bw_samples" : 0,
        "iops_min" : 0,
        "iops_max" : 0,
        "iops_mean" : 0.000000,
        "iops_stddev" : 0.000000,
        "iops_samples" : 0
      },
      "sync" : {
        "total_ios" : 0,
        "lat_ns" : {
          "min" : 0,
          "max" : 0,
          "mean" : 0.000000,
          "stddev" : 0.000000,
          "N" : 0
        }
      },
      "job_runtime" : 5352,
      "usr_cpu" : 4.484305,
      "sys_cpu" : 41.461136,
      "ctx" : 65684,
      "majf" : 0,
      "minf" : 31,
      "iodepth_level" : {
        "1" : 100.000000,
        "2" : 0.000000,
        "4" : 0.000000,
        "8" : 0.000000,
        "16" : 0.000000,
        "32" : 0.000000,
        ">=64" : 0.000000
      },
      "iodepth_submit" : {
        "0" : 0.000000,
        "4" : 100.000000,
        "8" : 0.000000,
        "16" : 0.000000,
        "32" : 0.000000,
        "64" : 0.000000,
        ">=64" : 0.000000
      },
      "iodepth_complete" : {
        "0" : 0.000000,
        "4" : 100.000000,
        "8" : 0.000000,
        "16" : 0.000000,
        "32" : 0.000000,
        "64" : 0.000000,
        ">=64" : 0.000000
      },
      "latency_ns" : {
        "2" : 0.000000,
        "4" : 0.000000,
        "10" : 0.000000,
        "20" : 0.000000,
        "50" : 0.000000,
        "100" : 0.000000,
        "250" : 0.000000,
        "500" : 0.000000,
        "750" : 0.000000,
        "1000" : 0.000000
      },
      "latency_us" : {
        "2" : 0.000000,
        "4" : 0.000000,
        "10" : 0.000000,
        "20" : 0.000000,
        "50" : 6.884766,
        "100" : 69.288635,
        "250" : 23.030090,
        "500" : 0.453186,
        "750" : 0.067139,
        "1000" : 0.050354
      },
      "latency_ms" : {
        "2" : 0.172424,
        "4" : 0.050354,
        "10" : 0.010000,
        "20" : 0.000000,
        "50" : 0.000000,
        "100" : 0.000000,
        "250" : 0.000000,
        "500" : 0.000000,
        "750" : 0.000000,
        "1000" : 0.000000,
        "2000" : 0.000000,
        ">=2000" : 0.000000
      },
      "latency_depth" : 1,
      "latency_target" : 0,
      "latency_percentile" : 100.000000,
      "latency_window" : 0
    }
  ]
}
