{
  "fio version" : "fio-3.38",
  "timestamp" : 1729842590,
  "timestamp_ms" : 1729842590258,
  "time" : "Fri Oct 25 09:49:50 2024",
  "jobs" : [
    {
      "jobname" : "Exo1_seq_75_rep_5",
      "groupid" : 0,
      "job_start" : 1729842584027,
      "error" : 0,
      "eta" : 0,
      "elapsed" : 7,
      "job options" : {
        "name" : "Exo1_seq_75_rep_5",
        "runtime" : "60",
        "numjobs" : "1",
        "rwmixwrite" : "75",
        "bs" : "16k",
        "filesize" : "1G",
        "direct" : "1",
        "rw" : "rw"
      },
      "read" : {
        "io_bytes" : 268910592,
        "io_kbytes" : 262608,
        "bw_bytes" : 43323762,
        "bw" : 42308,
        "iops" : 2644.272595,
        "runtime" : 6207,
        "total_ios" : 16413,
        "short_ios" : 0,
        "drop_ios" : 0,
        "slat_ns" : {
          "min" : 0,
          "max" : 0,
          "mean" : 0.000000,
          "stddev" : 0.000000,
          "N" : 0
        },
        "clat_ns" : {
          "min" : 37000,
          "max" : 4861000,
          "mean" : 115099.798940,
          "stddev" : 180913.271767,
          "N" : 16413,
          "percentile" : {
            "1.000000" : 38144,
            "5.000000" : 39168,
            "10.000000" : 39168,
            "20.000000" : 40192,
            "30.000000" : 41216,
            "40.000000" : 42752,
            "50.000000" : 70144,
            "60.000000" : 111104,
            "70.000000" : 116224,
            "80.000000" : 156672,
            "90.000000" : 218112,
            "95.000000" : 261120,
            "99.000000" : 954368,
            "99.500000" : 1384448,
            "99.900000" : 2179072,
            "99.950000" : 2605056,
            "99.990000" : 4112384
          }
        },
        "lat_ns" : {
          "min" : 37000,
          "max" : 4862000,
          "mean" : 115356.973131,
          "stddev" : 180913.943165,
          "N" : 16413
        },
        "bw_min" : 35512,
        "bw_max" : 47680,
        "bw_agg" : 99.493336,
        "bw_mean" : 42094.750000,
        "bw_dev" : 4219.027810,
        "bw_samples" : 12,
        "iops_min" : 2219,
        "iops_max" : 2980,
        "iops_mean" : 2630.750000,
        "iops_stddev" : 263.743720,
        "iops_samples" : 12
      },
      "write" : {
        "io_bytes" : 804831232,
        "io_kbytes" : 785968,
        "bw_bytes" : 129665092,
        "bw" : 126626,
        "iops" : 7914.129209,
        "runtime" : 6207,
        "total_ios" : 49123,
        "short_ios" : 0,
        "drop_ios" : 0,
        "slat_ns" : {
          "min" : 0,
          "max" : 0,
          "mean" : 0.000000,
          "stddev" : 0.000000,
          "N" : 0
        },
        "clat_ns" : {
          "min" : 47000,
          "max" : 755000,
          "mean" : 84177.432160,
          "stddev" : 34453.298136,
          "N" : 49123,
          "percentile" : {
            "1.000000" : 50944,
            "5.000000" : 50944,
            "10.000000" : 50944,
            "20.000000" : 51968,
            "30.000000" : 52992,
            "40.000000" : 54016,
            "50.000000" : 77312,
            "60.000000" : 95744,
            "70.000000" : 104960,
            "80.000000" : 125440,
            "90.000000" : 129536,
            "95.000000" : 132096,
            "99.000000" : 146432,
            "99.500000" : 150528,
            "99.900000" : 236544,
            "99.950000" : 329728,
            "99.990000" : 552960
          }
        },
        "lat_ns" : {
          "min" : 48000,
          "max" : 757000,
          "mean" : 84684.669096,
          "stddev" : 34498.633079,
          "N" : 49123
        },
        "bw_min" : 108800,
        "bw_max" : 141728,
        "bw_agg" : 99.615351,
        "bw_mean" : 126139.583333,
        "bw_dev" : 11984.974149,
        "bw_samples" : 12,
        "iops_min" : 6800,
        "iops_max" : 8858,
        "iops_mean" : 7883.583333,
        "iops_stddev" : 749.020871,
        "iops_samples" : 12
      },
      "trim" : {
        "io_bytes" : 0,
        "io_kbytes" : 0,
        "bw_bytes" : 0,
        "bw" : 0,
        "iops" : 0.000000,
        "runtime" : 0,
        "total_ios" : 0,
        "short_ios" : 0,
        "drop_ios" : 0,
        "slat_ns" : {
          "min" : 0,
          "max" : 0,
          "mean" : 0.000000,
          "stddev" : 0.000000,
          "N" : 0
        },
        "clat_ns" : {
          "min" : 0,
          "max" : 0,
          "mean" : 0.000000,
          "stddev" : 0.000000,
          "N" : 0
        },
        "lat_ns" : {
          "min" : 0,
          "max" : 0,
          "mean" : 0.000000,
          "stddev" : 0.000000,
          "N" : 0
        },
        "bw_min" : 0,
        "bw_max" : 0,
        "bw_agg" : 0.000000,
        "bw_mean" : 0.000000,
        "bw_dev" : 0.000000,
        "bw_samples" : 0,
        "iops_min" : 0,
        "iops_max" : 0,
        "iops_mean" : 0.000000,
        "iops_stddev" : 0.000000,
        "iops_samples" : 0
      },
      "sync" : {
        "total_ios" : 0,
        "lat_ns" : {
          "min" : 0,
          "max" : 0,
          "mean" : 0.000000,
          "stddev" : 0.000000,
          "N" : 0
        }
      },
      "job_runtime" : 6206,
      "usr_cpu" : 3.899452,
      "sys_cpu" : 37.931034,
      "ctx" : 65692,
      "majf" : 0,
      "minf" : 40,
      "iodepth_level" : {
        "1" : 100.000000,
        "2" : 0.000000,
        "4" : 0.000000,
        "8" : 0.000000,
        "16" : 0.000000,
        "32" : 0.000000,
        ">=64" : 0.000000
      },
      "iodepth_submit" : {
        "0" : 0.000000,
        "4" : 100.000000,
        "8" : 0.000000,
        "16" : 0.000000,
        "32" : 0.000000,
        "64" : 0.000000,
        ">=64" : 0.000000
      },
      "iodepth_complete" : {
        "0" : 0.000000,
        "4" : 100.000000,
        "8" : 0.000000,
        "16" : 0.000000,
        "32" : 0.000000,
        "64" : 0.000000,
        ">=64" : 0.000000
      },
      "latency_ns" : {
        "2" : 0.000000,
        "4" : 0.000000,
        "10" : 0.000000,
        "20" : 0.000000,
        "50" : 0.000000,
        "100" : 0.000000,
        "250" : 0.000000,
        "500" : 0.000000,
        "750" : 0.000000,
        "1000" : 0.000000
      },
      "latency_us" : {
        "2" : 0.000000,
        "4" : 0.000000,
        "10" : 0.000000,
        "20" : 0.000000,
        "50" : 11.621094,
        "100" : 52.316284,
        "250" : 34.448242,
        "500" : 1.191711,
        "750" : 0.093079,
        "1000" : 0.096130
      },
      "latency_ms" : {
        "2" : 0.195312,
        "4" : 0.035095,
        "10" : 0.010000,
        "20" : 0.000000,
        "50" : 0.000000,
        "100" : 0.000000,
        "250" : 0.000000,
        "500" : 0.000000,
        "750" : 0.000000,
        "1000" : 0.000000,
        "2000" : 0.000000,
        ">=2000" : 0.000000
      },
      "latency_depth" : 1,
      "latency_target" : 0,
      "latency_percentile" : 100.000000,
      "latency_window" : 0
    }
  ]
}
