{
  "fio version" : "fio-3.38",
  "timestamp" : 1729842701,
  "timestamp_ms" : 1729842701201,
  "time" : "Fri Oct 25 09:51:41 2024",
  "jobs" : [
    {
      "jobname" : "Exo1_rand_12.5_rep_1",
      "groupid" : 0,
      "job_start" : 1729842692673,
      "error" : 0,
      "eta" : 0,
      "elapsed" : 9,
      "job options" : {
        "name" : "Exo1_rand_12.5_rep_1",
        "runtime" : "60",
        "numjobs" : "1",
        "rwmixwrite" : "12.5",
        "bs" : "16k",
        "filesize" : "1G",
        "direct" : "1",
        "rw" : "randrw"
      },
      "read" : {
        "io_bytes" : 944881664,
        "io_kbytes" : 922736,
        "bw_bytes" : 111201796,
        "bw" : 108595,
        "iops" : 6787.219018,
        "runtime" : 8497,
        "total_ios" : 57671,
        "short_ios" : 0,
        "drop_ios" : 0,
        "slat_ns" : {
          "min" : 0,
          "max" : 0,
          "mean" : 0.000000,
          "stddev" : 0.000000,
          "N" : 0
        },
        "clat_ns" : {
          "min" : 4000,
          "max" : 5187000,
          "mean" : 128625.479010,
          "stddev" : 115569.183314,
          "N" : 57671,
          "percentile" : {
            "1.000000" : 5024,
            "5.000000" : 5024,
            "10.000000" : 5984,
            "20.000000" : 7008,
            "30.000000" : 9024,
            "40.000000" : 128512,
            "50.000000" : 144384,
            "60.000000" : 158720,
            "70.000000" : 191488,
            "80.000000" : 214016,
            "90.000000" : 238592,
            "95.000000" : 254976,
            "99.000000" : 292864,
            "99.500000" : 415744,
            "99.900000" : 1302528,
            "99.950000" : 1417216,
            "99.990000" : 2768896
          }
        },
        "lat_ns" : {
          "min" : 4000,
          "max" : 5187000,
          "mean" : 128904.007213,
          "stddev" : 115582.234500,
          "N" : 57671
        },
        "bw_min" : 92672,
        "bw_max" : 120992,
        "bw_agg" : 98.854921,
        "bw_mean" : 107352.062500,
        "bw_dev" : 7193.117289,
        "bw_samples" : 16,
        "iops_min" : 5792,
        "iops_max" : 7562,
        "iops_mean" : 6709.312500,
        "iops_stddev" : 449.584656,
        "iops_samples" : 16
      },
      "write" : {
        "io_bytes" : 128860160,
        "io_kbytes" : 125840,
        "bw_bytes" : 15165371,
        "bw" : 14809,
        "iops" : 925.620807,
        "runtime" : 8497,
        "total_ios" : 7865,
        "short_ios" : 0,
        "drop_ios" : 0,
        "slat_ns" : {
          "min" : 0,
          "max" : 0,
          "mean" : 0.000000,
          "stddev" : 0.000000,
          "N" : 0
        },
        "clat_ns" : {
          "min" : 51000,
          "max" : 28966000,
          "mean" : 114359.821996,
          "stddev" : 330258.013924,
          "N" : 7865,
          "percentile" : {
            "1.000000" : 52992,
            "5.000000" : 57088,
            "10.000000" : 64768,
            "20.000000" : 93696,
            "30.000000" : 100864,
            "40.000000" : 105984,
            "50.000000" : 114176,
            "60.000000" : 120320,
            "70.000000" : 121344,
            "80.000000" : 124416,
            "90.000000" : 134144,
            "95.000000" : 144384,
            "99.000000" : 191488,
            "99.500000" : 305152,
            "99.900000" : 509952,
            "99.950000" : 1433600,
            "99.990000" : 28966912
          }
        },
        "lat_ns" : {
          "min" : 52000,
          "max" : 28966000,
          "mean" : 114885.187540,
          "stddev" : 330259.724568,
          "N" : 7865
        },
        "bw_min" : 12448,
        "bw_max" : 16448,
        "bw_agg" : 98.663514,
        "bw_mean" : 14612.625000,
        "bw_dev" : 1074.699082,
        "bw_samples" : 16,
        "iops_min" : 778,
        "iops_max" : 1028,
        "iops_mean" : 913.125000,
        "iops_stddev" : 67.263536,
        "iops_samples" : 16
      },
      "trim" : {
        "io_bytes" : 0,
        "io_kbytes" : 0,
        "bw_bytes" : 0,
        "bw" : 0,
        "iops" : 0.000000,
        "runtime" : 0,
        "total_ios" : 0,
        "short_ios" : 0,
        "drop_ios" : 0,
        "slat_ns" : {
          "min" : 0,
          "max" : 0,
          "mean" : 0.000000,
          "stddev" : 0.000000,
          "N" : 0
        },
        "clat_ns" : {
          "min" : 0,
          "max" : 0,
          "mean" : 0.000000,
          "stddev" : 0.000000,
          "N" : 0
        },
        "lat_ns" : {
          "min" : 0,
          "max" : 0,
          "mean" : 0.000000,
          "stddev" : 0.000000,
          "N" : 0
        },
        "bw_min" : 0,
        "bw_max" : 0,
        "bw_agg" : 0.000000,
        "bw_mean" : 0.000000,
        "bw_dev" : 0.000000,
        "bw_samples" : 0,
        "iops_min" : 0,
        "iops_max" : 0,
        "iops_mean" : 0.000000,
        "iops_stddev" : 0.000000,
        "iops_samples" : 0
      },
      "sync" : {
        "total_ios" : 0,
        "lat_ns" : {
          "min" : 0,
          "max" : 0,
          "mean" : 0.000000,
          "stddev" : 0.000000,
          "N" : 0
        }
      },
      "job_runtime" : 8496,
      "usr_cpu" : 2.989642,
      "sys_cpu" : 19.067797,
      "ctx" : 46390,
      "majf" : 0,
      "minf" : 31,
      "iodepth_level" : {
        "1" : 100.000000,
        "2" : 0.000000,
        "4" : 0.000000,
        "8" : 0.000000,
        "16" : 0.000000,
        "32" : 0.000000,
        ">=64" : 0.000000
      },
      "iodepth_submit" : {
        "0" : 0.000000,
        "4" : 100.000000,
        "8" : 0.000000,
        "16" : 0.000000,
        "32" : 0.000000,
        "64" : 0.000000,
        ">=64" : 0.000000
      },
      "iodepth_complete" : {
        "0" : 0.000000,
        "4" : 100.000000,
        "8" : 0.000000,
        "16" : 0.000000,
        "32" : 0.000000,
        "64" : 0.000000,
        ">=64" : 0.000000
      },
      "latency_ns" : {
        "2" : 0.000000,
        "4" : 0.000000,
        "10" : 0.000000,
        "20" : 0.000000,
        "50" : 0.000000,
        "100" : 0.000000,
        "250" : 0.000000,
        "500" : 0.000000,
        "750" : 0.000000,
        "1000" : 0.000000
      },
      "latency_us" : {
        "2" : 0.000000,
        "4" : 0.000000,
        "10" : 26.518250,
        "20" : 2.401733,
        "50" : 0.721741,
        "100" : 3.465271,
        "250" : 60.812378,
        "500" : 5.662537,
        "750" : 0.198364,
        "1000" : 0.010000
      },
      "latency_ms" : {
        "2" : 0.193787,
        "4" : 0.012207,
        "10" : 0.010000,
        "20" : 0.000000,
        "50" : 0.010000,
        "100" : 0.000000,
        "250" : 0.000000,
        "500" : 0.000000,
        "750" : 0.000000,
        "1000" : 0.000000,
        "2000" : 0.000000,
        ">=2000" : 0.000000
      },
      "latency_depth" : 1,
      "latency_target" : 0,
      "latency_percentile" : 100.000000,
      "latency_window" : 0
    }
  ]
}
