{
  "fio version" : "fio-3.38",
  "timestamp" : 1729842976,
  "timestamp_ms" : 1729842976653,
  "time" : "Fri Oct 25 09:56:16 2024",
  "jobs" : [
    {
      "jobname" : "Exo1_rand_75_rep_2",
      "groupid" : 0,
      "job_start" : 1729842967243,
      "error" : 0,
      "eta" : 0,
      "elapsed" : 10,
      "job options" : {
        "name" : "Exo1_rand_75_rep_2",
        "runtime" : "60",
        "numjobs" : "1",
        "rwmixwrite" : "75",
        "bs" : "16k",
        "filesize" : "1G",
        "direct" : "1",
        "rw" : "randrw"
      },
      "read" : {
        "io_bytes" : 268910592,
        "io_kbytes" : 262608,
        "bw_bytes" : 29210361,
        "bw" : 28525,
        "iops" : 1782.859005,
        "runtime" : 9206,
        "total_ios" : 16413,
        "short_ios" : 0,
        "drop_ios" : 0,
        "slat_ns" : {
          "min" : 0,
          "max" : 0,
          "mean" : 0.000000,
          "stddev" : 0.000000,
          "N" : 0
        },
        "clat_ns" : {
          "min" : 4000,
          "max" : 4729000,
          "mean" : 197634.070554,
          "stddev" : 242674.097126,
          "N" : 16413,
          "percentile" : {
            "1.000000" : 5984,
            "5.000000" : 7008,
            "10.000000" : 8032,
            "20.000000" : 10048,
            "30.000000" : 23936,
            "40.000000" : 181248,
            "50.000000" : 214016,
            "60.000000" : 236544,
            "70.000000" : 257024,
            "80.000000" : 272384,
            "90.000000" : 296960,
            "95.000000" : 321536,
            "99.000000" : 1302528,
            "99.500000" : 1646592,
            "99.900000" : 2342912,
            "99.950000" : 3260416,
            "99.990000" : 4177920
          }
        },
        "lat_ns" : {
          "min" : 4000,
          "max" : 4729000,
          "mean" : 198136.599037,
          "stddev" : 242690.829075,
          "N" : 16413
        },
        "bw_min" : 24672,
        "bw_max" : 33504,
        "bw_agg" : 100.000000,
        "bw_mean" : 28563.944444,
        "bw_dev" : 2171.513716,
        "bw_samples" : 18,
        "iops_min" : 1542,
        "iops_max" : 2094,
        "iops_mean" : 1785.222222,
        "iops_stddev" : 135.720108,
        "iops_samples" : 18
      },
      "write" : {
        "io_bytes" : 804831232,
        "io_kbytes" : 785968,
        "bw_bytes" : 87424639,
        "bw" : 85375,
        "iops" : 5335.976537,
        "runtime" : 9206,
        "total_ios" : 49123,
        "short_ios" : 0,
        "drop_ios" : 0,
        "slat_ns" : {
          "min" : 0,
          "max" : 0,
          "mean" : 0.000000,
          "stddev" : 0.000000,
          "N" : 0
        },
        "clat_ns" : {
          "min" : 50000,
          "max" : 2526000,
          "mean" : 115898.621827,
          "stddev" : 34009.738202,
          "N" : 49123,
          "percentile" : {
            "1.000000" : 52992,
            "5.000000" : 57088,
            "10.000000" : 66048,
            "20.000000" : 96768,
            "30.000000" : 104960,
            "40.000000" : 118272,
            "50.000000" : 119296,
            "60.000000" : 120320,
            "70.000000" : 122368,
            "80.000000" : 140288,
            "90.000000" : 146432,
            "95.000000" : 158720,
            "99.000000" : 209920,
            "99.500000" : 261120,
            "99.900000" : 346112,
            "99.950000" : 378880,
            "99.990000" : 514048
          }
        },
        "lat_ns" : {
          "min" : 50000,
          "max" : 2527000,
          "mean" : 116589.459113,
          "stddev" : 34133.728018,
          "N" : 49123
        },
        "bw_min" : 75228,
        "bw_max" : 93696,
        "bw_agg" : 100.000000,
        "bw_mean" : 85513.888889,
        "bw_dev" : 5177.276128,
        "bw_samples" : 18,
        "iops_min" : 4701,
        "iops_max" : 5856,
        "iops_mean" : 5344.500000,
        "iops_stddev" : 323.666359,
        "iops_samples" : 18
      },
      "trim" : {
        "io_bytes" : 0,
        "io_kbytes" : 0,
        "bw_bytes" : 0,
        "bw" : 0,
        "iops" : 0.000000,
        "runtime" : 0,
        "total_ios" : 0,
        "short_ios" : 0,
        "drop_ios" : 0,
        "slat_ns" : {
          "min" : 0,
          "max" : 0,
          "mean" : 0.000000,
          "stddev" : 0.000000,
          "N" : 0
        },
        "clat_ns" : {
          "min" : 0,
          "max" : 0,
          "mean" : 0.000000,
          "stddev" : 0.000000,
          "N" : 0
        },
        "lat_ns" : {
          "min" : 0,
          "max" : 0,
          "mean" : 0.000000,
          "stddev" : 0.000000,
          "N" : 0
        },
        "bw_min" : 0,
        "bw_max" : 0,
        "bw_agg" : 0.000000,
        "bw_mean" : 0.000000,
        "bw_dev" : 0.000000,
        "bw_samples" : 0,
        "iops_min" : 0,
        "iops_max" : 0,
        "iops_mean" : 0.000000,
        "iops_stddev" : 0.000000,
        "iops_samples" : 0
      },
      "sync" : {
        "total_ios" : 0,
        "lat_ns" : {
          "min" : 0,
          "max" : 0,
          "mean" : 0.000000,
          "stddev" : 0.000000,
          "N" : 0
        }
      },
      "job_runtime" : 9205,
      "usr_cpu" : 3.997827,
      "sys_cpu" : 30.983161,
      "ctx" : 60401,
      "majf" : 0,
      "minf" : 35,
      "iodepth_level" : {
        "1" : 100.000000,
        "2" : 0.000000,
        "4" : 0.000000,
        "8" : 0.000000,
        "16" : 0.000000,
        "32" : 0.000000,
        ">=64" : 0.000000
      },
      "iodepth_submit" : {
        "0" : 0.000000,
        "4" : 100.000000,
        "8" : 0.000000,
        "16" : 0.000000,
        "32" : 0.000000,
        "64" : 0.000000,
        ">=64" : 0.000000
      },
      "iodepth_complete" : {
        "0" : 0.000000,
        "4" : 100.000000,
        "8" : 0.000000,
        "16" : 0.000000,
        "32" : 0.000000,
        "64" : 0.000000,
        ">=64" : 0.000000
      },
      "latency_ns" : {
        "2" : 0.000000,
        "4" : 0.000000,
        "10" : 0.000000,
        "20" : 0.000000,
        "50" : 0.000000,
        "100" : 0.000000,
        "250" : 0.000000,
        "500" : 0.000000,
        "750" : 0.000000,
        "1000" : 0.000000
      },
      "latency_us" : {
        "2" : 0.000000,
        "4" : 0.000000,
        "10" : 4.257202,
        "20" : 3.129578,
        "50" : 0.910950,
        "100" : 16.287231,
        "250" : 66.235352,
        "500" : 8.393860,
        "750" : 0.122070,
        "1000" : 0.143433
      },
      "latency_ms" : {
        "2" : 0.445557,
        "4" : 0.065613,
        "10" : 0.010000,
        "20" : 0.000000,
        "50" : 0.000000,
        "100" : 0.000000,
        "250" : 0.000000,
        "500" : 0.000000,
        "750" : 0.000000,
        "1000" : 0.000000,
        "2000" : 0.000000,
        ">=2000" : 0.000000
      },
      "latency_depth" : 1,
      "latency_target" : 0,
      "latency_percentile" : 100.000000,
      "latency_window" : 0
    }
  ]
}
