{
  "fio version" : "fio-3.38",
  "timestamp" : 1729842494,
  "timestamp_ms" : 1729842494524,
  "time" : "Fri Oct 25 09:48:14 2024",
  "jobs" : [
    {
      "jobname" : "Exo1_seq_50_rep_2",
      "groupid" : 0,
      "job_start" : 1729842489277,
      "error" : 0,
      "eta" : 0,
      "elapsed" : 6,
      "job options" : {
        "name" : "Exo1_seq_50_rep_2",
        "runtime" : "60",
        "numjobs" : "1",
        "rwmixwrite" : "50",
        "bs" : "16k",
        "filesize" : "1G",
        "direct" : "1",
        "rw" : "rw"
      },
      "read" : {
        "io_bytes" : 536363008,
        "io_kbytes" : 523792,
        "bw_bytes" : 102731853,
        "bw" : 100324,
        "iops" : 6270.254740,
        "runtime" : 5221,
        "total_ios" : 32737,
        "short_ios" : 0,
        "drop_ios" : 0,
        "slat_ns" : {
          "min" : 0,
          "max" : 0,
          "mean" : 0.000000,
          "stddev" : 0.000000,
          "N" : 0
        },
        "clat_ns" : {
          "min" : 9000,
          "max" : 5065000,
          "mean" : 84400.189388,
          "stddev" : 113131.983715,
          "N" : 32737,
          "percentile" : {
            "1.000000" : 37120,
            "5.000000" : 37120,
            "10.000000" : 38144,
            "20.000000" : 38144,
            "30.000000" : 39168,
            "40.000000" : 39168,
            "50.000000" : 40192,
            "60.000000" : 44800,
            "70.000000" : 78336,
            "80.000000" : 134144,
            "90.000000" : 179200,
            "95.000000" : 224256,
            "99.000000" : 288768,
            "99.500000" : 700416,
            "99.900000" : 1499136,
            "99.950000" : 1810432,
            "99.990000" : 2023424
          }
        },
        "lat_ns" : {
          "min" : 9000,
          "max" : 5065000,
          "mean" : 84637.107860,
          "stddev" : 113147.900657,
          "N" : 32737
        },
        "bw_min" : 64416,
        "bw_max" : 147488,
        "bw_agg" : 97.929634,
        "bw_mean" : 98247.500000,
        "bw_dev" : 30959.076922,
        "bw_samples" : 10,
        "iops_min" : 4026,
        "iops_max" : 9218,
        "iops_mean" : 6140.300000,
        "iops_stddev" : 1934.825634,
        "iops_samples" : 10
      },
      "write" : {
        "io_bytes" : 537378816,
        "io_kbytes" : 524784,
        "bw_bytes" : 102926415,
        "bw" : 100514,
        "iops" : 6282.129860,
        "runtime" : 5221,
        "total_ios" : 32799,
        "short_ios" : 0,
        "drop_ios" : 0,
        "slat_ns" : {
          "min" : 0,
          "max" : 0,
          "mean" : 0.000000,
          "stddev" : 0.000000,
          "N" : 0
        },
        "clat_ns" : {
          "min" : 48000,
          "max" : 1725000,
          "mean" : 69479.191439,
          "stddev" : 30369.177713,
          "N" : 32799,
          "percentile" : {
            "1.000000" : 49920,
            "5.000000" : 50944,
            "10.000000" : 50944,
            "20.000000" : 51968,
            "30.000000" : 51968,
            "40.000000" : 52992,
            "50.000000" : 52992,
            "60.000000" : 55040,
            "70.000000" : 66048,
            "80.000000" : 95744,
            "90.000000" : 119296,
            "95.000000" : 130560,
            "99.000000" : 144384,
            "99.500000" : 148480,
            "99.900000" : 272384,
            "99.950000" : 337920,
            "99.990000" : 528384
          }
        },
        "lat_ns" : {
          "min" : 48000,
          "max" : 1725000,
          "mean" : 69970.883259,
          "stddev" : 30428.308865,
          "N" : 32799
        },
        "bw_min" : 63808,
        "bw_max" : 147792,
        "bw_agg" : 97.832068,
        "bw_mean" : 98335.100000,
        "bw_dev" : 31179.467847,
        "bw_samples" : 10,
        "iops_min" : 3988,
        "iops_max" : 9239,
        "iops_mean" : 6146.100000,
        "iops_stddev" : 1949.075932,
        "iops_samples" : 10
      },
      "trim" : {
        "io_bytes" : 0,
        "io_kbytes" : 0,
        "bw_bytes" : 0,
        "bw" : 0,
        "iops" : 0.000000,
        "runtime" : 0,
        "total_ios" : 0,
        "short_ios" : 0,
        "drop_ios" : 0,
        "slat_ns" : {
          "min" : 0,
          "max" : 0,
          "mean" : 0.000000,
          "stddev" : 0.000000,
          "N" : 0
        },
        "clat_ns" : {
          "min" : 0,
          "max" : 0,
          "mean" : 0.000000,
          "stddev" : 0.000000,
          "N" : 0
        },
        "lat_ns" : {
          "min" : 0,
          "max" : 0,
          "mean" : 0.000000,
          "stddev" : 0.000000,
          "N" : 0
        },
        "bw_min" : 0,
        "bw_max" : 0,
        "bw_agg" : 0.000000,
        "bw_mean" : 0.000000,
        "bw_dev" : 0.000000,
        "bw_samples" : 0,
        "iops_min" : 0,
        "iops_max" : 0,
        "iops_mean" : 0.000000,
        "iops_stddev" : 0.000000,
        "iops_samples" : 0
      },
      "sync" : {
        "total_ios" : 0,
        "lat_ns" : {
          "min" : 0,
          "max" : 0,
          "mean" : 0.000000,
          "stddev" : 0.000000,
          "N" : 0
        }
      },
      "job_runtime" : 5220,
      "usr_cpu" : 4.482759,
      "sys_cpu" : 37.605364,
      "ctx" : 65776,
      "majf" : 0,
      "minf" : 36,
      "iodepth_level" : {
        "1" : 100.000000,
        "2" : 0.000000,
        "4" : 0.000000,
        "8" : 0.000000,
        "16" : 0.000000,
        "32" : 0.000000,
        ">=64" : 0.000000
      },
      "iodepth_submit" : {
        "0" : 0.000000,
        "4" : 100.000000,
        "8" : 0.000000,
        "16" : 0.000000,
        "32" : 0.000000,
        "64" : 0.000000,
        ">=64" : 0.000000
      },
      "iodepth_complete" : {
        "0" : 0.000000,
        "4" : 100.000000,
        "8" : 0.000000,
        "16" : 0.000000,
        "32" : 0.000000,
        "64" : 0.000000,
        ">=64" : 0.000000
      },
      "latency_ns" : {
        "2" : 0.000000,
        "4" : 0.000000,
        "10" : 0.000000,
        "20" : 0.000000,
        "50" : 0.000000,
        "100" : 0.000000,
        "250" : 0.000000,
        "500" : 0.000000,
        "750" : 0.000000,
        "1000" : 0.000000
      },
      "latency_us" : {
        "2" : 0.000000,
        "4" : 0.000000,
        "10" : 0.010000,
        "20" : 0.010000,
        "50" : 32.162476,
        "100" : 45.753479,
        "250" : 20.669556,
        "500" : 1.121521,
        "750" : 0.035095,
        "1000" : 0.044250
      },
      "latency_ms" : {
        "2" : 0.196838,
        "4" : 0.010000,
        "10" : 0.010000,
        "20" : 0.000000,
        "50" : 0.000000,
        "100" : 0.000000,
        "250" : 0.000000,
        "500" : 0.000000,
        "750" : 0.000000,
        "1000" : 0.000000,
        "2000" : 0.000000,
        ">=2000" : 0.000000
      },
      "latency_depth" : 1,
      "latency_target" : 0,
      "latency_percentile" : 100.000000,
      "latency_window" : 0
    }
  ]
}
