{
  "fio version" : "fio-3.38",
  "timestamp" : 1729842985,
  "timestamp_ms" : 1729842985750,
  "time" : "Fri Oct 25 09:56:25 2024",
  "jobs" : [
    {
      "jobname" : "Exo1_rand_75_rep_3",
      "groupid" : 0,
      "job_start" : 1729842978022,
      "error" : 0,
      "eta" : 0,
      "elapsed" : 8,
      "job options" : {
        "name" : "Exo1_rand_75_rep_3",
        "runtime" : "60",
        "numjobs" : "1",
        "rwmixwrite" : "75",
        "bs" : "16k",
        "filesize" : "1G",
        "direct" : "1",
        "rw" : "randrw"
      },
      "read" : {
        "io_bytes" : 268910592,
        "io_kbytes" : 262608,
        "bw_bytes" : 35156306,
        "bw" : 34332,
        "iops" : 2145.770689,
        "runtime" : 7649,
        "total_ios" : 16413,
        "short_ios" : 0,
        "drop_ios" : 0,
        "slat_ns" : {
          "min" : 0,
          "max" : 0,
          "mean" : 0.000000,
          "stddev" : 0.000000,
          "N" : 0
        },
        "clat_ns" : {
          "min" : 4000,
          "max" : 5063000,
          "mean" : 184281.179553,
          "stddev" : 254999.545449,
          "N" : 16413,
          "percentile" : {
            "1.000000" : 5024,
            "5.000000" : 5984,
            "10.000000" : 7008,
            "20.000000" : 8032,
            "30.000000" : 15040,
            "40.000000" : 158720,
            "50.000000" : 187392,
            "60.000000" : 203776,
            "70.000000" : 218112,
            "80.000000" : 238592,
            "90.000000" : 272384,
            "95.000000" : 325632,
            "99.000000" : 1466368,
            "99.500000" : 1908736,
            "99.900000" : 2408448,
            "99.950000" : 3293184,
            "99.990000" : 4292608
          }
        },
        "lat_ns" : {
          "min" : 4000,
          "max" : 5064000,
          "mean" : 184645.463961,
          "stddev" : 255006.700169,
          "N" : 16413
        },
        "bw_min" : 28476,
        "bw_max" : 41826,
        "bw_agg" : 99.518442,
        "bw_mean" : 34167.000000,
        "bw_dev" : 4782.930363,
        "bw_samples" : 15,
        "iops_min" : 1779,
        "iops_max" : 2614,
        "iops_mean" : 2135.200000,
        "iops_stddev" : 298.995270,
        "iops_samples" : 15
      },
      "write" : {
        "io_bytes" : 804831232,
        "io_kbytes" : 785968,
        "bw_bytes" : 105220451,
        "bw" : 102754,
        "iops" : 6422.146686,
        "runtime" : 7649,
        "total_ios" : 49123,
        "short_ios" : 0,
        "drop_ios" : 0,
        "slat_ns" : {
          "min" : 0,
          "max" : 0,
          "mean" : 0.000000,
          "stddev" : 0.000000,
          "N" : 0
        },
        "clat_ns" : {
          "min" : 49000,
          "max" : 10590000,
          "mean" : 89373.572461,
          "stddev" : 77231.862514,
          "N" : 49123,
          "percentile" : {
            "1.000000" : 51968,
            "5.000000" : 52992,
            "10.000000" : 54016,
            "20.000000" : 56064,
            "30.000000" : 59136,
            "40.000000" : 66048,
            "50.000000" : 76288,
            "60.000000" : 88576,
            "70.000000" : 102912,
            "80.000000" : 119296,
            "90.000000" : 132096,
            "95.000000" : 154624,
            "99.000000" : 234496,
            "99.500000" : 280576,
            "99.900000" : 561152,
            "99.950000" : 905216,
            "99.990000" : 2736128
          }
        },
        "lat_ns" : {
          "min" : 50000,
          "max" : 10593000,
          "mean" : 89996.010016,
          "stddev" : 77338.763485,
          "N" : 49123
        },
        "bw_min" : 85568,
        "bw_max" : 123840,
        "bw_agg" : 99.548100,
        "bw_mean" : 102290.466667,
        "bw_dev" : 14970.012233,
        "bw_samples" : 15,
        "iops_min" : 5348,
        "iops_max" : 7740,
        "iops_mean" : 6392.800000,
        "iops_stddev" : 935.570811,
        "iops_samples" : 15
      },
      "trim" : {
        "io_bytes" : 0,
        "io_kbytes" : 0,
        "bw_bytes" : 0,
        "bw" : 0,
        "iops" : 0.000000,
        "runtime" : 0,
        "total_ios" : 0,
        "short_ios" : 0,
        "drop_ios" : 0,
        "slat_ns" : {
          "min" : 0,
          "max" : 0,
          "mean" : 0.000000,
          "stddev" : 0.000000,
          "N" : 0
        },
        "clat_ns" : {
          "min" : 0,
          "max" : 0,
          "mean" : 0.000000,
          "stddev" : 0.000000,
          "N" : 0
        },
        "lat_ns" : {
          "min" : 0,
          "max" : 0,
          "mean" : 0.000000,
          "stddev" : 0.000000,
          "N" : 0
        },
        "bw_min" : 0,
        "bw_max" : 0,
        "bw_agg" : 0.000000,
        "bw_mean" : 0.000000,
        "bw_dev" : 0.000000,
        "bw_samples" : 0,
        "iops_min" : 0,
        "iops_max" : 0,
        "iops_mean" : 0.000000,
        "iops_stddev" : 0.000000,
        "iops_samples" : 0
      },
      "sync" : {
        "total_ios" : 0,
        "lat_ns" : {
          "min" : 0,
          "max" : 0,
          "mean" : 0.000000,
          "stddev" : 0.000000,
          "N" : 0
        }
      },
      "job_runtime" : 7648,
      "usr_cpu" : 4.027197,
      "sys_cpu" : 33.328975,
      "ctx" : 63125,
      "majf" : 0,
      "minf" : 32,
      "iodepth_level" : {
        "1" : 100.000000,
        "2" : 0.000000,
        "4" : 0.000000,
        "8" : 0.000000,
        "16" : 0.000000,
        "32" : 0.000000,
        ">=64" : 0.000000
      },
      "iodepth_submit" : {
        "0" : 0.000000,
        "4" : 100.000000,
        "8" : 0.000000,
        "16" : 0.000000,
        "32" : 0.000000,
        "64" : 0.000000,
        ">=64" : 0.000000
      },
      "iodepth_complete" : {
        "0" : 0.000000,
        "4" : 100.000000,
        "8" : 0.000000,
        "16" : 0.000000,
        "32" : 0.000000,
        "64" : 0.000000,
        ">=64" : 0.000000
      },
      "latency_ns" : {
        "2" : 0.000000,
        "4" : 0.000000,
        "10" : 0.000000,
        "20" : 0.000000,
        "50" : 0.000000,
        "100" : 0.000000,
        "250" : 0.000000,
        "500" : 0.000000,
        "750" : 0.000000,
        "1000" : 0.000000
      },
      "latency_us" : {
        "2" : 0.000000,
        "4" : 0.000000,
        "10" : 5.830383,
        "20" : 1.834106,
        "50" : 0.422668,
        "100" : 50.267029,
        "250" : 37.037659,
        "500" : 3.720093,
        "750" : 0.154114,
        "1000" : 0.163269
      },
      "latency_ms" : {
        "2" : 0.456238,
        "4" : 0.105286,
        "10" : 0.010000,
        "20" : 0.010000,
        "50" : 0.000000,
        "100" : 0.000000,
        "250" : 0.000000,
        "500" : 0.000000,
        "750" : 0.000000,
        "1000" : 0.000000,
        "2000" : 0.000000,
        ">=2000" : 0.000000
      },
      "latency_depth" : 1,
      "latency_target" : 0,
      "latency_percentile" : 100.000000,
      "latency_window" : 0
    }
  ]
}
