{
  "fio version" : "fio-3.38",
  "timestamp" : 1729842474,
  "timestamp_ms" : 1729842474241,
  "time" : "Fri Oct 25 09:47:54 2024",
  "jobs" : [
    {
      "jobname" : "Exo1_seq_37.5_rep_4",
      "groupid" : 0,
      "job_start" : 1729842468489,
      "error" : 0,
      "eta" : 0,
      "elapsed" : 6,
      "job options" : {
        "name" : "Exo1_seq_37.5_rep_4",
        "runtime" : "60",
        "numjobs" : "1",
        "rwmixwrite" : "37.5",
        "bs" : "16k",
        "filesize" : "1G",
        "direct" : "1",
        "rw" : "rw"
      },
      "read" : {
        "io_bytes" : 676413440,
        "io_kbytes" : 660560,
        "bw_bytes" : 120465439,
        "bw" : 117642,
        "iops" : 7352.626892,
        "runtime" : 5615,
        "total_ios" : 41285,
        "short_ios" : 0,
        "drop_ios" : 0,
        "slat_ns" : {
          "min" : 0,
          "max" : 0,
          "mean" : 0.000000,
          "stddev" : 0.000000,
          "N" : 0
        },
        "clat_ns" : {
          "min" : 5000,
          "max" : 5109000,
          "mean" : 89334.915829,
          "stddev" : 116510.835057,
          "N" : 41285,
          "percentile" : {
            "1.000000" : 37120,
            "5.000000" : 38144,
            "10.000000" : 38144,
            "20.000000" : 39168,
            "30.000000" : 39168,
            "40.000000" : 41216,
            "50.000000" : 48896,
            "60.000000" : 75264,
            "70.000000" : 110080,
            "80.000000" : 127488,
            "90.000000" : 162816,
            "95.000000" : 205824,
            "99.000000" : 280576,
            "99.500000" : 905216,
            "99.900000" : 1646592,
            "99.950000" : 1826816,
            "99.990000" : 2703360
          }
        },
        "lat_ns" : {
          "min" : 5000,
          "max" : 5109000,
          "mean" : 89518.517621,
          "stddev" : 116513.022648,
          "N" : 41285
        },
        "bw_min" : 101173,
        "bw_max" : 134528,
        "bw_agg" : 99.875869,
        "bw_mean" : 117496.000000,
        "bw_dev" : 10900.317656,
        "bw_samples" : 11,
        "iops_min" : 6323,
        "iops_max" : 8408,
        "iops_mean" : 7343.454545,
        "iops_stddev" : 681.336534,
        "iops_samples" : 11
      },
      "write" : {
        "io_bytes" : 397328384,
        "io_kbytes" : 388016,
        "bw_bytes" : 70761956,
        "bw" : 69103,
        "iops" : 4318.967053,
        "runtime" : 5615,
        "total_ios" : 24251,
        "short_ios" : 0,
        "drop_ios" : 0,
        "slat_ns" : {
          "min" : 0,
          "max" : 0,
          "mean" : 0.000000,
          "stddev" : 0.000000,
          "N" : 0
        },
        "clat_ns" : {
          "min" : 50000,
          "max" : 717000,
          "mean" : 72608.593460,
          "stddev" : 31379.020353,
          "N" : 24251,
          "percentile" : {
            "1.000000" : 50944,
            "5.000000" : 50944,
            "10.000000" : 51968,
            "20.000000" : 51968,
            "30.000000" : 52992,
            "40.000000" : 52992,
            "50.000000" : 54016,
            "60.000000" : 57088,
            "70.000000" : 84480,
            "80.000000" : 97792,
            "90.000000" : 126464,
            "95.000000" : 129536,
            "99.000000" : 142336,
            "99.500000" : 152576,
            "99.900000" : 305152,
            "99.950000" : 346112,
            "99.990000" : 518144
          }
        },
        "lat_ns" : {
          "min" : 50000,
          "max" : 717000,
          "mean" : 73079.171993,
          "stddev" : 31426.619480,
          "N" : 24251
        },
        "bw_min" : 60391,
        "bw_max" : 78432,
        "bw_agg" : 99.913937,
        "bw_mean" : 69044.363636,
        "bw_dev" : 6617.444707,
        "bw_samples" : 11,
        "iops_min" : 3774,
        "iops_max" : 4902,
        "iops_mean" : 4315.181818,
        "iops_stddev" : 413.716042,
        "iops_samples" : 11
      },
      "trim" : {
        "io_bytes" : 0,
        "io_kbytes" : 0,
        "bw_bytes" : 0,
        "bw" : 0,
        "iops" : 0.000000,
        "runtime" : 0,
        "total_ios" : 0,
        "short_ios" : 0,
        "drop_ios" : 0,
        "slat_ns" : {
          "min" : 0,
          "max" : 0,
          "mean" : 0.000000,
          "stddev" : 0.000000,
          "N" : 0
        },
        "clat_ns" : {
          "min" : 0,
          "max" : 0,
          "mean" : 0.000000,
          "stddev" : 0.000000,
          "N" : 0
        },
        "lat_ns" : {
          "min" : 0,
          "max" : 0,
          "mean" : 0.000000,
          "stddev" : 0.000000,
          "N" : 0
        },
        "bw_min" : 0,
        "bw_max" : 0,
        "bw_agg" : 0.000000,
        "bw_mean" : 0.000000,
        "bw_dev" : 0.000000,
        "bw_samples" : 0,
        "iops_min" : 0,
        "iops_max" : 0,
        "iops_mean" : 0.000000,
        "iops_stddev" : 0.000000,
        "iops_samples" : 0
      },
      "sync" : {
        "total_ios" : 0,
        "lat_ns" : {
          "min" : 0,
          "max" : 0,
          "mean" : 0.000000,
          "stddev" : 0.000000,
          "N" : 0
        }
      },
      "job_runtime" : 5614,
      "usr_cpu" : 3.829711,
      "sys_cpu" : 34.627716,
      "ctx" : 65646,
      "majf" : 0,
      "minf" : 35,
      "iodepth_level" : {
        "1" : 100.000000,
        "2" : 0.000000,
        "4" : 0.000000,
        "8" : 0.000000,
        "16" : 0.000000,
        "32" : 0.000000,
        ">=64" : 0.000000
      },
      "iodepth_submit" : {
        "0" : 0.000000,
        "4" : 100.000000,
        "8" : 0.000000,
        "16" : 0.000000,
        "32" : 0.000000,
        "64" : 0.000000,
        ">=64" : 0.000000
      },
      "iodepth_complete" : {
        "0" : 0.000000,
        "4" : 100.000000,
        "8" : 0.000000,
        "16" : 0.000000,
        "32" : 0.000000,
        "64" : 0.000000,
        ">=64" : 0.000000
      },
      "latency_ns" : {
        "2" : 0.000000,
        "4" : 0.000000,
        "10" : 0.000000,
        "20" : 0.000000,
        "50" : 0.000000,
        "100" : 0.000000,
        "250" : 0.000000,
        "500" : 0.000000,
        "750" : 0.000000,
        "1000" : 0.000000
      },
      "latency_us" : {
        "2" : 0.000000,
        "4" : 0.000000,
        "10" : 0.057983,
        "20" : 0.016785,
        "50" : 31.617737,
        "100" : 39.910889,
        "250" : 26.803589,
        "500" : 1.138306,
        "750" : 0.068665,
        "1000" : 0.100708
      },
      "latency_ms" : {
        "2" : 0.274658,
        "4" : 0.010000,
        "10" : 0.010000,
        "20" : 0.000000,
        "50" : 0.000000,
        "100" : 0.000000,
        "250" : 0.000000,
        "500" : 0.000000,
        "750" : 0.000000,
        "1000" : 0.000000,
        "2000" : 0.000000,
        ">=2000" : 0.000000
      },
      "latency_depth" : 1,
      "latency_target" : 0,
      "latency_percentile" : 100.000000,
      "latency_window" : 0
    }
  ]
}
