{
  "fio version" : "fio-3.38",
  "timestamp" : 1729842487,
  "timestamp_ms" : 1729842487936,
  "time" : "Fri Oct 25 09:48:07 2024",
  "jobs" : [
    {
      "jobname" : "Exo1_seq_50_rep_1",
      "groupid" : 0,
      "job_start" : 1729842482689,
      "error" : 0,
      "eta" : 0,
      "elapsed" : 6,
      "job options" : {
        "name" : "Exo1_seq_50_rep_1",
        "runtime" : "60",
        "numjobs" : "1",
        "rwmixwrite" : "50",
        "bs" : "16k",
        "filesize" : "1G",
        "direct" : "1",
        "rw" : "rw"
      },
      "read" : {
        "io_bytes" : 536363008,
        "io_kbytes" : 523792,
        "bw_bytes" : 102692515,
        "bw" : 100285,
        "iops" : 6267.853724,
        "runtime" : 5223,
        "total_ios" : 32737,
        "short_ios" : 0,
        "drop_ios" : 0,
        "slat_ns" : {
          "min" : 0,
          "max" : 0,
          "mean" : 0.000000,
          "stddev" : 0.000000,
          "N" : 0
        },
        "clat_ns" : {
          "min" : 34000,
          "max" : 5052000,
          "mean" : 84223.691847,
          "stddev" : 112163.226091,
          "N" : 32737,
          "percentile" : {
            "1.000000" : 37120,
            "5.000000" : 37120,
            "10.000000" : 37120,
            "20.000000" : 38144,
            "30.000000" : 38144,
            "40.000000" : 39168,
            "50.000000" : 40192,
            "60.000000" : 43776,
            "70.000000" : 93696,
            "80.000000" : 134144,
            "90.000000" : 177152,
            "95.000000" : 220160,
            "99.000000" : 288768,
            "99.500000" : 577536,
            "99.900000" : 1499136,
            "99.950000" : 1859584,
            "99.990000" : 3096576
          }
        },
        "lat_ns" : {
          "min" : 34000,
          "max" : 5052000,
          "mean" : 84464.184256,
          "stddev" : 112179.545258,
          "N" : 32737
        },
        "bw_min" : 65024,
        "bw_max" : 149472,
        "bw_agg" : 97.607176,
        "bw_mean" : 97886.900000,
        "bw_dev" : 30612.213534,
        "bw_samples" : 10,
        "iops_min" : 4064,
        "iops_max" : 9342,
        "iops_mean" : 6117.900000,
        "iops_stddev" : 1913.241255,
        "iops_samples" : 10
      },
      "write" : {
        "io_bytes" : 537378816,
        "io_kbytes" : 524784,
        "bw_bytes" : 102887002,
        "bw" : 100475,
        "iops" : 6279.724296,
        "runtime" : 5223,
        "total_ios" : 32799,
        "short_ios" : 0,
        "drop_ios" : 0,
        "slat_ns" : {
          "min" : 0,
          "max" : 0,
          "mean" : 0.000000,
          "stddev" : 0.000000,
          "N" : 0
        },
        "clat_ns" : {
          "min" : 48000,
          "max" : 27255000,
          "mean" : 70015.335833,
          "stddev" : 157116.245639,
          "N" : 32799,
          "percentile" : {
            "1.000000" : 49920,
            "5.000000" : 50944,
            "10.000000" : 50944,
            "20.000000" : 51968,
            "30.000000" : 51968,
            "40.000000" : 51968,
            "50.000000" : 52992,
            "60.000000" : 55040,
            "70.000000" : 64768,
            "80.000000" : 95744,
            "90.000000" : 119296,
            "95.000000" : 129536,
            "99.000000" : 142336,
            "99.500000" : 146432,
            "99.900000" : 232448,
            "99.950000" : 296960,
            "99.990000" : 1974272
          }
        },
        "lat_ns" : {
          "min" : 49000,
          "max" : 27255000,
          "mean" : 70475.044971,
          "stddev" : 157123.221873,
          "N" : 32799
        },
        "bw_min" : 65248,
        "bw_max" : 147040,
        "bw_agg" : 97.581912,
        "bw_mean" : 98046.400000,
        "bw_dev" : 30659.323828,
        "bw_samples" : 10,
        "iops_min" : 4078,
        "iops_max" : 9190,
        "iops_mean" : 6127.900000,
        "iops_stddev" : 1916.207739,
        "iops_samples" : 10
      },
      "trim" : {
        "io_bytes" : 0,
        "io_kbytes" : 0,
        "bw_bytes" : 0,
        "bw" : 0,
        "iops" : 0.000000,
        "runtime" : 0,
        "total_ios" : 0,
        "short_ios" : 0,
        "drop_ios" : 0,
        "slat_ns" : {
          "min" : 0,
          "max" : 0,
          "mean" : 0.000000,
          "stddev" : 0.000000,
          "N" : 0
        },
        "clat_ns" : {
          "min" : 0,
          "max" : 0,
          "mean" : 0.000000,
          "stddev" : 0.000000,
          "N" : 0
        },
        "lat_ns" : {
          "min" : 0,
          "max" : 0,
          "mean" : 0.000000,
          "stddev" : 0.000000,
          "N" : 0
        },
        "bw_min" : 0,
        "bw_max" : 0,
        "bw_agg" : 0.000000,
        "bw_mean" : 0.000000,
        "bw_dev" : 0.000000,
        "bw_samples" : 0,
        "iops_min" : 0,
        "iops_max" : 0,
        "iops_mean" : 0.000000,
        "iops_stddev" : 0.000000,
        "iops_samples" : 0
      },
      "sync" : {
        "total_ios" : 0,
        "lat_ns" : {
          "min" : 0,
          "max" : 0,
          "mean" : 0.000000,
          "stddev" : 0.000000,
          "N" : 0
        }
      },
      "job_runtime" : 5222,
      "usr_cpu" : 4.346993,
      "sys_cpu" : 37.456913,
      "ctx" : 65698,
      "majf" : 0,
      "minf" : 33,
      "iodepth_level" : {
        "1" : 100.000000,
        "2" : 0.000000,
        "4" : 0.000000,
        "8" : 0.000000,
        "16" : 0.000000,
        "32" : 0.000000,
        ">=64" : 0.000000
      },
      "iodepth_submit" : {
        "0" : 0.000000,
        "4" : 100.000000,
        "8" : 0.000000,
        "16" : 0.000000,
        "32" : 0.000000,
        "64" : 0.000000,
        ">=64" : 0.000000
      },
      "iodepth_complete" : {
        "0" : 0.000000,
        "4" : 100.000000,
        "8" : 0.000000,
        "16" : 0.000000,
        "32" : 0.000000,
        "64" : 0.000000,
        ">=64" : 0.000000
      },
      "latency_ns" : {
        "2" : 0.000000,
        "4" : 0.000000,
        "10" : 0.000000,
        "20" : 0.000000,
        "50" : 0.000000,
        "100" : 0.000000,
        "250" : 0.000000,
        "500" : 0.000000,
        "750" : 0.000000,
        "1000" : 0.000000
      },
      "latency_us" : {
        "2" : 0.000000,
        "4" : 0.000000,
        "10" : 0.000000,
        "20" : 0.000000,
        "50" : 32.139587,
        "100" : 45.401001,
        "250" : 21.214294,
        "500" : 0.959778,
        "750" : 0.042725,
        "1000" : 0.039673
      },
      "latency_ms" : {
        "2" : 0.189209,
        "4" : 0.010000,
        "10" : 0.010000,
        "20" : 0.000000,
        "50" : 0.010000,
        "100" : 0.000000,
        "250" : 0.000000,
        "500" : 0.000000,
        "750" : 0.000000,
        "1000" : 0.000000,
        "2000" : 0.000000,
        ">=2000" : 0.000000
      },
      "latency_depth" : 1,
      "latency_target" : 0,
      "latency_percentile" : 100.000000,
      "latency_window" : 0
    }
  ]
}
