{
  "fio version" : "fio-3.38",
  "timestamp" : 1729842771,
  "timestamp_ms" : 1729842771909,
  "time" : "Fri Oct 25 09:52:51 2024",
  "jobs" : [
    {
      "jobname" : "Exo1_rand_25_rep_3",
      "groupid" : 0,
      "job_start" : 1729842762819,
      "error" : 0,
      "eta" : 0,
      "elapsed" : 10,
      "job options" : {
        "name" : "Exo1_rand_25_rep_3",
        "runtime" : "60",
        "numjobs" : "1",
        "rwmixwrite" : "25",
        "bs" : "16k",
        "filesize" : "1G",
        "direct" : "1",
        "rw" : "randrw"
      },
      "read" : {
        "io_bytes" : 805126144,
        "io_kbytes" : 786256,
        "bw_bytes" : 88934733,
        "bw" : 86850,
        "iops" : 5428.145366,
        "runtime" : 9053,
        "total_ios" : 49141,
        "short_ios" : 0,
        "drop_ios" : 0,
        "slat_ns" : {
          "min" : 0,
          "max" : 0,
          "mean" : 0.000000,
          "stddev" : 0.000000,
          "N" : 0
        },
        "clat_ns" : {
          "min" : 4000,
          "max" : 4905000,
          "mean" : 141773.346086,
          "stddev" : 137755.053824,
          "N" : 49141,
          "percentile" : {
            "1.000000" : 5024,
            "5.000000" : 7008,
            "10.000000" : 7008,
            "20.000000" : 8032,
            "30.000000" : 10048,
            "40.000000" : 138240,
            "50.000000" : 158720,
            "60.000000" : 193536,
            "70.000000" : 214016,
            "80.000000" : 232448,
            "90.000000" : 252928,
            "95.000000" : 268288,
            "99.000000" : 309248,
            "99.500000" : 1019904,
            "99.900000" : 1417216,
            "99.950000" : 1515520,
            "99.990000" : 3129344
          }
        },
        "lat_ns" : {
          "min" : 4000,
          "max" : 4906000,
          "mean" : 142100.201461,
          "stddev" : 137758.287000,
          "N" : 49141
        },
        "bw_min" : 72902,
        "bw_max" : 97248,
        "bw_agg" : 100.000000,
        "bw_mean" : 86851.166667,
        "bw_dev" : 5667.339009,
        "bw_samples" : 18,
        "iops_min" : 4556,
        "iops_max" : 6078,
        "iops_mean" : 5428.055556,
        "iops_stddev" : 354.287599,
        "iops_samples" : 18
      },
      "write" : {
        "io_bytes" : 268615680,
        "io_kbytes" : 262320,
        "bw_bytes" : 29671454,
        "bw" : 28976,
        "iops" : 1811.001878,
        "runtime" : 9053,
        "total_ios" : 16395,
        "short_ios" : 0,
        "drop_ios" : 0,
        "slat_ns" : {
          "min" : 0,
          "max" : 0,
          "mean" : 0.000000,
          "stddev" : 0.000000,
          "N" : 0
        },
        "clat_ns" : {
          "min" : 51000,
          "max" : 573000,
          "mean" : 114791.155840,
          "stddev" : 25892.042879,
          "N" : 16395,
          "percentile" : {
            "1.000000" : 52992,
            "5.000000" : 61184,
            "10.000000" : 78336,
            "20.000000" : 104960,
            "30.000000" : 118272,
            "40.000000" : 119296,
            "50.000000" : 120320,
            "60.000000" : 120320,
            "70.000000" : 121344,
            "80.000000" : 123392,
            "90.000000" : 138240,
            "95.000000" : 144384,
            "99.000000" : 179200,
            "99.500000" : 211968,
            "99.900000" : 337920,
            "99.950000" : 358400,
            "99.990000" : 452608
          }
        },
        "lat_ns" : {
          "min" : 51000,
          "max" : 574000,
          "mean" : 115368.526990,
          "stddev" : 25954.544212,
          "N" : 16395
        },
        "bw_min" : 24459,
        "bw_max" : 33248,
        "bw_agg" : 100.000000,
        "bw_mean" : 28984.944444,
        "bw_dev" : 1786.653707,
        "bw_samples" : 18,
        "iops_min" : 1528,
        "iops_max" : 2078,
        "iops_mean" : 1811.444444,
        "iops_stddev" : 111.792993,
        "iops_samples" : 18
      },
      "trim" : {
        "io_bytes" : 0,
        "io_kbytes" : 0,
        "bw_bytes" : 0,
        "bw" : 0,
        "iops" : 0.000000,
        "runtime" : 0,
        "total_ios" : 0,
        "short_ios" : 0,
        "drop_ios" : 0,
        "slat_ns" : {
          "min" : 0,
          "max" : 0,
          "mean" : 0.000000,
          "stddev" : 0.000000,
          "N" : 0
        },
        "clat_ns" : {
          "min" : 0,
          "max" : 0,
          "mean" : 0.000000,
          "stddev" : 0.000000,
          "N" : 0
        },
        "lat_ns" : {
          "min" : 0,
          "max" : 0,
          "mean" : 0.000000,
          "stddev" : 0.000000,
          "N" : 0
        },
        "bw_min" : 0,
        "bw_max" : 0,
        "bw_agg" : 0.000000,
        "bw_mean" : 0.000000,
        "bw_dev" : 0.000000,
        "bw_samples" : 0,
        "iops_min" : 0,
        "iops_max" : 0,
        "iops_mean" : 0.000000,
        "iops_stddev" : 0.000000,
        "iops_samples" : 0
      },
      "sync" : {
        "total_ios" : 0,
        "lat_ns" : {
          "min" : 0,
          "max" : 0,
          "mean" : 0.000000,
          "stddev" : 0.000000,
          "N" : 0
        }
      },
      "job_runtime" : 9052,
      "usr_cpu" : 3.181617,
      "sys_cpu" : 21.310208,
      "ctx" : 48386,
      "majf" : 0,
      "minf" : 31,
      "iodepth_level" : {
        "1" : 100.000000,
        "2" : 0.000000,
        "4" : 0.000000,
        "8" : 0.000000,
        "16" : 0.000000,
        "32" : 0.000000,
        ">=64" : 0.000000
      },
      "iodepth_submit" : {
        "0" : 0.000000,
        "4" : 100.000000,
        "8" : 0.000000,
        "16" : 0.000000,
        "32" : 0.000000,
        "64" : 0.000000,
        ">=64" : 0.000000
      },
      "iodepth_complete" : {
        "0" : 0.000000,
        "4" : 100.000000,
        "8" : 0.000000,
        "16" : 0.000000,
        "32" : 0.000000,
        "64" : 0.000000,
        ">=64" : 0.000000
      },
      "latency_ns" : {
        "2" : 0.000000,
        "4" : 0.000000,
        "10" : 0.000000,
        "20" : 0.000000,
        "50" : 0.000000,
        "100" : 0.000000,
        "250" : 0.000000,
        "500" : 0.000000,
        "750" : 0.000000,
        "1000" : 0.000000
      },
      "latency_us" : {
        "2" : 0.000000,
        "4" : 0.000000,
        "10" : 21.075439,
        "20" : 5.175781,
        "50" : 0.202942,
        "100" : 4.351807,
        "250" : 60.208130,
        "500" : 8.503723,
        "750" : 0.051880,
        "1000" : 0.048828
      },
      "latency_ms" : {
        "2" : 0.364685,
        "4" : 0.012207,
        "10" : 0.010000,
        "20" : 0.000000,
        "50" : 0.000000,
        "100" : 0.000000,
        "250" : 0.000000,
        "500" : 0.000000,
        "750" : 0.000000,
        "1000" : 0.000000,
        "2000" : 0.000000,
        ">=2000" : 0.000000
      },
      "latency_depth" : 1,
      "latency_target" : 0,
      "latency_percentile" : 100.000000,
      "latency_window" : 0
    }
  ]
}
