{
  "fio version" : "fio-3.38",
  "timestamp" : 1729842945,
  "timestamp_ms" : 1729842945484,
  "time" : "Fri Oct 25 09:55:45 2024",
  "jobs" : [
    {
      "jobname" : "Exo1_rand_62.5_rep_4",
      "groupid" : 0,
      "job_start" : 1729842936087,
      "error" : 0,
      "eta" : 0,
      "elapsed" : 10,
      "job options" : {
        "name" : "Exo1_rand_62.5_rep_4",
        "runtime" : "60",
        "numjobs" : "1",
        "rwmixwrite" : "62.5",
        "bs" : "16k",
        "filesize" : "1G",
        "direct" : "1",
        "rw" : "randrw"
      },
      "read" : {
        "io_bytes" : 407207936,
        "io_kbytes" : 397664,
        "bw_bytes" : 43677779,
        "bw" : 42654,
        "iops" : 2665.880082,
        "runtime" : 9323,
        "total_ios" : 24854,
        "short_ios" : 0,
        "drop_ios" : 0,
        "slat_ns" : {
          "min" : 0,
          "max" : 0,
          "mean" : 0.000000,
          "stddev" : 0.000000,
          "N" : 0
        },
        "clat_ns" : {
          "min" : 4000,
          "max" : 5089000,
          "mean" : 177420.857810,
          "stddev" : 210876.310869,
          "N" : 24854,
          "percentile" : {
            "1.000000" : 5984,
            "5.000000" : 7008,
            "10.000000" : 8032,
            "20.000000" : 10048,
            "30.000000" : 11968,
            "40.000000" : 158720,
            "50.000000" : 203776,
            "60.000000" : 226304,
            "70.000000" : 246784,
            "80.000000" : 261120,
            "90.000000" : 284672,
            "95.000000" : 301056,
            "99.000000" : 1187840,
            "99.500000" : 1368064,
            "99.900000" : 2211840,
            "99.950000" : 2473984,
            "99.990000" : 4014080
          }
        },
        "lat_ns" : {
          "min" : 4000,
          "max" : 5090000,
          "mean" : 177784.300314,
          "stddev" : 210886.128099,
          "N" : 24854
        },
        "bw_min" : 37227,
        "bw_max" : 52576,
        "bw_agg" : 100.000000,
        "bw_mean" : 42813.666667,
        "bw_dev" : 4089.380465,
        "bw_samples" : 18,
        "iops_min" : 2326,
        "iops_max" : 3286,
        "iops_mean" : 2675.555556,
        "iops_stddev" : 255.668955,
        "iops_samples" : 18
      },
      "write" : {
        "io_bytes" : 666533888,
        "io_kbytes" : 650912,
        "bw_bytes" : 71493498,
        "bw" : 69817,
        "iops" : 4363.616862,
        "runtime" : 9323,
        "total_ios" : 40682,
        "short_ios" : 0,
        "drop_ios" : 0,
        "slat_ns" : {
          "min" : 0,
          "max" : 0,
          "mean" : 0.000000,
          "stddev" : 0.000000,
          "N" : 0
        },
        "clat_ns" : {
          "min" : 50000,
          "max" : 22778000,
          "mean" : 114652.549039,
          "stddev" : 122999.385539,
          "N" : 40682,
          "percentile" : {
            "1.000000" : 54016,
            "5.000000" : 61184,
            "10.000000" : 67072,
            "20.000000" : 83456,
            "30.000000" : 104960,
            "40.000000" : 118272,
            "50.000000" : 119296,
            "60.000000" : 120320,
            "70.000000" : 122368,
            "80.000000" : 138240,
            "90.000000" : 142336,
            "95.000000" : 150528,
            "99.000000" : 185344,
            "99.500000" : 211968,
            "99.900000" : 337920,
            "99.950000" : 468992,
            "99.990000" : 2277376
          }
        },
        "lat_ns" : {
          "min" : 51000,
          "max" : 22779000,
          "mean" : 115321.641021,
          "stddev" : 123021.649133,
          "N" : 40682
        },
        "bw_min" : 61655,
        "bw_max" : 89472,
        "bw_agg" : 100.000000,
        "bw_mean" : 69990.833333,
        "bw_dev" : 7028.634310,
        "bw_samples" : 18,
        "iops_min" : 3853,
        "iops_max" : 5592,
        "iops_mean" : 4374.111111,
        "iops_stddev" : 439.334107,
        "iops_samples" : 18
      },
      "trim" : {
        "io_bytes" : 0,
        "io_kbytes" : 0,
        "bw_bytes" : 0,
        "bw" : 0,
        "iops" : 0.000000,
        "runtime" : 0,
        "total_ios" : 0,
        "short_ios" : 0,
        "drop_ios" : 0,
        "slat_ns" : {
          "min" : 0,
          "max" : 0,
          "mean" : 0.000000,
          "stddev" : 0.000000,
          "N" : 0
        },
        "clat_ns" : {
          "min" : 0,
          "max" : 0,
          "mean" : 0.000000,
          "stddev" : 0.000000,
          "N" : 0
        },
        "lat_ns" : {
          "min" : 0,
          "max" : 0,
          "mean" : 0.000000,
          "stddev" : 0.000000,
          "N" : 0
        },
        "bw_min" : 0,
        "bw_max" : 0,
        "bw_agg" : 0.000000,
        "bw_mean" : 0.000000,
        "bw_dev" : 0.000000,
        "bw_samples" : 0,
        "iops_min" : 0,
        "iops_max" : 0,
        "iops_mean" : 0.000000,
        "iops_stddev" : 0.000000,
        "iops_samples" : 0
      },
      "sync" : {
        "total_ios" : 0,
        "lat_ns" : {
          "min" : 0,
          "max" : 0,
          "mean" : 0.000000,
          "stddev" : 0.000000,
          "N" : 0
        }
      },
      "job_runtime" : 9322,
      "usr_cpu" : 3.733104,
      "sys_cpu" : 29.457198,
      "ctx" : 57011,
      "majf" : 0,
      "minf" : 31,
      "iodepth_level" : {
        "1" : 100.000000,
        "2" : 0.000000,
        "4" : 0.000000,
        "8" : 0.000000,
        "16" : 0.000000,
        "32" : 0.000000,
        ">=64" : 0.000000
      },
      "iodepth_submit" : {
        "0" : 0.000000,
        "4" : 100.000000,
        "8" : 0.000000,
        "16" : 0.000000,
        "32" : 0.000000,
        "64" : 0.000000,
        ">=64" : 0.000000
      },
      "iodepth_complete" : {
        "0" : 0.000000,
        "4" : 100.000000,
        "8" : 0.000000,
        "16" : 0.000000,
        "32" : 0.000000,
        "64" : 0.000000,
        ">=64" : 0.000000
      },
      "latency_ns" : {
        "2" : 0.000000,
        "4" : 0.000000,
        "10" : 0.000000,
        "20" : 0.000000,
        "50" : 0.000000,
        "100" : 0.000000,
        "250" : 0.000000,
        "500" : 0.000000,
        "750" : 0.000000,
        "1000" : 0.000000
      },
      "latency_us" : {
        "2" : 0.000000,
        "4" : 0.000000,
        "10" : 6.936646,
        "20" : 5.992126,
        "50" : 0.599670,
        "100" : 15.254211,
        "250" : 60.444641,
        "500" : 9.860229,
        "750" : 0.117493,
        "1000" : 0.158691
      },
      "latency_ms" : {
        "2" : 0.576782,
        "4" : 0.051880,
        "10" : 0.010000,
        "20" : 0.000000,
        "50" : 0.010000,
        "100" : 0.000000,
        "250" : 0.000000,
        "500" : 0.000000,
        "750" : 0.000000,
        "1000" : 0.000000,
        "2000" : 0.000000,
        ">=2000" : 0.000000
      },
      "latency_depth" : 1,
      "latency_target" : 0,
      "latency_percentile" : 100.000000,
      "latency_window" : 0
    }
  ]
}
