{
  "fio version" : "fio-3.38",
  "timestamp" : 1729843017,
  "timestamp_ms" : 1729843017456,
  "time" : "Fri Oct 25 09:56:57 2024",
  "jobs" : [
    {
      "jobname" : "Exo1_rand_87.5_rep_3",
      "groupid" : 0,
      "job_start" : 1729843012981,
      "error" : 0,
      "eta" : 0,
      "elapsed" : 5,
      "job options" : {
        "name" : "Exo1_rand_87.5_rep_3",
        "runtime" : "60",
        "numjobs" : "1",
        "rwmixwrite" : "87.5",
        "bs" : "16k",
        "filesize" : "1G",
        "direct" : "1",
        "rw" : "randrw"
      },
      "read" : {
        "io_bytes" : 140673024,
        "io_kbytes" : 137376,
        "bw_bytes" : 33052872,
        "bw" : 32278,
        "iops" : 2017.387218,
        "runtime" : 4256,
        "total_ios" : 8586,
        "short_ios" : 0,
        "drop_ios" : 0,
        "slat_ns" : {
          "min" : 0,
          "max" : 0,
          "mean" : 0.000000,
          "stddev" : 0.000000,
          "N" : 0
        },
        "clat_ns" : {
          "min" : 3000,
          "max" : 4341000,
          "mean" : 31536.920568,
          "stddev" : 159959.848921,
          "N" : 8586,
          "percentile" : {
            "1.000000" : 4016,
            "5.000000" : 4016,
            "10.000000" : 5024,
            "20.000000" : 5984,
            "30.000000" : 5984,
            "40.000000" : 5984,
            "50.000000" : 5984,
            "60.000000" : 5984,
            "70.000000" : 7008,
            "80.000000" : 7008,
            "90.000000" : 8032,
            "95.000000" : 211968,
            "99.000000" : 528384,
            "99.500000" : 1286144,
            "99.900000" : 2244608,
            "99.950000" : 2572288,
            "99.990000" : 4358144
          }
        },
        "lat_ns" : {
          "min" : 4000,
          "max" : 4341000,
          "mean" : 31737.479618,
          "stddev" : 159952.981690,
          "N" : 8586
        },
        "bw_min" : 27944,
        "bw_max" : 38048,
        "bw_agg" : 99.574960,
        "bw_mean" : 32141.250000,
        "bw_dev" : 3182.301178,
        "bw_samples" : 8,
        "iops_min" : 1746,
        "iops_max" : 2378,
        "iops_mean" : 2008.750000,
        "iops_stddev" : 198.992283,
        "iops_samples" : 8
      },
      "write" : {
        "io_bytes" : 933068800,
        "io_kbytes" : 911200,
        "bw_bytes" : 219236090,
        "bw" : 214097,
        "iops" : 13381.109023,
        "runtime" : 4256,
        "total_ios" : 56950,
        "short_ios" : 0,
        "drop_ios" : 0,
        "slat_ns" : {
          "min" : 0,
          "max" : 0,
          "mean" : 0.000000,
          "stddev" : 0.000000,
          "N" : 0
        },
        "clat_ns" : {
          "min" : 45000,
          "max" : 2231000,
          "mean" : 67129.253731,
          "stddev" : 34392.957310,
          "N" : 56950,
          "percentile" : {
            "1.000000" : 49920,
            "5.000000" : 49920,
            "10.000000" : 50944,
            "20.000000" : 50944,
            "30.000000" : 50944,
            "40.000000" : 51968,
            "50.000000" : 51968,
            "60.000000" : 52992,
            "70.000000" : 55040,
            "80.000000" : 90624,
            "90.000000" : 101888,
            "95.000000" : 127488,
            "99.000000" : 214016,
            "99.500000" : 230400,
            "99.900000" : 296960,
            "99.950000" : 350208,
            "99.990000" : 544768
          }
        },
        "lat_ns" : {
          "min" : 46000,
          "max" : 2232000,
          "mean" : 67589.482002,
          "stddev" : 34400.289134,
          "N" : 56950
        },
        "bw_min" : 187592,
        "bw_max" : 235232,
        "bw_agg" : 99.594697,
        "bw_mean" : 213230.125000,
        "bw_dev" : 17192.079077,
        "bw_samples" : 8,
        "iops_min" : 11724,
        "iops_max" : 14702,
        "iops_mean" : 13326.750000,
        "iops_stddev" : 1074.666560,
        "iops_samples" : 8
      },
      "trim" : {
        "io_bytes" : 0,
        "io_kbytes" : 0,
        "bw_bytes" : 0,
        "bw" : 0,
        "iops" : 0.000000,
        "runtime" : 0,
        "total_ios" : 0,
        "short_ios" : 0,
        "drop_ios" : 0,
        "slat_ns" : {
          "min" : 0,
          "max" : 0,
          "mean" : 0.000000,
          "stddev" : 0.000000,
          "N" : 0
        },
        "clat_ns" : {
          "min" : 0,
          "max" : 0,
          "mean" : 0.000000,
          "stddev" : 0.000000,
          "N" : 0
        },
        "lat_ns" : {
          "min" : 0,
          "max" : 0,
          "mean" : 0.000000,
          "stddev" : 0.000000,
          "N" : 0
        },
        "bw_min" : 0,
        "bw_max" : 0,
        "bw_agg" : 0.000000,
        "bw_mean" : 0.000000,
        "bw_dev" : 0.000000,
        "bw_samples" : 0,
        "iops_min" : 0,
        "iops_max" : 0,
        "iops_mean" : 0.000000,
        "iops_stddev" : 0.000000,
        "iops_samples" : 0
      },
      "sync" : {
        "total_ios" : 0,
        "lat_ns" : {
          "min" : 0,
          "max" : 0,
          "mean" : 0.000000,
          "stddev" : 0.000000,
          "N" : 0
        }
      },
      "job_runtime" : 4255,
      "usr_cpu" : 5.146886,
      "sys_cpu" : 42.820212,
      "ctx" : 57619,
      "majf" : 0,
      "minf" : 34,
      "iodepth_level" : {
        "1" : 100.000000,
        "2" : 0.000000,
        "4" : 0.000000,
        "8" : 0.000000,
        "16" : 0.000000,
        "32" : 0.000000,
        ">=64" : 0.000000
      },
      "iodepth_submit" : {
        "0" : 0.000000,
        "4" : 100.000000,
        "8" : 0.000000,
        "16" : 0.000000,
        "32" : 0.000000,
        "64" : 0.000000,
        ">=64" : 0.000000
      },
      "iodepth_complete" : {
        "0" : 0.000000,
        "4" : 100.000000,
        "8" : 0.000000,
        "16" : 0.000000,
        "32" : 0.000000,
        "64" : 0.000000,
        ">=64" : 0.000000
      },
      "latency_ns" : {
        "2" : 0.000000,
        "4" : 0.000000,
        "10" : 0.000000,
        "20" : 0.000000,
        "50" : 0.000000,
        "100" : 0.000000,
        "250" : 0.000000,
        "500" : 0.000000,
        "750" : 0.000000,
        "1000" : 0.000000
      },
      "latency_us" : {
        "2" : 0.000000,
        "4" : 0.010000,
        "10" : 12.063599,
        "20" : 0.189209,
        "50" : 0.215149,
        "100" : 77.746582,
        "250" : 9.127808,
        "500" : 0.509644,
        "750" : 0.035095,
        "1000" : 0.021362
      },
      "latency_ms" : {
        "2" : 0.067139,
        "4" : 0.021362,
        "10" : 0.010000,
        "20" : 0.000000,
        "50" : 0.000000,
        "100" : 0.000000,
        "250" : 0.000000,
        "500" : 0.000000,
        "750" : 0.000000,
        "1000" : 0.000000,
        "2000" : 0.000000,
        ">=2000" : 0.000000
      },
      "latency_depth" : 1,
      "latency_target" : 0,
      "latency_percentile" : 100.000000,
      "latency_window" : 0
    }
  ]
}
