{
  "fio version" : "fio-3.38",
  "timestamp" : 1729842611,
  "timestamp_ms" : 1729842611033,
  "time" : "Fri Oct 25 09:50:11 2024",
  "jobs" : [
    {
      "jobname" : "Exo1_seq_87.5_rep_3",
      "groupid" : 0,
      "job_start" : 1729842605269,
      "error" : 0,
      "eta" : 0,
      "elapsed" : 6,
      "job options" : {
        "name" : "Exo1_seq_87.5_rep_3",
        "runtime" : "60",
        "numjobs" : "1",
        "rwmixwrite" : "87.5",
        "bs" : "16k",
        "filesize" : "1G",
        "direct" : "1",
        "rw" : "rw"
      },
      "read" : {
        "io_bytes" : 140673024,
        "io_kbytes" : 137376,
        "bw_bytes" : 25111214,
        "bw" : 24522,
        "iops" : 1532.666905,
        "runtime" : 5602,
        "total_ios" : 8586,
        "short_ios" : 0,
        "drop_ios" : 0,
        "slat_ns" : {
          "min" : 0,
          "max" : 0,
          "mean" : 0.000000,
          "stddev" : 0.000000,
          "N" : 0
        },
        "clat_ns" : {
          "min" : 36000,
          "max" : 4586000,
          "mean" : 130973.561612,
          "stddev" : 238656.205188,
          "N" : 8586,
          "percentile" : {
            "1.000000" : 38144,
            "5.000000" : 38144,
            "10.000000" : 39168,
            "20.000000" : 39168,
            "30.000000" : 40192,
            "40.000000" : 41216,
            "50.000000" : 47872,
            "60.000000" : 103936,
            "70.000000" : 117248,
            "80.000000" : 187392,
            "90.000000" : 238592,
            "95.000000" : 296960,
            "99.000000" : 1335296,
            "99.500000" : 1810432,
            "99.900000" : 2867200,
            "99.950000" : 3588096,
            "99.990000" : 4554752
          }
        },
        "lat_ns" : {
          "min" : 37000,
          "max" : 4586000,
          "mean" : 131197.530864,
          "stddev" : 238661.248416,
          "N" : 8586
        },
        "bw_min" : 19936,
        "bw_max" : 29408,
        "bw_agg" : 100.000000,
        "bw_mean" : 24581.727273,
        "bw_dev" : 3024.696087,
        "bw_samples" : 11,
        "iops_min" : 1246,
        "iops_max" : 1838,
        "iops_mean" : 1536.272727,
        "iops_stddev" : 189.051364,
        "iops_samples" : 11
      },
      "write" : {
        "io_bytes" : 933068800,
        "io_kbytes" : 911200,
        "bw_bytes" : 166559942,
        "bw" : 162656,
        "iops" : 10166.012139,
        "runtime" : 5602,
        "total_ios" : 56950,
        "short_ios" : 0,
        "drop_ios" : 0,
        "slat_ns" : {
          "min" : 0,
          "max" : 0,
          "mean" : 0.000000,
          "stddev" : 0.000000,
          "N" : 0
        },
        "clat_ns" : {
          "min" : 48000,
          "max" : 27027000,
          "mean" : 75403.230904,
          "stddev" : 118790.628587,
          "N" : 56950,
          "percentile" : {
            "1.000000" : 49920,
            "5.000000" : 49920,
            "10.000000" : 50944,
            "20.000000" : 50944,
            "30.000000" : 50944,
            "40.000000" : 51968,
            "50.000000" : 52992,
            "60.000000" : 64256,
            "70.000000" : 94720,
            "80.000000" : 105984,
            "90.000000" : 126464,
            "95.000000" : 129536,
            "99.000000" : 140288,
            "99.500000" : 148480,
            "99.900000" : 259072,
            "99.950000" : 313344,
            "99.990000" : 1220608
          }
        },
        "lat_ns" : {
          "min" : 48000,
          "max" : 27028000,
          "mean" : 75891.483758,
          "stddev" : 118804.162699,
          "N" : 56950
        },
        "bw_min" : 134336,
        "bw_max" : 184512,
        "bw_agg" : 100.000000,
        "bw_mean" : 163234.090909,
        "bw_dev" : 16382.483392,
        "bw_samples" : 11,
        "iops_min" : 8398,
        "iops_max" : 11532,
        "iops_mean" : 10202.090909,
        "iops_stddev" : 1023.786936,
        "iops_samples" : 11
      },
      "trim" : {
        "io_bytes" : 0,
        "io_kbytes" : 0,
        "bw_bytes" : 0,
        "bw" : 0,
        "iops" : 0.000000,
        "runtime" : 0,
        "total_ios" : 0,
        "short_ios" : 0,
        "drop_ios" : 0,
        "slat_ns" : {
          "min" : 0,
          "max" : 0,
          "mean" : 0.000000,
          "stddev" : 0.000000,
          "N" : 0
        },
        "clat_ns" : {
          "min" : 0,
          "max" : 0,
          "mean" : 0.000000,
          "stddev" : 0.000000,
          "N" : 0
        },
        "lat_ns" : {
          "min" : 0,
          "max" : 0,
          "mean" : 0.000000,
          "stddev" : 0.000000,
          "N" : 0
        },
        "bw_min" : 0,
        "bw_max" : 0,
        "bw_agg" : 0.000000,
        "bw_mean" : 0.000000,
        "bw_dev" : 0.000000,
        "bw_samples" : 0,
        "iops_min" : 0,
        "iops_max" : 0,
        "iops_mean" : 0.000000,
        "iops_stddev" : 0.000000,
        "iops_samples" : 0
      },
      "sync" : {
        "total_ios" : 0,
        "lat_ns" : {
          "min" : 0,
          "max" : 0,
          "mean" : 0.000000,
          "stddev" : 0.000000,
          "N" : 0
        }
      },
      "job_runtime" : 5601,
      "usr_cpu" : 4.249241,
      "sys_cpu" : 40.546331,
      "ctx" : 65689,
      "majf" : 0,
      "minf" : 33,
      "iodepth_level" : {
        "1" : 100.000000,
        "2" : 0.000000,
        "4" : 0.000000,
        "8" : 0.000000,
        "16" : 0.000000,
        "32" : 0.000000,
        ">=64" : 0.000000
      },
      "iodepth_submit" : {
        "0" : 0.000000,
        "4" : 100.000000,
        "8" : 0.000000,
        "16" : 0.000000,
        "32" : 0.000000,
        "64" : 0.000000,
        ">=64" : 0.000000
      },
      "iodepth_complete" : {
        "0" : 0.000000,
        "4" : 100.000000,
        "8" : 0.000000,
        "16" : 0.000000,
        "32" : 0.000000,
        "64" : 0.000000,
        ">=64" : 0.000000
      },
      "latency_ns" : {
        "2" : 0.000000,
        "4" : 0.000000,
        "10" : 0.000000,
        "20" : 0.000000,
        "50" : 0.000000,
        "100" : 0.000000,
        "250" : 0.000000,
        "500" : 0.000000,
        "750" : 0.000000,
        "1000" : 0.000000
      },
      "latency_us" : {
        "2" : 0.000000,
        "4" : 0.000000,
        "10" : 0.000000,
        "20" : 0.000000,
        "50" : 7.257080,
        "100" : 66.920471,
        "250" : 24.639893,
        "500" : 0.814819,
        "750" : 0.068665,
        "1000" : 0.064087
      },
      "latency_ms" : {
        "2" : 0.189209,
        "4" : 0.039673,
        "10" : 0.010000,
        "20" : 0.000000,
        "50" : 0.010000,
        "100" : 0.000000,
        "250" : 0.000000,
        "500" : 0.000000,
        "750" : 0.000000,
        "1000" : 0.000000,
        "2000" : 0.000000,
        ">=2000" : 0.000000
      },
      "latency_depth" : 1,
      "latency_target" : 0,
      "latency_percentile" : 100.000000,
      "latency_window" : 0
    }
  ]
}
