{
  "fio version" : "fio-3.38",
  "timestamp" : 1729842567,
  "timestamp_ms" : 1729842567481,
  "time" : "Fri Oct 25 09:49:27 2024",
  "jobs" : [
    {
      "jobname" : "Exo1_seq_75_rep_2",
      "groupid" : 0,
      "job_start" : 1729842561487,
      "error" : 0,
      "eta" : 0,
      "elapsed" : 7,
      "job options" : {
        "name" : "Exo1_seq_75_rep_2",
        "runtime" : "60",
        "numjobs" : "1",
        "rwmixwrite" : "75",
        "bs" : "16k",
        "filesize" : "1G",
        "direct" : "1",
        "rw" : "rw"
      },
      "read" : {
        "io_bytes" : 268910592,
        "io_kbytes" : 262608,
        "bw_bytes" : 46621115,
        "bw" : 45528,
        "iops" : 2845.527046,
        "runtime" : 5768,
        "total_ios" : 16413,
        "short_ios" : 0,
        "drop_ios" : 0,
        "slat_ns" : {
          "min" : 0,
          "max" : 0,
          "mean" : 0.000000,
          "stddev" : 0.000000,
          "N" : 0
        },
        "clat_ns" : {
          "min" : 37000,
          "max" : 4988000,
          "mean" : 109999.207945,
          "stddev" : 185905.134863,
          "N" : 16413,
          "percentile" : {
            "1.000000" : 37120,
            "5.000000" : 38144,
            "10.000000" : 39168,
            "20.000000" : 39168,
            "30.000000" : 40192,
            "40.000000" : 42240,
            "50.000000" : 48896,
            "60.000000" : 84480,
            "70.000000" : 114176,
            "80.000000" : 140288,
            "90.000000" : 205824,
            "95.000000" : 244736,
            "99.000000" : 1089536,
            "99.500000" : 1400832,
            "99.900000" : 2211840,
            "99.950000" : 2834432,
            "99.990000" : 4751360
          }
        },
        "lat_ns" : {
          "min" : 37000,
          "max" : 4989000,
          "mean" : 110204.411138,
          "stddev" : 185914.344537,
          "N" : 16413
        },
        "bw_min" : 37641,
        "bw_max" : 51824,
        "bw_agg" : 99.366478,
        "bw_mean" : 45240.181818,
        "bw_dev" : 4727.685815,
        "bw_samples" : 11,
        "iops_min" : 2352,
        "iops_max" : 3239,
        "iops_mean" : 2827.000000,
        "iops_stddev" : 295.667381,
        "iops_samples" : 11
      },
      "write" : {
        "io_bytes" : 804831232,
        "io_kbytes" : 785968,
        "bw_bytes" : 139533847,
        "bw" : 136263,
        "iops" : 8516.470180,
        "runtime" : 5768,
        "total_ios" : 49123,
        "short_ios" : 0,
        "drop_ios" : 0,
        "slat_ns" : {
          "min" : 0,
          "max" : 0,
          "mean" : 0.000000,
          "stddev" : 0.000000,
          "N" : 0
        },
        "clat_ns" : {
          "min" : 50000,
          "max" : 587000,
          "mean" : 76819.473566,
          "stddev" : 32764.038357,
          "N" : 49123,
          "percentile" : {
            "1.000000" : 50944,
            "5.000000" : 50944,
            "10.000000" : 50944,
            "20.000000" : 51968,
            "30.000000" : 51968,
            "40.000000" : 52992,
            "50.000000" : 55040,
            "60.000000" : 67072,
            "70.000000" : 95744,
            "80.000000" : 115200,
            "90.000000" : 128512,
            "95.000000" : 134144,
            "99.000000" : 146432,
            "99.500000" : 154624,
            "99.900000" : 244736,
            "99.950000" : 301056,
            "99.990000" : 544768
          }
        },
        "lat_ns" : {
          "min" : 50000,
          "max" : 588000,
          "mean" : 77334.527614,
          "stddev" : 32830.189412,
          "N" : 49123
        },
        "bw_min" : 112637,
        "bw_max" : 160223,
        "bw_agg" : 99.281156,
        "bw_mean" : 135284.909091,
        "bw_dev" : 16344.793009,
        "bw_samples" : 11,
        "iops_min" : 7039,
        "iops_max" : 10013,
        "iops_mean" : 8454.818182,
        "iops_stddev" : 1021.497608,
        "iops_samples" : 11
      },
      "trim" : {
        "io_bytes" : 0,
        "io_kbytes" : 0,
        "bw_bytes" : 0,
        "bw" : 0,
        "iops" : 0.000000,
        "runtime" : 0,
        "total_ios" : 0,
        "short_ios" : 0,
        "drop_ios" : 0,
        "slat_ns" : {
          "min" : 0,
          "max" : 0,
          "mean" : 0.000000,
          "stddev" : 0.000000,
          "N" : 0
        },
        "clat_ns" : {
          "min" : 0,
          "max" : 0,
          "mean" : 0.000000,
          "stddev" : 0.000000,
          "N" : 0
        },
        "lat_ns" : {
          "min" : 0,
          "max" : 0,
          "mean" : 0.000000,
          "stddev" : 0.000000,
          "N" : 0
        },
        "bw_min" : 0,
        "bw_max" : 0,
        "bw_agg" : 0.000000,
        "bw_mean" : 0.000000,
        "bw_dev" : 0.000000,
        "bw_samples" : 0,
        "iops_min" : 0,
        "iops_max" : 0,
        "iops_mean" : 0.000000,
        "iops_stddev" : 0.000000,
        "iops_samples" : 0
      },
      "sync" : {
        "total_ios" : 0,
        "lat_ns" : {
          "min" : 0,
          "max" : 0,
          "mean" : 0.000000,
          "stddev" : 0.000000,
          "N" : 0
        }
      },
      "job_runtime" : 5767,
      "usr_cpu" : 4.230969,
      "sys_cpu" : 39.413907,
      "ctx" : 65738,
      "majf" : 0,
      "minf" : 32,
      "iodepth_level" : {
        "1" : 100.000000,
        "2" : 0.000000,
        "4" : 0.000000,
        "8" : 0.000000,
        "16" : 0.000000,
        "32" : 0.000000,
        ">=64" : 0.000000
      },
      "iodepth_submit" : {
        "0" : 0.000000,
        "4" : 100.000000,
        "8" : 0.000000,
        "16" : 0.000000,
        "32" : 0.000000,
        "64" : 0.000000,
        ">=64" : 0.000000
      },
      "iodepth_complete" : {
        "0" : 0.000000,
        "4" : 100.000000,
        "8" : 0.000000,
        "16" : 0.000000,
        "32" : 0.000000,
        "64" : 0.000000,
        ">=64" : 0.000000
      },
      "latency_ns" : {
        "2" : 0.000000,
        "4" : 0.000000,
        "10" : 0.000000,
        "20" : 0.000000,
        "50" : 0.000000,
        "100" : 0.000000,
        "250" : 0.000000,
        "500" : 0.000000,
        "750" : 0.000000,
        "1000" : 0.000000
      },
      "latency_us" : {
        "2" : 0.000000,
        "4" : 0.000000,
        "10" : 0.000000,
        "20" : 0.000000,
        "50" : 12.576294,
        "100" : 60.038757,
        "250" : 26.123047,
        "500" : 0.833130,
        "750" : 0.071716,
        "1000" : 0.077820
      },
      "latency_ms" : {
        "2" : 0.236511,
        "4" : 0.039673,
        "10" : 0.010000,
        "20" : 0.000000,
        "50" : 0.000000,
        "100" : 0.000000,
        "250" : 0.000000,
        "500" : 0.000000,
        "750" : 0.000000,
        "1000" : 0.000000,
        "2000" : 0.000000,
        ">=2000" : 0.000000
      },
      "latency_depth" : 1,
      "latency_target" : 0,
      "latency_percentile" : 100.000000,
      "latency_window" : 0
    }
  ]
}
