{
  "fio version" : "fio-3.38",
  "timestamp" : 1729842924,
  "timestamp_ms" : 1729842924052,
  "time" : "Fri Oct 25 09:55:24 2024",
  "jobs" : [
    {
      "jobname" : "Exo1_rand_62.5_rep_2",
      "groupid" : 0,
      "job_start" : 1729842914581,
      "error" : 0,
      "eta" : 0,
      "elapsed" : 10,
      "job options" : {
        "name" : "Exo1_rand_62.5_rep_2",
        "runtime" : "60",
        "numjobs" : "1",
        "rwmixwrite" : "62.5",
        "bs" : "16k",
        "filesize" : "1G",
        "direct" : "1",
        "rw" : "randrw"
      },
      "read" : {
        "io_bytes" : 407207936,
        "io_kbytes" : 397664,
        "bw_bytes" : 43403105,
        "bw" : 42385,
        "iops" : 2649.115327,
        "runtime" : 9382,
        "total_ios" : 24854,
        "short_ios" : 0,
        "drop_ios" : 0,
        "slat_ns" : {
          "min" : 0,
          "max" : 0,
          "mean" : 0.000000,
          "stddev" : 0.000000,
          "N" : 0
        },
        "clat_ns" : {
          "min" : 4000,
          "max" : 5827000,
          "mean" : 173081.596524,
          "stddev" : 210605.273434,
          "N" : 24854,
          "percentile" : {
            "1.000000" : 5984,
            "5.000000" : 7008,
            "10.000000" : 8032,
            "20.000000" : 10048,
            "30.000000" : 10944,
            "40.000000" : 148480,
            "50.000000" : 205824,
            "60.000000" : 230400,
            "70.000000" : 248832,
            "80.000000" : 264192,
            "90.000000" : 284672,
            "95.000000" : 296960,
            "99.000000" : 1171456,
            "99.500000" : 1433600,
            "99.900000" : 2146304,
            "99.950000" : 2277376,
            "99.990000" : 4292608
          }
        },
        "lat_ns" : {
          "min" : 4000,
          "max" : 5827000,
          "mean" : 173485.555645,
          "stddev" : 210614.426333,
          "N" : 24854
        },
        "bw_min" : 36143,
        "bw_max" : 46240,
        "bw_agg" : 100.000000,
        "bw_mean" : 42511.055556,
        "bw_dev" : 2442.428528,
        "bw_samples" : 18,
        "iops_min" : 2258,
        "iops_max" : 2890,
        "iops_mean" : 2656.722222,
        "iops_stddev" : 152.792749,
        "iops_samples" : 18
      },
      "write" : {
        "io_bytes" : 666533888,
        "io_kbytes" : 650912,
        "bw_bytes" : 71043901,
        "bw" : 69378,
        "iops" : 4336.175656,
        "runtime" : 9382,
        "total_ios" : 40682,
        "short_ios" : 0,
        "drop_ios" : 0,
        "slat_ns" : {
          "min" : 0,
          "max" : 0,
          "mean" : 0.000000,
          "stddev" : 0.000000,
          "N" : 0
        },
        "clat_ns" : {
          "min" : 51000,
          "max" : 1476000,
          "mean" : 118565.163955,
          "stddev" : 28177.976710,
          "N" : 40682,
          "percentile" : {
            "1.000000" : 55040,
            "5.000000" : 67072,
            "10.000000" : 79360,
            "20.000000" : 104960,
            "30.000000" : 118272,
            "40.000000" : 119296,
            "50.000000" : 120320,
            "60.000000" : 121344,
            "70.000000" : 122368,
            "80.000000" : 134144,
            "90.000000" : 144384,
            "95.000000" : 146432,
            "99.000000" : 201728,
            "99.500000" : 240640,
            "99.900000" : 309248,
            "99.950000" : 358400,
            "99.990000" : 569344
          }
        },
        "lat_ns" : {
          "min" : 51000,
          "max" : 1476000,
          "mean" : 119219.507399,
          "stddev" : 28255.461889,
          "N" : 40682
        },
        "bw_min" : 60685,
        "bw_max" : 75584,
        "bw_agg" : 100.000000,
        "bw_mean" : 69471.055556,
        "bw_dev" : 3926.914392,
        "bw_samples" : 18,
        "iops_min" : 3792,
        "iops_max" : 4724,
        "iops_mean" : 4341.666667,
        "iops_stddev" : 245.403389,
        "iops_samples" : 18
      },
      "trim" : {
        "io_bytes" : 0,
        "io_kbytes" : 0,
        "bw_bytes" : 0,
        "bw" : 0,
        "iops" : 0.000000,
        "runtime" : 0,
        "total_ios" : 0,
        "short_ios" : 0,
        "drop_ios" : 0,
        "slat_ns" : {
          "min" : 0,
          "max" : 0,
          "mean" : 0.000000,
          "stddev" : 0.000000,
          "N" : 0
        },
        "clat_ns" : {
          "min" : 0,
          "max" : 0,
          "mean" : 0.000000,
          "stddev" : 0.000000,
          "N" : 0
        },
        "lat_ns" : {
          "min" : 0,
          "max" : 0,
          "mean" : 0.000000,
          "stddev" : 0.000000,
          "N" : 0
        },
        "bw_min" : 0,
        "bw_max" : 0,
        "bw_agg" : 0.000000,
        "bw_mean" : 0.000000,
        "bw_dev" : 0.000000,
        "bw_samples" : 0,
        "iops_min" : 0,
        "iops_max" : 0,
        "iops_mean" : 0.000000,
        "iops_stddev" : 0.000000,
        "iops_samples" : 0
      },
      "sync" : {
        "total_ios" : 0,
        "lat_ns" : {
          "min" : 0,
          "max" : 0,
          "mean" : 0.000000,
          "stddev" : 0.000000,
          "N" : 0
        }
      },
      "job_runtime" : 9381,
      "usr_cpu" : 3.773585,
      "sys_cpu" : 29.122695,
      "ctx" : 56381,
      "majf" : 0,
      "minf" : 33,
      "iodepth_level" : {
        "1" : 100.000000,
        "2" : 0.000000,
        "4" : 0.000000,
        "8" : 0.000000,
        "16" : 0.000000,
        "32" : 0.000000,
        ">=64" : 0.000000
      },
      "iodepth_submit" : {
        "0" : 0.000000,
        "4" : 100.000000,
        "8" : 0.000000,
        "16" : 0.000000,
        "32" : 0.000000,
        "64" : 0.000000,
        ">=64" : 0.000000
      },
      "iodepth_complete" : {
        "0" : 0.000000,
        "4" : 100.000000,
        "8" : 0.000000,
        "16" : 0.000000,
        "32" : 0.000000,
        "64" : 0.000000,
        ">=64" : 0.000000
      },
      "latency_ns" : {
        "2" : 0.000000,
        "4" : 0.000000,
        "10" : 0.000000,
        "20" : 0.000000,
        "50" : 0.000000,
        "100" : 0.000000,
        "250" : 0.000000,
        "500" : 0.000000,
        "750" : 0.000000,
        "1000" : 0.000000
      },
      "latency_us" : {
        "2" : 0.000000,
        "4" : 0.000000,
        "10" : 6.980896,
        "20" : 7.098389,
        "50" : 0.355530,
        "100" : 9.706116,
        "250" : 64.288330,
        "500" : 10.804749,
        "750" : 0.080872,
        "1000" : 0.146484
      },
      "latency_ms" : {
        "2" : 0.488281,
        "4" : 0.044250,
        "10" : 0.010000,
        "20" : 0.000000,
        "50" : 0.000000,
        "100" : 0.000000,
        "250" : 0.000000,
        "500" : 0.000000,
        "750" : 0.000000,
        "1000" : 0.000000,
        "2000" : 0.000000,
        ">=2000" : 0.000000
      },
      "latency_depth" : 1,
      "latency_target" : 0,
      "latency_percentile" : 100.000000,
      "latency_window" : 0
    }
  ]
}
