{
  "fio version" : "fio-3.38",
  "timestamp" : 1729842426,
  "timestamp_ms" : 1729842426831,
  "time" : "Fri Oct 25 09:47:06 2024",
  "jobs" : [
    {
      "jobname" : "Exo1_seq_25_rep_2",
      "groupid" : 0,
      "job_start" : 1729842421580,
      "error" : 0,
      "eta" : 0,
      "elapsed" : 6,
      "job options" : {
        "name" : "Exo1_seq_25_rep_2",
        "runtime" : "60",
        "numjobs" : "1",
        "rwmixwrite" : "25",
        "bs" : "16k",
        "filesize" : "1G",
        "direct" : "1",
        "rw" : "rw"
      },
      "read" : {
        "io_bytes" : 805126144,
        "io_kbytes" : 786256,
        "bw_bytes" : 160768000,
        "bw" : 157000,
        "iops" : 9812.500000,
        "runtime" : 5008,
        "total_ios" : 49141,
        "short_ios" : 0,
        "drop_ios" : 0,
        "slat_ns" : {
          "min" : 0,
          "max" : 0,
          "mean" : 0.000000,
          "stddev" : 0.000000,
          "N" : 0
        },
        "clat_ns" : {
          "min" : 3000,
          "max" : 6221000,
          "mean" : 74039.376488,
          "stddev" : 99826.793507,
          "N" : 49141,
          "percentile" : {
            "1.000000" : 4016,
            "5.000000" : 5024,
            "10.000000" : 7008,
            "20.000000" : 44800,
            "30.000000" : 45824,
            "40.000000" : 46848,
            "50.000000" : 46848,
            "60.000000" : 48896,
            "70.000000" : 52992,
            "80.000000" : 85504,
            "90.000000" : 187392,
            "95.000000" : 214016,
            "99.000000" : 264192,
            "99.500000" : 325632,
            "99.900000" : 1335296,
            "99.950000" : 1695744,
            "99.990000" : 2834432
          }
        },
        "lat_ns" : {
          "min" : 3000,
          "max" : 6221000,
          "mean" : 74240.369549,
          "stddev" : 99832.588882,
          "N" : 49141
        },
        "bw_min" : 137440,
        "bw_max" : 248800,
        "bw_agg" : 99.981529,
        "bw_mean" : 156971.300000,
        "bw_dev" : 32732.285177,
        "bw_samples" : 10,
        "iops_min" : 8590,
        "iops_max" : 15550,
        "iops_mean" : 9810.700000,
        "iops_stddev" : 2045.769078,
        "iops_samples" : 10
      },
      "write" : {
        "io_bytes" : 268615680,
        "io_kbytes" : 262320,
        "bw_bytes" : 53637316,
        "bw" : 52380,
        "iops" : 3273.761981,
        "runtime" : 5008,
        "total_ios" : 16395,
        "short_ios" : 0,
        "drop_ios" : 0,
        "slat_ns" : {
          "min" : 0,
          "max" : 0,
          "mean" : 0.000000,
          "stddev" : 0.000000,
          "N" : 0
        },
        "clat_ns" : {
          "min" : 59000,
          "max" : 1687000,
          "mean" : 74025.861543,
          "stddev" : 25439.689681,
          "N" : 16395,
          "percentile" : {
            "1.000000" : 60160,
            "5.000000" : 61184,
            "10.000000" : 61184,
            "20.000000" : 62208,
            "30.000000" : 62208,
            "40.000000" : 63232,
            "50.000000" : 64256,
            "60.000000" : 64768,
            "70.000000" : 71168,
            "80.000000" : 97792,
            "90.000000" : 98816,
            "95.000000" : 104960,
            "99.000000" : 132096,
            "99.500000" : 148480,
            "99.900000" : 268288,
            "99.950000" : 301056,
            "99.990000" : 1171456
          }
        },
        "lat_ns" : {
          "min" : 59000,
          "max" : 1687000,
          "mean" : 74429.277219,
          "stddev" : 25478.584619,
          "N" : 16395
        },
        "bw_min" : 44992,
        "bw_max" : 83296,
        "bw_agg" : 99.974816,
        "bw_mean" : 52367.700000,
        "bw_dev" : 11032.126863,
        "bw_samples" : 10,
        "iops_min" : 2812,
        "iops_max" : 5206,
        "iops_mean" : 3272.900000,
        "iops_stddev" : 689.531959,
        "iops_samples" : 10
      },
      "trim" : {
        "io_bytes" : 0,
        "io_kbytes" : 0,
        "bw_bytes" : 0,
        "bw" : 0,
        "iops" : 0.000000,
        "runtime" : 0,
        "total_ios" : 0,
        "short_ios" : 0,
        "drop_ios" : 0,
        "slat_ns" : {
          "min" : 0,
          "max" : 0,
          "mean" : 0.000000,
          "stddev" : 0.000000,
          "N" : 0
        },
        "clat_ns" : {
          "min" : 0,
          "max" : 0,
          "mean" : 0.000000,
          "stddev" : 0.000000,
          "N" : 0
        },
        "lat_ns" : {
          "min" : 0,
          "max" : 0,
          "mean" : 0.000000,
          "stddev" : 0.000000,
          "N" : 0
        },
        "bw_min" : 0,
        "bw_max" : 0,
        "bw_agg" : 0.000000,
        "bw_mean" : 0.000000,
        "bw_dev" : 0.000000,
        "bw_samples" : 0,
        "iops_min" : 0,
        "iops_max" : 0,
        "iops_mean" : 0.000000,
        "iops_stddev" : 0.000000,
        "iops_samples" : 0
      },
      "sync" : {
        "total_ios" : 0,
        "lat_ns" : {
          "min" : 0,
          "max" : 0,
          "mean" : 0.000000,
          "stddev" : 0.000000,
          "N" : 0
        }
      },
      "job_runtime" : 5007,
      "usr_cpu" : 4.034352,
      "sys_cpu" : 45.016976,
      "ctx" : 104225,
      "majf" : 0,
      "minf" : 40,
      "iodepth_level" : {
        "1" : 100.000000,
        "2" : 0.000000,
        "4" : 0.000000,
        "8" : 0.000000,
        "16" : 0.000000,
        "32" : 0.000000,
        ">=64" : 0.000000
      },
      "iodepth_submit" : {
        "0" : 0.000000,
        "4" : 100.000000,
        "8" : 0.000000,
        "16" : 0.000000,
        "32" : 0.000000,
        "64" : 0.000000,
        ">=64" : 0.000000
      },
      "iodepth_complete" : {
        "0" : 0.000000,
        "4" : 100.000000,
        "8" : 0.000000,
        "16" : 0.000000,
        "32" : 0.000000,
        "64" : 0.000000,
        ">=64" : 0.000000
      },
      "latency_ns" : {
        "2" : 0.000000,
        "4" : 0.000000,
        "10" : 0.000000,
        "20" : 0.000000,
        "50" : 0.000000,
        "100" : 0.000000,
        "250" : 0.000000,
        "500" : 0.000000,
        "750" : 0.000000,
        "1000" : 0.000000
      },
      "latency_us" : {
        "2" : 0.000000,
        "4" : 0.013733,
        "10" : 7.580566,
        "20" : 0.010000,
        "50" : 40.748596,
        "100" : 35.148621,
        "250" : 14.938354,
        "500" : 1.254272,
        "750" : 0.067139,
        "1000" : 0.077820
      },
      "latency_ms" : {
        "2" : 0.152588,
        "4" : 0.010000,
        "10" : 0.010000,
        "20" : 0.000000,
        "50" : 0.000000,
        "100" : 0.000000,
        "250" : 0.000000,
        "500" : 0.000000,
        "750" : 0.000000,
        "1000" : 0.000000,
        "2000" : 0.000000,
        ">=2000" : 0.000000
      },
      "latency_depth" : 1,
      "latency_target" : 0,
      "latency_percentile" : 100.000000,
      "latency_window" : 0
    }
  ]
}
