{
  "fio version" : "fio-3.38",
  "timestamp" : 1729842544,
  "timestamp_ms" : 1729842544946,
  "time" : "Fri Oct 25 09:49:04 2024",
  "jobs" : [
    {
      "jobname" : "Exo1_seq_62.5_rep_4",
      "groupid" : 0,
      "job_start" : 1729842538705,
      "error" : 0,
      "eta" : 0,
      "elapsed" : 7,
      "job options" : {
        "name" : "Exo1_seq_62.5_rep_4",
        "runtime" : "60",
        "numjobs" : "1",
        "rwmixwrite" : "62.5",
        "bs" : "16k",
        "filesize" : "1G",
        "direct" : "1",
        "rw" : "rw"
      },
      "read" : {
        "io_bytes" : 407207936,
        "io_kbytes" : 397664,
        "bw_bytes" : 65965970,
        "bw" : 64419,
        "iops" : 4026.243318,
        "runtime" : 6173,
        "total_ios" : 24854,
        "short_ios" : 0,
        "drop_ios" : 0,
        "slat_ns" : {
          "min" : 0,
          "max" : 0,
          "mean" : 0.000000,
          "stddev" : 0.000000,
          "N" : 0
        },
        "clat_ns" : {
          "min" : 8000,
          "max" : 5019000,
          "mean" : 106309.769051,
          "stddev" : 152445.420291,
          "N" : 24854,
          "percentile" : {
            "1.000000" : 37120,
            "5.000000" : 38144,
            "10.000000" : 39168,
            "20.000000" : 39168,
            "30.000000" : 40192,
            "40.000000" : 42240,
            "50.000000" : 68096,
            "60.000000" : 107008,
            "70.000000" : 115200,
            "80.000000" : 144384,
            "90.000000" : 201728,
            "95.000000" : 246784,
            "99.000000" : 733184,
            "99.500000" : 1204224,
            "99.900000" : 1957888,
            "99.950000" : 2211840,
            "99.990000" : 3686400
          }
        },
        "lat_ns" : {
          "min" : 8000,
          "max" : 5020000,
          "mean" : 106508.006759,
          "stddev" : 152457.744229,
          "N" : 24854
        },
        "bw_min" : 54208,
        "bw_max" : 86080,
        "bw_agg" : 99.916342,
        "bw_mean" : 64366.916667,
        "bw_dev" : 11494.927399,
        "bw_samples" : 12,
        "iops_min" : 3388,
        "iops_max" : 5380,
        "iops_mean" : 4022.833333,
        "iops_stddev" : 718.366940,
        "iops_samples" : 12
      },
      "write" : {
        "io_bytes" : 666533888,
        "io_kbytes" : 650912,
        "bw_bytes" : 107975682,
        "bw" : 105445,
        "iops" : 6590.312652,
        "runtime" : 6173,
        "total_ios" : 40682,
        "short_ios" : 0,
        "drop_ios" : 0,
        "slat_ns" : {
          "min" : 0,
          "max" : 0,
          "mean" : 0.000000,
          "stddev" : 0.000000,
          "N" : 0
        },
        "clat_ns" : {
          "min" : 50000,
          "max" : 8039000,
          "mean" : 82433.656162,
          "stddev" : 53613.551975,
          "N" : 40682,
          "percentile" : {
            "1.000000" : 49920,
            "5.000000" : 50944,
            "10.000000" : 50944,
            "20.000000" : 51968,
            "30.000000" : 52992,
            "40.000000" : 54016,
            "50.000000" : 64768,
            "60.000000" : 95744,
            "70.000000" : 98816,
            "80.000000" : 125440,
            "90.000000" : 129536,
            "95.000000" : 132096,
            "99.000000" : 146432,
            "99.500000" : 156672,
            "99.900000" : 240640,
            "99.950000" : 350208,
            "99.990000" : 921600
          }
        },
        "lat_ns" : {
          "min" : 50000,
          "max" : 8040000,
          "mean" : 82937.712010,
          "stddev" : 53650.103673,
          "N" : 40682
        },
        "bw_min" : 86944,
        "bw_max" : 143680,
        "bw_agg" : 99.798945,
        "bw_mean" : 105233.500000,
        "bw_dev" : 19535.288683,
        "bw_samples" : 12,
        "iops_min" : 5434,
        "iops_max" : 8980,
        "iops_mean" : 6577.000000,
        "iops_stddev" : 1220.958640,
        "iops_samples" : 12
      },
      "trim" : {
        "io_bytes" : 0,
        "io_kbytes" : 0,
        "bw_bytes" : 0,
        "bw" : 0,
        "iops" : 0.000000,
        "runtime" : 0,
        "total_ios" : 0,
        "short_ios" : 0,
        "drop_ios" : 0,
        "slat_ns" : {
          "min" : 0,
          "max" : 0,
          "mean" : 0.000000,
          "stddev" : 0.000000,
          "N" : 0
        },
        "clat_ns" : {
          "min" : 0,
          "max" : 0,
          "mean" : 0.000000,
          "stddev" : 0.000000,
          "N" : 0
        },
        "lat_ns" : {
          "min" : 0,
          "max" : 0,
          "mean" : 0.000000,
          "stddev" : 0.000000,
          "N" : 0
        },
        "bw_min" : 0,
        "bw_max" : 0,
        "bw_agg" : 0.000000,
        "bw_mean" : 0.000000,
        "bw_dev" : 0.000000,
        "bw_samples" : 0,
        "iops_min" : 0,
        "iops_max" : 0,
        "iops_mean" : 0.000000,
        "iops_stddev" : 0.000000,
        "iops_samples" : 0
      },
      "sync" : {
        "total_ios" : 0,
        "lat_ns" : {
          "min" : 0,
          "max" : 0,
          "mean" : 0.000000,
          "stddev" : 0.000000,
          "N" : 0
        }
      },
      "job_runtime" : 6172,
      "usr_cpu" : 3.758911,
      "sys_cpu" : 36.616980,
      "ctx" : 65726,
      "majf" : 0,
      "minf" : 40,
      "iodepth_level" : {
        "1" : 100.000000,
        "2" : 0.000000,
        "4" : 0.000000,
        "8" : 0.000000,
        "16" : 0.000000,
        "32" : 0.000000,
        ">=64" : 0.000000
      },
      "iodepth_submit" : {
        "0" : 0.000000,
        "4" : 100.000000,
        "8" : 0.000000,
        "16" : 0.000000,
        "32" : 0.000000,
        "64" : 0.000000,
        ">=64" : 0.000000
      },
      "iodepth_complete" : {
        "0" : 0.000000,
        "4" : 100.000000,
        "8" : 0.000000,
        "16" : 0.000000,
        "32" : 0.000000,
        "64" : 0.000000,
        ">=64" : 0.000000
      },
      "latency_ns" : {
        "2" : 0.000000,
        "4" : 0.000000,
        "10" : 0.000000,
        "20" : 0.000000,
        "50" : 0.000000,
        "100" : 0.000000,
        "250" : 0.000000,
        "500" : 0.000000,
        "750" : 0.000000,
        "1000" : 0.000000
      },
      "latency_us" : {
        "2" : 0.000000,
        "4" : 0.000000,
        "10" : 0.010000,
        "20" : 0.010000,
        "50" : 17.712402,
        "100" : 48.127747,
        "250" : 32.333374,
        "500" : 1.342773,
        "750" : 0.097656,
        "1000" : 0.100708
      },
      "latency_ms" : {
        "2" : 0.250244,
        "4" : 0.027466,
        "10" : 0.010000,
        "20" : 0.000000,
        "50" : 0.000000,
        "100" : 0.000000,
        "250" : 0.000000,
        "500" : 0.000000,
        "750" : 0.000000,
        "1000" : 0.000000,
        "2000" : 0.000000,
        ">=2000" : 0.000000
      },
      "latency_depth" : 1,
      "latency_target" : 0,
      "latency_percentile" : 100.000000,
      "latency_window" : 0
    }
  ]
}
