{
  "fio version" : "fio-3.38",
  "timestamp" : 1729842500,
  "timestamp_ms" : 1729842500864,
  "time" : "Fri Oct 25 09:48:20 2024",
  "jobs" : [
    {
      "jobname" : "Exo1_seq_50_rep_3",
      "groupid" : 0,
      "job_start" : 1729842495880,
      "error" : 0,
      "eta" : 0,
      "elapsed" : 6,
      "job options" : {
        "name" : "Exo1_seq_50_rep_3",
        "runtime" : "60",
        "numjobs" : "1",
        "rwmixwrite" : "50",
        "bs" : "16k",
        "filesize" : "1G",
        "direct" : "1",
        "rw" : "rw"
      },
      "read" : {
        "io_bytes" : 536363008,
        "io_kbytes" : 523792,
        "bw_bytes" : 108751623,
        "bw" : 106202,
        "iops" : 6637.672344,
        "runtime" : 4932,
        "total_ios" : 32737,
        "short_ios" : 0,
        "drop_ios" : 0,
        "slat_ns" : {
          "min" : 0,
          "max" : 0,
          "mean" : 0.000000,
          "stddev" : 0.000000,
          "N" : 0
        },
        "clat_ns" : {
          "min" : 7000,
          "max" : 4909000,
          "mean" : 80780.920671,
          "stddev" : 113267.656073,
          "N" : 32737,
          "percentile" : {
            "1.000000" : 36096,
            "5.000000" : 37120,
            "10.000000" : 37120,
            "20.000000" : 38144,
            "30.000000" : 38144,
            "40.000000" : 39168,
            "50.000000" : 39168,
            "60.000000" : 41216,
            "70.000000" : 72192,
            "80.000000" : 130560,
            "90.000000" : 171008,
            "95.000000" : 205824,
            "99.000000" : 280576,
            "99.500000" : 757760,
            "99.900000" : 1531904,
            "99.950000" : 1908736,
            "99.990000" : 2211840
          }
        },
        "lat_ns" : {
          "min" : 7000,
          "max" : 4909000,
          "mean" : 80997.617375,
          "stddev" : 113282.057675,
          "N" : 32737
        },
        "bw_min" : 71043,
        "bw_max" : 158882,
        "bw_agg" : 95.310144,
        "bw_mean" : 101222.888889,
        "bw_dev" : 31712.409237,
        "bw_samples" : 9,
        "iops_min" : 4440,
        "iops_max" : 9930,
        "iops_mean" : 6326.222222,
        "iops_stddev" : 1981.945621,
        "iops_samples" : 9
      },
      "write" : {
        "io_bytes" : 537378816,
        "io_kbytes" : 524784,
        "bw_bytes" : 108957586,
        "bw" : 106403,
        "iops" : 6650.243309,
        "runtime" : 4932,
        "total_ios" : 32799,
        "short_ios" : 0,
        "drop_ios" : 0,
        "slat_ns" : {
          "min" : 0,
          "max" : 0,
          "mean" : 0.000000,
          "stddev" : 0.000000,
          "N" : 0
        },
        "clat_ns" : {
          "min" : 49000,
          "max" : 1674000,
          "mean" : 64704.686118,
          "stddev" : 27343.268946,
          "N" : 32799,
          "percentile" : {
            "1.000000" : 49920,
            "5.000000" : 49920,
            "10.000000" : 50944,
            "20.000000" : 50944,
            "30.000000" : 51968,
            "40.000000" : 51968,
            "50.000000" : 51968,
            "60.000000" : 52992,
            "70.000000" : 56064,
            "80.000000" : 78336,
            "90.000000" : 102912,
            "95.000000" : 127488,
            "99.000000" : 140288,
            "99.500000" : 146432,
            "99.900000" : 220160,
            "99.950000" : 280576,
            "99.990000" : 593920
          }
        },
        "lat_ns" : {
          "min" : 49000,
          "max" : 1674000,
          "mean" : 65160.004878,
          "stddev" : 27393.420461,
          "N" : 32799
        },
        "bw_min" : 71552,
        "bw_max" : 160990,
        "bw_agg" : 95.322640,
        "bw_mean" : 101427.111111,
        "bw_dev" : 31707.226769,
        "bw_samples" : 9,
        "iops_min" : 4472,
        "iops_max" : 10061,
        "iops_mean" : 6338.888889,
        "iops_stddev" : 1981.599130,
        "iops_samples" : 9
      },
      "trim" : {
        "io_bytes" : 0,
        "io_kbytes" : 0,
        "bw_bytes" : 0,
        "bw" : 0,
        "iops" : 0.000000,
        "runtime" : 0,
        "total_ios" : 0,
        "short_ios" : 0,
        "drop_ios" : 0,
        "slat_ns" : {
          "min" : 0,
          "max" : 0,
          "mean" : 0.000000,
          "stddev" : 0.000000,
          "N" : 0
        },
        "clat_ns" : {
          "min" : 0,
          "max" : 0,
          "mean" : 0.000000,
          "stddev" : 0.000000,
          "N" : 0
        },
        "lat_ns" : {
          "min" : 0,
          "max" : 0,
          "mean" : 0.000000,
          "stddev" : 0.000000,
          "N" : 0
        },
        "bw_min" : 0,
        "bw_max" : 0,
        "bw_agg" : 0.000000,
        "bw_mean" : 0.000000,
        "bw_dev" : 0.000000,
        "bw_samples" : 0,
        "iops_min" : 0,
        "iops_max" : 0,
        "iops_mean" : 0.000000,
        "iops_stddev" : 0.000000,
        "iops_samples" : 0
      },
      "sync" : {
        "total_ios" : 0,
        "lat_ns" : {
          "min" : 0,
          "max" : 0,
          "mean" : 0.000000,
          "stddev" : 0.000000,
          "N" : 0
        }
      },
      "job_runtime" : 4931,
      "usr_cpu" : 4.319611,
      "sys_cpu" : 37.821943,
      "ctx" : 65705,
      "majf" : 0,
      "minf" : 35,
      "iodepth_level" : {
        "1" : 100.000000,
        "2" : 0.000000,
        "4" : 0.000000,
        "8" : 0.000000,
        "16" : 0.000000,
        "32" : 0.000000,
        ">=64" : 0.000000
      },
      "iodepth_submit" : {
        "0" : 0.000000,
        "4" : 100.000000,
        "8" : 0.000000,
        "16" : 0.000000,
        "32" : 0.000000,
        "64" : 0.000000,
        ">=64" : 0.000000
      },
      "iodepth_complete" : {
        "0" : 0.000000,
        "4" : 100.000000,
        "8" : 0.000000,
        "16" : 0.000000,
        "32" : 0.000000,
        "64" : 0.000000,
        ">=64" : 0.000000
      },
      "latency_ns" : {
        "2" : 0.000000,
        "4" : 0.000000,
        "10" : 0.000000,
        "20" : 0.000000,
        "50" : 0.000000,
        "100" : 0.000000,
        "250" : 0.000000,
        "500" : 0.000000,
        "750" : 0.000000,
        "1000" : 0.000000
      },
      "latency_us" : {
        "2" : 0.000000,
        "4" : 0.000000,
        "10" : 0.010000,
        "20" : 0.012207,
        "50" : 33.250427,
        "100" : 47.398376,
        "250" : 18.344116,
        "500" : 0.715637,
        "750" : 0.021362,
        "1000" : 0.039673
      },
      "latency_ms" : {
        "2" : 0.204468,
        "4" : 0.010000,
        "10" : 0.010000,
        "20" : 0.000000,
        "50" : 0.000000,
        "100" : 0.000000,
        "250" : 0.000000,
        "500" : 0.000000,
        "750" : 0.000000,
        "1000" : 0.000000,
        "2000" : 0.000000,
        ">=2000" : 0.000000
      },
      "latency_depth" : 1,
      "latency_target" : 0,
      "latency_percentile" : 100.000000,
      "latency_window" : 0
    }
  ]
}
