{
  "fio version" : "fio-3.38",
  "timestamp" : 1729842459,
  "timestamp_ms" : 1729842459804,
  "time" : "Fri Oct 25 09:47:39 2024",
  "jobs" : [
    {
      "jobname" : "Exo1_seq_37.5_rep_2",
      "groupid" : 0,
      "job_start" : 1729842453788,
      "error" : 0,
      "eta" : 0,
      "elapsed" : 7,
      "job options" : {
        "name" : "Exo1_seq_37.5_rep_2",
        "runtime" : "60",
        "numjobs" : "1",
        "rwmixwrite" : "37.5",
        "bs" : "16k",
        "filesize" : "1G",
        "direct" : "1",
        "rw" : "rw"
      },
      "read" : {
        "io_bytes" : 676413440,
        "io_kbytes" : 660560,
        "bw_bytes" : 117270013,
        "bw" : 114521,
        "iops" : 7157.593620,
        "runtime" : 5768,
        "total_ios" : 41285,
        "short_ios" : 0,
        "drop_ios" : 0,
        "slat_ns" : {
          "min" : 0,
          "max" : 0,
          "mean" : 0.000000,
          "stddev" : 0.000000,
          "N" : 0
        },
        "clat_ns" : {
          "min" : 6000,
          "max" : 4976000,
          "mean" : 93316.192322,
          "stddev" : 118419.741641,
          "N" : 41285,
          "percentile" : {
            "1.000000" : 37120,
            "5.000000" : 38144,
            "10.000000" : 38144,
            "20.000000" : 39168,
            "30.000000" : 40192,
            "40.000000" : 41216,
            "50.000000" : 59136,
            "60.000000" : 77312,
            "70.000000" : 115200,
            "80.000000" : 138240,
            "90.000000" : 171008,
            "95.000000" : 203776,
            "99.000000" : 284672,
            "99.500000" : 946176,
            "99.900000" : 1695744,
            "99.950000" : 1875968,
            "99.990000" : 2768896
          }
        },
        "lat_ns" : {
          "min" : 7000,
          "max" : 4976000,
          "mean" : 93569.310888,
          "stddev" : 118426.311370,
          "N" : 41285
        },
        "bw_min" : 87008,
        "bw_max" : 128192,
        "bw_agg" : 100.000000,
        "bw_mean" : 115184.272727,
        "bw_dev" : 12562.151823,
        "bw_samples" : 11,
        "iops_min" : 5438,
        "iops_max" : 8012,
        "iops_mean" : 7198.909091,
        "iops_stddev" : 785.093683,
        "iops_samples" : 11
      },
      "write" : {
        "io_bytes" : 397328384,
        "io_kbytes" : 388016,
        "bw_bytes" : 68884948,
        "bw" : 67270,
        "iops" : 4204.403606,
        "runtime" : 5768,
        "total_ios" : 24251,
        "short_ios" : 0,
        "drop_ios" : 0,
        "slat_ns" : {
          "min" : 0,
          "max" : 0,
          "mean" : 0.000000,
          "stddev" : 0.000000,
          "N" : 0
        },
        "clat_ns" : {
          "min" : 48000,
          "max" : 34202000,
          "mean" : 71784.091378,
          "stddev" : 222135.043490,
          "N" : 24251,
          "percentile" : {
            "1.000000" : 50944,
            "5.000000" : 51968,
            "10.000000" : 51968,
            "20.000000" : 52992,
            "30.000000" : 52992,
            "40.000000" : 54016,
            "50.000000" : 55040,
            "60.000000" : 58112,
            "70.000000" : 76288,
            "80.000000" : 88576,
            "90.000000" : 108032,
            "95.000000" : 128512,
            "99.000000" : 150528,
            "99.500000" : 162816,
            "99.900000" : 272384,
            "99.950000" : 288768,
            "99.990000" : 1990656
          }
        },
        "lat_ns" : {
          "min" : 49000,
          "max" : 34202000,
          "mean" : 72312.069605,
          "stddev" : 222139.449121,
          "N" : 24251
        },
        "bw_min" : 50944,
        "bw_max" : 74528,
        "bw_agg" : 100.000000,
        "bw_mean" : 67509.818182,
        "bw_dev" : 7117.287500,
        "bw_samples" : 11,
        "iops_min" : 3184,
        "iops_max" : 4658,
        "iops_mean" : 4219.272727,
        "iops_stddev" : 444.763778,
        "iops_samples" : 11
      },
      "trim" : {
        "io_bytes" : 0,
        "io_kbytes" : 0,
        "bw_bytes" : 0,
        "bw" : 0,
        "iops" : 0.000000,
        "runtime" : 0,
        "total_ios" : 0,
        "short_ios" : 0,
        "drop_ios" : 0,
        "slat_ns" : {
          "min" : 0,
          "max" : 0,
          "mean" : 0.000000,
          "stddev" : 0.000000,
          "N" : 0
        },
        "clat_ns" : {
          "min" : 0,
          "max" : 0,
          "mean" : 0.000000,
          "stddev" : 0.000000,
          "N" : 0
        },
        "lat_ns" : {
          "min" : 0,
          "max" : 0,
          "mean" : 0.000000,
          "stddev" : 0.000000,
          "N" : 0
        },
        "bw_min" : 0,
        "bw_max" : 0,
        "bw_agg" : 0.000000,
        "bw_mean" : 0.000000,
        "bw_dev" : 0.000000,
        "bw_samples" : 0,
        "iops_min" : 0,
        "iops_max" : 0,
        "iops_mean" : 0.000000,
        "iops_stddev" : 0.000000,
        "iops_samples" : 0
      },
      "sync" : {
        "total_ios" : 0,
        "lat_ns" : {
          "min" : 0,
          "max" : 0,
          "mean" : 0.000000,
          "stddev" : 0.000000,
          "N" : 0
        }
      },
      "job_runtime" : 5767,
      "usr_cpu" : 4.040229,
      "sys_cpu" : 34.385296,
      "ctx" : 65645,
      "majf" : 0,
      "minf" : 32,
      "iodepth_level" : {
        "1" : 100.000000,
        "2" : 0.000000,
        "4" : 0.000000,
        "8" : 0.000000,
        "16" : 0.000000,
        "32" : 0.000000,
        ">=64" : 0.000000
      },
      "iodepth_submit" : {
        "0" : 0.000000,
        "4" : 100.000000,
        "8" : 0.000000,
        "16" : 0.000000,
        "32" : 0.000000,
        "64" : 0.000000,
        ">=64" : 0.000000
      },
      "iodepth_complete" : {
        "0" : 0.000000,
        "4" : 100.000000,
        "8" : 0.000000,
        "16" : 0.000000,
        "32" : 0.000000,
        "64" : 0.000000,
        ">=64" : 0.000000
      },
      "latency_ns" : {
        "2" : 0.000000,
        "4" : 0.000000,
        "10" : 0.000000,
        "20" : 0.000000,
        "50" : 0.000000,
        "100" : 0.000000,
        "250" : 0.000000,
        "500" : 0.000000,
        "750" : 0.000000,
        "1000" : 0.000000
      },
      "latency_us" : {
        "2" : 0.000000,
        "4" : 0.000000,
        "10" : 0.042725,
        "20" : 0.041199,
        "50" : 30.195618,
        "100" : 42.308044,
        "250" : 26.225281,
        "500" : 0.737000,
        "750" : 0.048828,
        "1000" : 0.102234
      },
      "latency_ms" : {
        "2" : 0.280762,
        "4" : 0.015259,
        "10" : 0.010000,
        "20" : 0.000000,
        "50" : 0.010000,
        "100" : 0.000000,
        "250" : 0.000000,
        "500" : 0.000000,
        "750" : 0.000000,
        "1000" : 0.000000,
        "2000" : 0.000000,
        ">=2000" : 0.000000
      },
      "latency_depth" : 1,
      "latency_target" : 0,
      "latency_percentile" : 100.000000,
      "latency_window" : 0
    }
  ]
}
