{
  "fio version" : "fio-3.38",
  "timestamp" : 1729842782,
  "timestamp_ms" : 1729842782498,
  "time" : "Fri Oct 25 09:53:02 2024",
  "jobs" : [
    {
      "jobname" : "Exo1_rand_25_rep_4",
      "groupid" : 0,
      "job_start" : 1729842773250,
      "error" : 0,
      "eta" : 0,
      "elapsed" : 10,
      "job options" : {
        "name" : "Exo1_rand_25_rep_4",
        "runtime" : "60",
        "numjobs" : "1",
        "rwmixwrite" : "25",
        "bs" : "16k",
        "filesize" : "1G",
        "direct" : "1",
        "rw" : "randrw"
      },
      "read" : {
        "io_bytes" : 805126144,
        "io_kbytes" : 786256,
        "bw_bytes" : 87342823,
        "bw" : 85295,
        "iops" : 5330.982860,
        "runtime" : 9218,
        "total_ios" : 49141,
        "short_ios" : 0,
        "drop_ios" : 0,
        "slat_ns" : {
          "min" : 0,
          "max" : 0,
          "mean" : 0.000000,
          "stddev" : 0.000000,
          "N" : 0
        },
        "clat_ns" : {
          "min" : 4000,
          "max" : 4980000,
          "mean" : 145679.758247,
          "stddev" : 142063.274706,
          "N" : 49141,
          "percentile" : {
            "1.000000" : 5024,
            "5.000000" : 5984,
            "10.000000" : 7008,
            "20.000000" : 8032,
            "30.000000" : 10048,
            "40.000000" : 138240,
            "50.000000" : 162816,
            "60.000000" : 199680,
            "70.000000" : 220160,
            "80.000000" : 238592,
            "90.000000" : 257024,
            "95.000000" : 272384,
            "99.000000" : 346112,
            "99.500000" : 995328,
            "99.900000" : 1449984,
            "99.950000" : 1957888,
            "99.990000" : 3260416
          }
        },
        "lat_ns" : {
          "min" : 4000,
          "max" : 4981000,
          "mean" : 146021.590932,
          "stddev" : 142076.302831,
          "N" : 49141
        },
        "bw_min" : 71920,
        "bw_max" : 105516,
        "bw_agg" : 100.000000,
        "bw_mean" : 85404.611111,
        "bw_dev" : 9187.919800,
        "bw_samples" : 18,
        "iops_min" : 4495,
        "iops_max" : 6594,
        "iops_mean" : 5337.722222,
        "iops_stddev" : 574.123763,
        "iops_samples" : 18
      },
      "write" : {
        "io_bytes" : 268615680,
        "io_kbytes" : 262320,
        "bw_bytes" : 29140342,
        "bw" : 28457,
        "iops" : 1778.585376,
        "runtime" : 9218,
        "total_ios" : 16395,
        "short_ios" : 0,
        "drop_ios" : 0,
        "slat_ns" : {
          "min" : 0,
          "max" : 0,
          "mean" : 0.000000,
          "stddev" : 0.000000,
          "N" : 0
        },
        "clat_ns" : {
          "min" : 51000,
          "max" : 1728000,
          "mean" : 112606.648368,
          "stddev" : 36292.190766,
          "N" : 16395,
          "percentile" : {
            "1.000000" : 52992,
            "5.000000" : 55040,
            "10.000000" : 59136,
            "20.000000" : 81408,
            "30.000000" : 103936,
            "40.000000" : 119296,
            "50.000000" : 121344,
            "60.000000" : 122368,
            "70.000000" : 123392,
            "80.000000" : 128512,
            "90.000000" : 144384,
            "95.000000" : 146432,
            "99.000000" : 203776,
            "99.500000" : 309248,
            "99.900000" : 362496,
            "99.950000" : 366592,
            "99.990000" : 477184
          }
        },
        "lat_ns" : {
          "min" : 52000,
          "max" : 1728000,
          "mean" : 113176.700213,
          "stddev" : 36377.588813,
          "N" : 16395
        },
        "bw_min" : 24320,
        "bw_max" : 36375,
        "bw_agg" : 100.000000,
        "bw_mean" : 28507.111111,
        "bw_dev" : 3298.499300,
        "bw_samples" : 18,
        "iops_min" : 1520,
        "iops_max" : 2273,
        "iops_mean" : 1781.555556,
        "iops_stddev" : 206.125382,
        "iops_samples" : 18
      },
      "trim" : {
        "io_bytes" : 0,
        "io_kbytes" : 0,
        "bw_bytes" : 0,
        "bw" : 0,
        "iops" : 0.000000,
        "runtime" : 0,
        "total_ios" : 0,
        "short_ios" : 0,
        "drop_ios" : 0,
        "slat_ns" : {
          "min" : 0,
          "max" : 0,
          "mean" : 0.000000,
          "stddev" : 0.000000,
          "N" : 0
        },
        "clat_ns" : {
          "min" : 0,
          "max" : 0,
          "mean" : 0.000000,
          "stddev" : 0.000000,
          "N" : 0
        },
        "lat_ns" : {
          "min" : 0,
          "max" : 0,
          "mean" : 0.000000,
          "stddev" : 0.000000,
          "N" : 0
        },
        "bw_min" : 0,
        "bw_max" : 0,
        "bw_agg" : 0.000000,
        "bw_mean" : 0.000000,
        "bw_dev" : 0.000000,
        "bw_samples" : 0,
        "iops_min" : 0,
        "iops_max" : 0,
        "iops_mean" : 0.000000,
        "iops_stddev" : 0.000000,
        "iops_samples" : 0
      },
      "sync" : {
        "total_ios" : 0,
        "lat_ns" : {
          "min" : 0,
          "max" : 0,
          "mean" : 0.000000,
          "stddev" : 0.000000,
          "N" : 0
        }
      },
      "job_runtime" : 9217,
      "usr_cpu" : 3.341651,
      "sys_cpu" : 21.644787,
      "ctx" : 48525,
      "majf" : 0,
      "minf" : 31,
      "iodepth_level" : {
        "1" : 100.000000,
        "2" : 0.000000,
        "4" : 0.000000,
        "8" : 0.000000,
        "16" : 0.000000,
        "32" : 0.000000,
        ">=64" : 0.000000
      },
      "iodepth_submit" : {
        "0" : 0.000000,
        "4" : 100.000000,
        "8" : 0.000000,
        "16" : 0.000000,
        "32" : 0.000000,
        "64" : 0.000000,
        ">=64" : 0.000000
      },
      "iodepth_complete" : {
        "0" : 0.000000,
        "4" : 100.000000,
        "8" : 0.000000,
        "16" : 0.000000,
        "32" : 0.000000,
        "64" : 0.000000,
        ">=64" : 0.000000
      },
      "latency_ns" : {
        "2" : 0.000000,
        "4" : 0.000000,
        "10" : 0.000000,
        "20" : 0.000000,
        "50" : 0.000000,
        "100" : 0.000000,
        "250" : 0.000000,
        "500" : 0.000000,
        "750" : 0.000000,
        "1000" : 0.000000
      },
      "latency_us" : {
        "2" : 0.000000,
        "4" : 0.000000,
        "10" : 19.796753,
        "20" : 5.874634,
        "50" : 0.666809,
        "100" : 6.938171,
        "250" : 55.307007,
        "500" : 10.797119,
        "750" : 0.210571,
        "1000" : 0.033569
      },
      "latency_ms" : {
        "2" : 0.347900,
        "4" : 0.022888,
        "10" : 0.010000,
        "20" : 0.000000,
        "50" : 0.000000,
        "100" : 0.000000,
        "250" : 0.000000,
        "500" : 0.000000,
        "750" : 0.000000,
        "1000" : 0.000000,
        "2000" : 0.000000,
        ">=2000" : 0.000000
      },
      "latency_depth" : 1,
      "latency_target" : 0,
      "latency_percentile" : 100.000000,
      "latency_window" : 0
    }
  ]
}
