{
  "fio version" : "fio-3.38",
  "timestamp" : 1729842397,
  "timestamp_ms" : 1729842397867,
  "time" : "Fri Oct 25 09:46:37 2024",
  "jobs" : [
    {
      "jobname" : "Exo1_seq_12.5_rep_2",
      "groupid" : 0,
      "job_start" : 1729842393100,
      "error" : 0,
      "eta" : 0,
      "elapsed" : 5,
      "job options" : {
        "name" : "Exo1_seq_12.5_rep_2",
        "runtime" : "60",
        "numjobs" : "1",
        "rwmixwrite" : "12.5",
        "bs" : "16k",
        "filesize" : "1G",
        "direct" : "1",
        "rw" : "rw"
      },
      "read" : {
        "io_bytes" : 944881664,
        "io_kbytes" : 922736,
        "bw_bytes" : 206576664,
        "bw" : 201735,
        "iops" : 12608.439003,
        "runtime" : 4574,
        "total_ios" : 57671,
        "short_ios" : 0,
        "drop_ios" : 0,
        "slat_ns" : {
          "min" : 0,
          "max" : 0,
          "mean" : 0.000000,
          "stddev" : 0.000000,
          "N" : 0
        },
        "clat_ns" : {
          "min" : 3000,
          "max" : 3084000,
          "mean" : 65956.789374,
          "stddev" : 74862.981286,
          "N" : 57671,
          "percentile" : {
            "1.000000" : 4016,
            "5.000000" : 4016,
            "10.000000" : 4016,
            "20.000000" : 43776,
            "30.000000" : 44800,
            "40.000000" : 45824,
            "50.000000" : 46848,
            "60.000000" : 48896,
            "70.000000" : 54016,
            "80.000000" : 89600,
            "90.000000" : 144384,
            "95.000000" : 203776,
            "99.000000" : 259072,
            "99.500000" : 276480,
            "99.900000" : 970752,
            "99.950000" : 1286144,
            "99.990000" : 1908736
          }
        },
        "lat_ns" : {
          "min" : 3000,
          "max" : 3085000,
          "mean" : 66176.466508,
          "stddev" : 74882.291204,
          "N" : 57671
        },
        "bw_min" : 151104,
        "bw_max" : 310944,
        "bw_agg" : 94.670720,
        "bw_mean" : 190984.888889,
        "bw_dev" : 46392.691225,
        "bw_samples" : 9,
        "iops_min" : 9444,
        "iops_max" : 19434,
        "iops_mean" : 11936.555556,
        "iops_stddev" : 2899.543202,
        "iops_samples" : 9
      },
      "write" : {
        "io_bytes" : 128860160,
        "io_kbytes" : 125840,
        "bw_bytes" : 28172313,
        "bw" : 27512,
        "iops" : 1719.501530,
        "runtime" : 4574,
        "total_ios" : 7865,
        "short_ios" : 0,
        "drop_ios" : 0,
        "slat_ns" : {
          "min" : 0,
          "max" : 0,
          "mean" : 0.000000,
          "stddev" : 0.000000,
          "N" : 0
        },
        "clat_ns" : {
          "min" : 60000,
          "max" : 26342000,
          "mean" : 80138.334393,
          "stddev" : 299690.899063,
          "N" : 7865,
          "percentile" : {
            "1.000000" : 61184,
            "5.000000" : 62208,
            "10.000000" : 62208,
            "20.000000" : 63232,
            "30.000000" : 64256,
            "40.000000" : 64768,
            "50.000000" : 66048,
            "60.000000" : 68096,
            "70.000000" : 76288,
            "80.000000" : 98816,
            "90.000000" : 101888,
            "95.000000" : 108032,
            "99.000000" : 132096,
            "99.500000" : 150528,
            "99.900000" : 428032,
            "99.950000" : 946176,
            "99.990000" : 26345472
          }
        },
        "lat_ns" : {
          "min" : 60000,
          "max" : 26343000,
          "mean" : 80610.298792,
          "stddev" : 299704.159948,
          "N" : 7865
        },
        "bw_min" : 21088,
        "bw_max" : 40256,
        "bw_agg" : 94.540480,
        "bw_mean" : 26010.444444,
        "bw_dev" : 5581.077116,
        "bw_samples" : 9,
        "iops_min" : 1318,
        "iops_max" : 2516,
        "iops_mean" : 1625.555556,
        "iops_stddev" : 348.837753,
        "iops_samples" : 9
      },
      "trim" : {
        "io_bytes" : 0,
        "io_kbytes" : 0,
        "bw_bytes" : 0,
        "bw" : 0,
        "iops" : 0.000000,
        "runtime" : 0,
        "total_ios" : 0,
        "short_ios" : 0,
        "drop_ios" : 0,
        "slat_ns" : {
          "min" : 0,
          "max" : 0,
          "mean" : 0.000000,
          "stddev" : 0.000000,
          "N" : 0
        },
        "clat_ns" : {
          "min" : 0,
          "max" : 0,
          "mean" : 0.000000,
          "stddev" : 0.000000,
          "N" : 0
        },
        "lat_ns" : {
          "min" : 0,
          "max" : 0,
          "mean" : 0.000000,
          "stddev" : 0.000000,
          "N" : 0
        },
        "bw_min" : 0,
        "bw_max" : 0,
        "bw_agg" : 0.000000,
        "bw_mean" : 0.000000,
        "bw_dev" : 0.000000,
        "bw_samples" : 0,
        "iops_min" : 0,
        "iops_max" : 0,
        "iops_mean" : 0.000000,
        "iops_stddev" : 0.000000,
        "iops_samples" : 0
      },
      "sync" : {
        "total_ios" : 0,
        "lat_ns" : {
          "min" : 0,
          "max" : 0,
          "mean" : 0.000000,
          "stddev" : 0.000000,
          "N" : 0
        }
      },
      "job_runtime" : 4573,
      "usr_cpu" : 4.264159,
      "sys_cpu" : 42.510387,
      "ctx" : 100310,
      "majf" : 0,
      "minf" : 39,
      "iodepth_level" : {
        "1" : 100.000000,
        "2" : 0.000000,
        "4" : 0.000000,
        "8" : 0.000000,
        "16" : 0.000000,
        "32" : 0.000000,
        ">=64" : 0.000000
      },
      "iodepth_submit" : {
        "0" : 0.000000,
        "4" : 100.000000,
        "8" : 0.000000,
        "16" : 0.000000,
        "32" : 0.000000,
        "64" : 0.000000,
        ">=64" : 0.000000
      },
      "iodepth_complete" : {
        "0" : 0.000000,
        "4" : 100.000000,
        "8" : 0.000000,
        "16" : 0.000000,
        "32" : 0.000000,
        "64" : 0.000000,
        ">=64" : 0.000000
      },
      "latency_ns" : {
        "2" : 0.000000,
        "4" : 0.000000,
        "10" : 0.000000,
        "20" : 0.000000,
        "50" : 0.000000,
        "100" : 0.000000,
        "250" : 0.000000,
        "500" : 0.000000,
        "750" : 0.000000,
        "1000" : 0.000000
      },
      "latency_us" : {
        "2" : 0.000000,
        "4" : 0.100708,
        "10" : 16.928101,
        "20" : 0.010000,
        "50" : 39.776611,
        "100" : 23.956299,
        "250" : 17.286682,
        "500" : 1.809692,
        "750" : 0.018311,
        "1000" : 0.032043
      },
      "latency_ms" : {
        "2" : 0.077820,
        "4" : 0.010000,
        "10" : 0.000000,
        "20" : 0.000000,
        "50" : 0.010000,
        "100" : 0.000000,
        "250" : 0.000000,
        "500" : 0.000000,
        "750" : 0.000000,
        "1000" : 0.000000,
        "2000" : 0.000000,
        ">=2000" : 0.000000
      },
      "latency_depth" : 1,
      "latency_target" : 0,
      "latency_percentile" : 100.000000,
      "latency_window" : 0
    }
  ]
}
