{
  "fio version" : "fio-3.38",
  "timestamp" : 1729842902,
  "timestamp_ms" : 1729842902359,
  "time" : "Fri Oct 25 09:55:02 2024",
  "jobs" : [
    {
      "jobname" : "Exo1_rand_50_rep_5",
      "groupid" : 0,
      "job_start" : 1729842893126,
      "error" : 0,
      "eta" : 0,
      "elapsed" : 10,
      "job options" : {
        "name" : "Exo1_rand_50_rep_5",
        "runtime" : "60",
        "numjobs" : "1",
        "rwmixwrite" : "50",
        "bs" : "16k",
        "filesize" : "1G",
        "direct" : "1",
        "rw" : "randrw"
      },
      "read" : {
        "io_bytes" : 536363008,
        "io_kbytes" : 523792,
        "bw_bytes" : 58663787,
        "bw" : 57288,
        "iops" : 3580.553429,
        "runtime" : 9143,
        "total_ios" : 32737,
        "short_ios" : 0,
        "drop_ios" : 0,
        "slat_ns" : {
          "min" : 0,
          "max" : 0,
          "mean" : 0.000000,
          "stddev" : 0.000000,
          "N" : 0
        },
        "clat_ns" : {
          "min" : 4000,
          "max" : 4853000,
          "mean" : 161161.743593,
          "stddev" : 182926.671406,
          "N" : 32737,
          "percentile" : {
            "1.000000" : 5024,
            "5.000000" : 7008,
            "10.000000" : 7008,
            "20.000000" : 9024,
            "30.000000" : 10944,
            "40.000000" : 144384,
            "50.000000" : 187392,
            "60.000000" : 214016,
            "70.000000" : 236544,
            "80.000000" : 254976,
            "90.000000" : 272384,
            "95.000000" : 288768,
            "99.000000" : 1036288,
            "99.500000" : 1269760,
            "99.900000" : 1990656,
            "99.950000" : 2179072,
            "99.990000" : 3784704
          }
        },
        "lat_ns" : {
          "min" : 4000,
          "max" : 4854000,
          "mean" : 161473.378746,
          "stddev" : 182936.619262,
          "N" : 32737
        },
        "bw_min" : 51537,
        "bw_max" : 66103,
        "bw_agg" : 99.947888,
        "bw_mean" : 57259.722222,
        "bw_dev" : 4159.238375,
        "bw_samples" : 18,
        "iops_min" : 3221,
        "iops_max" : 4131,
        "iops_mean" : 3578.500000,
        "iops_stddev" : 259.907506,
        "iops_samples" : 18
      },
      "write" : {
        "io_bytes" : 537378816,
        "io_kbytes" : 524784,
        "bw_bytes" : 58774889,
        "bw" : 57397,
        "iops" : 3587.334573,
        "runtime" : 9143,
        "total_ios" : 32799,
        "short_ios" : 0,
        "drop_ios" : 0,
        "slat_ns" : {
          "min" : 0,
          "max" : 0,
          "mean" : 0.000000,
          "stddev" : 0.000000,
          "N" : 0
        },
        "clat_ns" : {
          "min" : 51000,
          "max" : 2145000,
          "mean" : 110873.868106,
          "stddev" : 33330.971964,
          "N" : 32799,
          "percentile" : {
            "1.000000" : 52992,
            "5.000000" : 57088,
            "10.000000" : 64768,
            "20.000000" : 80384,
            "30.000000" : 102912,
            "40.000000" : 118272,
            "50.000000" : 120320,
            "60.000000" : 120320,
            "70.000000" : 121344,
            "80.000000" : 127488,
            "90.000000" : 142336,
            "95.000000" : 144384,
            "99.000000" : 181248,
            "99.500000" : 209920,
            "99.900000" : 284672,
            "99.950000" : 325632,
            "99.990000" : 610304
          }
        },
        "lat_ns" : {
          "min" : 51000,
          "max" : 2145000,
          "mean" : 111485.258697,
          "stddev" : 33412.877914,
          "N" : 32799
        },
        "bw_min" : 51505,
        "bw_max" : 67640,
        "bw_agg" : 99.938407,
        "bw_mean" : 57362.777778,
        "bw_dev" : 4890.051937,
        "bw_samples" : 18,
        "iops_min" : 3219,
        "iops_max" : 4227,
        "iops_mean" : 3584.888889,
        "iops_stddev" : 305.557521,
        "iops_samples" : 18
      },
      "trim" : {
        "io_bytes" : 0,
        "io_kbytes" : 0,
        "bw_bytes" : 0,
        "bw" : 0,
        "iops" : 0.000000,
        "runtime" : 0,
        "total_ios" : 0,
        "short_ios" : 0,
        "drop_ios" : 0,
        "slat_ns" : {
          "min" : 0,
          "max" : 0,
          "mean" : 0.000000,
          "stddev" : 0.000000,
          "N" : 0
        },
        "clat_ns" : {
          "min" : 0,
          "max" : 0,
          "mean" : 0.000000,
          "stddev" : 0.000000,
          "N" : 0
        },
        "lat_ns" : {
          "min" : 0,
          "max" : 0,
          "mean" : 0.000000,
          "stddev" : 0.000000,
          "N" : 0
        },
        "bw_min" : 0,
        "bw_max" : 0,
        "bw_agg" : 0.000000,
        "bw_mean" : 0.000000,
        "bw_dev" : 0.000000,
        "bw_samples" : 0,
        "iops_min" : 0,
        "iops_max" : 0,
        "iops_mean" : 0.000000,
        "iops_stddev" : 0.000000,
        "iops_samples" : 0
      },
      "sync" : {
        "total_ios" : 0,
        "lat_ns" : {
          "min" : 0,
          "max" : 0,
          "mean" : 0.000000,
          "stddev" : 0.000000,
          "N" : 0
        }
      },
      "job_runtime" : 9142,
      "usr_cpu" : 3.467513,
      "sys_cpu" : 26.832203,
      "ctx" : 53904,
      "majf" : 0,
      "minf" : 30,
      "iodepth_level" : {
        "1" : 100.000000,
        "2" : 0.000000,
        "4" : 0.000000,
        "8" : 0.000000,
        "16" : 0.000000,
        "32" : 0.000000,
        ">=64" : 0.000000
      },
      "iodepth_submit" : {
        "0" : 0.000000,
        "4" : 100.000000,
        "8" : 0.000000,
        "16" : 0.000000,
        "32" : 0.000000,
        "64" : 0.000000,
        ">=64" : 0.000000
      },
      "iodepth_complete" : {
        "0" : 0.000000,
        "4" : 100.000000,
        "8" : 0.000000,
        "16" : 0.000000,
        "32" : 0.000000,
        "64" : 0.000000,
        ">=64" : 0.000000
      },
      "latency_ns" : {
        "2" : 0.000000,
        "4" : 0.000000,
        "10" : 0.000000,
        "20" : 0.000000,
        "50" : 0.000000,
        "100" : 0.000000,
        "250" : 0.000000,
        "500" : 0.000000,
        "750" : 0.000000,
        "1000" : 0.000000
      },
      "latency_us" : {
        "2" : 0.000000,
        "4" : 0.000000,
        "10" : 11.003113,
        "20" : 6.686401,
        "50" : 0.527954,
        "100" : 13.887024,
        "250" : 56.234741,
        "500" : 10.926819,
        "750" : 0.071716,
        "1000" : 0.135803
      },
      "latency_ms" : {
        "2" : 0.477600,
        "4" : 0.044250,
        "10" : 0.010000,
        "20" : 0.000000,
        "50" : 0.000000,
        "100" : 0.000000,
        "250" : 0.000000,
        "500" : 0.000000,
        "750" : 0.000000,
        "1000" : 0.000000,
        "2000" : 0.000000,
        ">=2000" : 0.000000
      },
      "latency_depth" : 1,
      "latency_target" : 0,
      "latency_percentile" : 100.000000,
      "latency_window" : 0
    }
  ]
}
