{
  "fio version" : "fio-3.38",
  "timestamp" : 1729843000,
  "timestamp_ms" : 1729843000182,
  "time" : "Fri Oct 25 09:56:40 2024",
  "jobs" : [
    {
      "jobname" : "Exo1_rand_75_rep_5",
      "groupid" : 0,
      "job_start" : 1729842995759,
      "error" : 0,
      "eta" : 0,
      "elapsed" : 5,
      "job options" : {
        "name" : "Exo1_rand_75_rep_5",
        "runtime" : "60",
        "numjobs" : "1",
        "rwmixwrite" : "75",
        "bs" : "16k",
        "filesize" : "1G",
        "direct" : "1",
        "rw" : "randrw"
      },
      "read" : {
        "io_bytes" : 268910592,
        "io_kbytes" : 262608,
        "bw_bytes" : 64026331,
        "bw" : 62525,
        "iops" : 3907.857143,
        "runtime" : 4200,
        "total_ios" : 16413,
        "short_ios" : 0,
        "drop_ios" : 0,
        "slat_ns" : {
          "min" : 0,
          "max" : 0,
          "mean" : 0.000000,
          "stddev" : 0.000000,
          "N" : 0
        },
        "clat_ns" : {
          "min" : 3000,
          "max" : 3491000,
          "mean" : 35124.108938,
          "stddev" : 144049.702717,
          "N" : 16413,
          "percentile" : {
            "1.000000" : 4016,
            "5.000000" : 4016,
            "10.000000" : 5024,
            "20.000000" : 5024,
            "30.000000" : 5984,
            "40.000000" : 5984,
            "50.000000" : 5984,
            "60.000000" : 7008,
            "70.000000" : 7008,
            "80.000000" : 7008,
            "90.000000" : 10944,
            "95.000000" : 228352,
            "99.000000" : 362496,
            "99.500000" : 1089536,
            "99.900000" : 1908736,
            "99.950000" : 2146304,
            "99.990000" : 3260416
          }
        },
        "lat_ns" : {
          "min" : 4000,
          "max" : 3492000,
          "mean" : 35385.608969,
          "stddev" : 144059.560556,
          "N" : 16413
        },
        "bw_min" : 56384,
        "bw_max" : 71104,
        "bw_agg" : 99.448685,
        "bw_mean" : 62181.250000,
        "bw_dev" : 5149.775383,
        "bw_samples" : 8,
        "iops_min" : 3524,
        "iops_max" : 4444,
        "iops_mean" : 3886.125000,
        "iops_stddev" : 322.041008,
        "iops_samples" : 8
      },
      "write" : {
        "io_bytes" : 804831232,
        "io_kbytes" : 785968,
        "bw_bytes" : 191626483,
        "bw" : 187135,
        "iops" : 11695.952381,
        "runtime" : 4200,
        "total_ios" : 49123,
        "short_ios" : 0,
        "drop_ios" : 0,
        "slat_ns" : {
          "min" : 0,
          "max" : 0,
          "mean" : 0.000000,
          "stddev" : 0.000000,
          "N" : 0
        },
        "clat_ns" : {
          "min" : 46000,
          "max" : 29077000,
          "mean" : 70602.202634,
          "stddev" : 136921.536578,
          "N" : 49123,
          "percentile" : {
            "1.000000" : 50944,
            "5.000000" : 50944,
            "10.000000" : 51968,
            "20.000000" : 51968,
            "30.000000" : 52992,
            "40.000000" : 52992,
            "50.000000" : 54016,
            "60.000000" : 56064,
            "70.000000" : 77312,
            "80.000000" : 93696,
            "90.000000" : 102912,
            "95.000000" : 125440,
            "99.000000" : 171008,
            "99.500000" : 211968,
            "99.900000" : 296960,
            "99.950000" : 346112,
            "99.990000" : 1630208
          }
        },
        "lat_ns" : {
          "min" : 47000,
          "max" : 29078000,
          "mean" : 71028.296317,
          "stddev" : 136926.090643,
          "N" : 49123
        },
        "bw_min" : 167136,
        "bw_max" : 210688,
        "bw_agg" : 99.377329,
        "bw_mean" : 185970.000000,
        "bw_dev" : 15438.522274,
        "bw_samples" : 8,
        "iops_min" : 10446,
        "iops_max" : 13168,
        "iops_mean" : 11623.000000,
        "iops_stddev" : 964.925608,
        "iops_samples" : 8
      },
      "trim" : {
        "io_bytes" : 0,
        "io_kbytes" : 0,
        "bw_bytes" : 0,
        "bw" : 0,
        "iops" : 0.000000,
        "runtime" : 0,
        "total_ios" : 0,
        "short_ios" : 0,
        "drop_ios" : 0,
        "slat_ns" : {
          "min" : 0,
          "max" : 0,
          "mean" : 0.000000,
          "stddev" : 0.000000,
          "N" : 0
        },
        "clat_ns" : {
          "min" : 0,
          "max" : 0,
          "mean" : 0.000000,
          "stddev" : 0.000000,
          "N" : 0
        },
        "lat_ns" : {
          "min" : 0,
          "max" : 0,
          "mean" : 0.000000,
          "stddev" : 0.000000,
          "N" : 0
        },
        "bw_min" : 0,
        "bw_max" : 0,
        "bw_agg" : 0.000000,
        "bw_mean" : 0.000000,
        "bw_dev" : 0.000000,
        "bw_samples" : 0,
        "iops_min" : 0,
        "iops_max" : 0,
        "iops_mean" : 0.000000,
        "iops_stddev" : 0.000000,
        "iops_samples" : 0
      },
      "sync" : {
        "total_ios" : 0,
        "lat_ns" : {
          "min" : 0,
          "max" : 0,
          "mean" : 0.000000,
          "stddev" : 0.000000,
          "N" : 0
        }
      },
      "job_runtime" : 4199,
      "usr_cpu" : 5.239343,
      "sys_cpu" : 40.319124,
      "ctx" : 50861,
      "majf" : 0,
      "minf" : 35,
      "iodepth_level" : {
        "1" : 100.000000,
        "2" : 0.000000,
        "4" : 0.000000,
        "8" : 0.000000,
        "16" : 0.000000,
        "32" : 0.000000,
        ">=64" : 0.000000
      },
      "iodepth_submit" : {
        "0" : 0.000000,
        "4" : 100.000000,
        "8" : 0.000000,
        "16" : 0.000000,
        "32" : 0.000000,
        "64" : 0.000000,
        ">=64" : 0.000000
      },
      "iodepth_complete" : {
        "0" : 0.000000,
        "4" : 100.000000,
        "8" : 0.000000,
        "16" : 0.000000,
        "32" : 0.000000,
        "64" : 0.000000,
        ">=64" : 0.000000
      },
      "latency_ns" : {
        "2" : 0.000000,
        "4" : 0.000000,
        "10" : 0.000000,
        "20" : 0.000000,
        "50" : 0.000000,
        "100" : 0.000000,
        "250" : 0.000000,
        "500" : 0.000000,
        "750" : 0.000000,
        "1000" : 0.000000
      },
      "latency_us" : {
        "2" : 0.000000,
        "4" : 0.010000,
        "10" : 22.203064,
        "20" : 0.515747,
        "50" : 0.189209,
        "100" : 66.242981,
        "250" : 9.968567,
        "500" : 0.633240,
        "750" : 0.045776,
        "1000" : 0.041199
      },
      "latency_ms" : {
        "2" : 0.132751,
        "4" : 0.021362,
        "10" : 0.010000,
        "20" : 0.000000,
        "50" : 0.010000,
        "100" : 0.000000,
        "250" : 0.000000,
        "500" : 0.000000,
        "750" : 0.000000,
        "1000" : 0.000000,
        "2000" : 0.000000,
        ">=2000" : 0.000000
      },
      "latency_depth" : 1,
      "latency_target" : 0,
      "latency_percentile" : 100.000000,
      "latency_window" : 0
    }
  ]
}
