{
  "fio version" : "fio-3.38",
  "timestamp" : 1729842403,
  "timestamp_ms" : 1729842403200,
  "time" : "Fri Oct 25 09:46:43 2024",
  "jobs" : [
    {
      "jobname" : "Exo1_seq_12.5_rep_3",
      "groupid" : 0,
      "job_start" : 1729842399191,
      "error" : 0,
      "eta" : 0,
      "elapsed" : 5,
      "job options" : {
        "name" : "Exo1_seq_12.5_rep_3",
        "runtime" : "60",
        "numjobs" : "1",
        "rwmixwrite" : "12.5",
        "bs" : "16k",
        "filesize" : "1G",
        "direct" : "1",
        "rw" : "rw"
      },
      "read" : {
        "io_bytes" : 944881664,
        "io_kbytes" : 922736,
        "bw_bytes" : 238486033,
        "bw" : 232896,
        "iops" : 14556.032307,
        "runtime" : 3962,
        "total_ios" : 57671,
        "short_ios" : 0,
        "drop_ios" : 0,
        "slat_ns" : {
          "min" : 0,
          "max" : 0,
          "mean" : 0.000000,
          "stddev" : 0.000000,
          "N" : 0
        },
        "clat_ns" : {
          "min" : 3000,
          "max" : 4063000,
          "mean" : 57756.428708,
          "stddev" : 67037.744268,
          "N" : 57671,
          "percentile" : {
            "1.000000" : 4016,
            "5.000000" : 4016,
            "10.000000" : 4016,
            "20.000000" : 7008,
            "30.000000" : 37120,
            "40.000000" : 37120,
            "50.000000" : 38144,
            "60.000000" : 39168,
            "70.000000" : 73216,
            "80.000000" : 110080,
            "90.000000" : 129536,
            "95.000000" : 144384,
            "99.000000" : 177152,
            "99.500000" : 209920,
            "99.900000" : 995328,
            "99.950000" : 1318912,
            "99.990000" : 1875968
          }
        },
        "lat_ns" : {
          "min" : 3000,
          "max" : 4063000,
          "mean" : 57928.092109,
          "stddev" : 67047.781786,
          "N" : 57671
        },
        "bw_min" : 188864,
        "bw_max" : 204768,
        "bw_agg" : 83.468402,
        "bw_mean" : 194395.000000,
        "bw_dev" : 5436.414597,
        "bw_samples" : 7,
        "iops_min" : 11804,
        "iops_max" : 12798,
        "iops_mean" : 12149.571429,
        "iops_stddev" : 339.835184,
        "iops_samples" : 7
      },
      "write" : {
        "io_bytes" : 128860160,
        "io_kbytes" : 125840,
        "bw_bytes" : 32524018,
        "bw" : 31761,
        "iops" : 1985.108531,
        "runtime" : 3962,
        "total_ios" : 7865,
        "short_ios" : 0,
        "drop_ios" : 0,
        "slat_ns" : {
          "min" : 0,
          "max" : 0,
          "mean" : 0.000000,
          "stddev" : 0.000000,
          "N" : 0
        },
        "clat_ns" : {
          "min" : 49000,
          "max" : 1959000,
          "mean" : 63383.216783,
          "stddev" : 30404.765566,
          "N" : 7865,
          "percentile" : {
            "1.000000" : 49920,
            "5.000000" : 50944,
            "10.000000" : 50944,
            "20.000000" : 51968,
            "30.000000" : 51968,
            "40.000000" : 52992,
            "50.000000" : 52992,
            "60.000000" : 52992,
            "70.000000" : 55040,
            "80.000000" : 78336,
            "90.000000" : 95744,
            "95.000000" : 101888,
            "99.000000" : 128512,
            "99.500000" : 140288,
            "99.900000" : 272384,
            "99.950000" : 301056,
            "99.990000" : 1957888
          }
        },
        "lat_ns" : {
          "min" : 50000,
          "max" : 1960000,
          "mean" : 63793.006993,
          "stddev" : 30404.987292,
          "N" : 7865
        },
        "bw_min" : 25051,
        "bw_max" : 28064,
        "bw_agg" : 84.223985,
        "bw_mean" : 26751.571429,
        "bw_dev" : 1036.154084,
        "bw_samples" : 7,
        "iops_min" : 1565,
        "iops_max" : 1754,
        "iops_mean" : 1671.857143,
        "iops_stddev" : 64.957495,
        "iops_samples" : 7
      },
      "trim" : {
        "io_bytes" : 0,
        "io_kbytes" : 0,
        "bw_bytes" : 0,
        "bw" : 0,
        "iops" : 0.000000,
        "runtime" : 0,
        "total_ios" : 0,
        "short_ios" : 0,
        "drop_ios" : 0,
        "slat_ns" : {
          "min" : 0,
          "max" : 0,
          "mean" : 0.000000,
          "stddev" : 0.000000,
          "N" : 0
        },
        "clat_ns" : {
          "min" : 0,
          "max" : 0,
          "mean" : 0.000000,
          "stddev" : 0.000000,
          "N" : 0
        },
        "lat_ns" : {
          "min" : 0,
          "max" : 0,
          "mean" : 0.000000,
          "stddev" : 0.000000,
          "N" : 0
        },
        "bw_min" : 0,
        "bw_max" : 0,
        "bw_agg" : 0.000000,
        "bw_mean" : 0.000000,
        "bw_dev" : 0.000000,
        "bw_samples" : 0,
        "iops_min" : 0,
        "iops_max" : 0,
        "iops_mean" : 0.000000,
        "iops_stddev" : 0.000000,
        "iops_samples" : 0
      },
      "sync" : {
        "total_ios" : 0,
        "lat_ns" : {
          "min" : 0,
          "max" : 0,
          "mean" : 0.000000,
          "stddev" : 0.000000,
          "N" : 0
        }
      },
      "job_runtime" : 3961,
      "usr_cpu" : 4.468569,
      "sys_cpu" : 30.017672,
      "ctx" : 54018,
      "majf" : 0,
      "minf" : 31,
      "iodepth_level" : {
        "1" : 100.000000,
        "2" : 0.000000,
        "4" : 0.000000,
        "8" : 0.000000,
        "16" : 0.000000,
        "32" : 0.000000,
        ">=64" : 0.000000
      },
      "iodepth_submit" : {
        "0" : 0.000000,
        "4" : 100.000000,
        "8" : 0.000000,
        "16" : 0.000000,
        "32" : 0.000000,
        "64" : 0.000000,
        ">=64" : 0.000000
      },
      "iodepth_complete" : {
        "0" : 0.000000,
        "4" : 100.000000,
        "8" : 0.000000,
        "16" : 0.000000,
        "32" : 0.000000,
        "64" : 0.000000,
        ">=64" : 0.000000
      },
      "latency_ns" : {
        "2" : 0.000000,
        "4" : 0.000000,
        "10" : 0.000000,
        "20" : 0.000000,
        "50" : 0.000000,
        "100" : 0.000000,
        "250" : 0.000000,
        "500" : 0.000000,
        "750" : 0.000000,
        "1000" : 0.000000
      },
      "latency_us" : {
        "2" : 0.000000,
        "4" : 0.328064,
        "10" : 17.558289,
        "20" : 0.027466,
        "50" : 42.297363,
        "100" : 18.699646,
        "250" : 20.849609,
        "500" : 0.114441,
        "750" : 0.010000,
        "1000" : 0.030518
      },
      "latency_ms" : {
        "2" : 0.085449,
        "4" : 0.010000,
        "10" : 0.010000,
        "20" : 0.000000,
        "50" : 0.000000,
        "100" : 0.000000,
        "250" : 0.000000,
        "500" : 0.000000,
        "750" : 0.000000,
        "1000" : 0.000000,
        "2000" : 0.000000,
        ">=2000" : 0.000000
      },
      "latency_depth" : 1,
      "latency_target" : 0,
      "latency_percentile" : 100.000000,
      "latency_window" : 0
    }
  ]
}
