{
  "fio version" : "fio-3.38",
  "timestamp" : 1729842994,
  "timestamp_ms" : 1729842994338,
  "time" : "Fri Oct 25 09:56:34 2024",
  "jobs" : [
    {
      "jobname" : "Exo1_rand_75_rep_4",
      "groupid" : 0,
      "job_start" : 1729842987374,
      "error" : 0,
      "eta" : 0,
      "elapsed" : 8,
      "job options" : {
        "name" : "Exo1_rand_75_rep_4",
        "runtime" : "60",
        "numjobs" : "1",
        "rwmixwrite" : "75",
        "bs" : "16k",
        "filesize" : "1G",
        "direct" : "1",
        "rw" : "randrw"
      },
      "read" : {
        "io_bytes" : 268910592,
        "io_kbytes" : 262608,
        "bw_bytes" : 38859912,
        "bw" : 37949,
        "iops" : 2371.820809,
        "runtime" : 6920,
        "total_ios" : 16413,
        "short_ios" : 0,
        "drop_ios" : 0,
        "slat_ns" : {
          "min" : 0,
          "max" : 0,
          "mean" : 0.000000,
          "stddev" : 0.000000,
          "N" : 0
        },
        "clat_ns" : {
          "min" : 4000,
          "max" : 5343000,
          "mean" : 194385.913605,
          "stddev" : 253970.432053,
          "N" : 16413,
          "percentile" : {
            "1.000000" : 5024,
            "5.000000" : 5984,
            "10.000000" : 7008,
            "20.000000" : 10048,
            "30.000000" : 148480,
            "40.000000" : 171008,
            "50.000000" : 189440,
            "60.000000" : 201728,
            "70.000000" : 214016,
            "80.000000" : 226304,
            "90.000000" : 246784,
            "95.000000" : 288768,
            "99.000000" : 1482752,
            "99.500000" : 1974272,
            "99.900000" : 2342912,
            "99.950000" : 2965504,
            "99.990000" : 5210112
          }
        },
        "lat_ns" : {
          "min" : 4000,
          "max" : 5343000,
          "mean" : 194638.579175,
          "stddev" : 253970.101743,
          "N" : 16413
        },
        "bw_min" : 35072,
        "bw_max" : 42444,
        "bw_agg" : 100.000000,
        "bw_mean" : 37978.384615,
        "bw_dev" : 2308.208632,
        "bw_samples" : 13,
        "iops_min" : 2192,
        "iops_max" : 2652,
        "iops_mean" : 2373.307692,
        "iops_stddev" : 144.012375,
        "iops_samples" : 13
      },
      "write" : {
        "io_bytes" : 804831232,
        "io_kbytes" : 785968,
        "bw_bytes" : 116305091,
        "bw" : 113579,
        "iops" : 7098.699422,
        "runtime" : 6920,
        "total_ios" : 49123,
        "short_ios" : 0,
        "drop_ios" : 0,
        "slat_ns" : {
          "min" : 0,
          "max" : 0,
          "mean" : 0.000000,
          "stddev" : 0.000000,
          "N" : 0
        },
        "clat_ns" : {
          "min" : 47000,
          "max" : 7341000,
          "mean" : 71616.493292,
          "stddev" : 44930.031721,
          "N" : 49123,
          "percentile" : {
            "1.000000" : 50944,
            "5.000000" : 51968,
            "10.000000" : 52992,
            "20.000000" : 55040,
            "30.000000" : 56064,
            "40.000000" : 59136,
            "50.000000" : 64256,
            "60.000000" : 64768,
            "70.000000" : 72192,
            "80.000000" : 83456,
            "90.000000" : 98816,
            "95.000000" : 111104,
            "99.000000" : 214016,
            "99.500000" : 234496,
            "99.900000" : 325632,
            "99.950000" : 436224,
            "99.990000" : 468992
          }
        },
        "lat_ns" : {
          "min" : 47000,
          "max" : 7342000,
          "mean" : 72176.414307,
          "stddev" : 44974.223035,
          "N" : 49123
        },
        "bw_min" : 107840,
        "bw_max" : 123123,
        "bw_agg" : 100.000000,
        "bw_mean" : 113617.153846,
        "bw_dev" : 5122.446890,
        "bw_samples" : 13,
        "iops_min" : 6740,
        "iops_max" : 7695,
        "iops_mean" : 7100.692308,
        "iops_stddev" : 320.073790,
        "iops_samples" : 13
      },
      "trim" : {
        "io_bytes" : 0,
        "io_kbytes" : 0,
        "bw_bytes" : 0,
        "bw" : 0,
        "iops" : 0.000000,
        "runtime" : 0,
        "total_ios" : 0,
        "short_ios" : 0,
        "drop_ios" : 0,
        "slat_ns" : {
          "min" : 0,
          "max" : 0,
          "mean" : 0.000000,
          "stddev" : 0.000000,
          "N" : 0
        },
        "clat_ns" : {
          "min" : 0,
          "max" : 0,
          "mean" : 0.000000,
          "stddev" : 0.000000,
          "N" : 0
        },
        "lat_ns" : {
          "min" : 0,
          "max" : 0,
          "mean" : 0.000000,
          "stddev" : 0.000000,
          "N" : 0
        },
        "bw_min" : 0,
        "bw_max" : 0,
        "bw_agg" : 0.000000,
        "bw_mean" : 0.000000,
        "bw_dev" : 0.000000,
        "bw_samples" : 0,
        "iops_min" : 0,
        "iops_max" : 0,
        "iops_mean" : 0.000000,
        "iops_stddev" : 0.000000,
        "iops_samples" : 0
      },
      "sync" : {
        "total_ios" : 0,
        "lat_ns" : {
          "min" : 0,
          "max" : 0,
          "mean" : 0.000000,
          "stddev" : 0.000000,
          "N" : 0
        }
      },
      "job_runtime" : 6919,
      "usr_cpu" : 4.032375,
      "sys_cpu" : 33.487498,
      "ctx" : 62665,
      "majf" : 0,
      "minf" : 35,
      "iodepth_level" : {
        "1" : 100.000000,
        "2" : 0.000000,
        "4" : 0.000000,
        "8" : 0.000000,
        "16" : 0.000000,
        "32" : 0.000000,
        ">=64" : 0.000000
      },
      "iodepth_submit" : {
        "0" : 0.000000,
        "4" : 100.000000,
        "8" : 0.000000,
        "16" : 0.000000,
        "32" : 0.000000,
        "64" : 0.000000,
        ">=64" : 0.000000
      },
      "iodepth_complete" : {
        "0" : 0.000000,
        "4" : 100.000000,
        "8" : 0.000000,
        "16" : 0.000000,
        "32" : 0.000000,
        "64" : 0.000000,
        ">=64" : 0.000000
      },
      "latency_ns" : {
        "2" : 0.000000,
        "4" : 0.000000,
        "10" : 0.000000,
        "20" : 0.000000,
        "50" : 0.000000,
        "100" : 0.000000,
        "250" : 0.000000,
        "500" : 0.000000,
        "750" : 0.000000,
        "1000" : 0.000000
      },
      "latency_us" : {
        "2" : 0.000000,
        "4" : 0.000000,
        "10" : 4.763794,
        "20" : 0.830078,
        "50" : 0.187683,
        "100" : 67.953491,
        "250" : 23.739624,
        "500" : 1.722717,
        "750" : 0.070190,
        "1000" : 0.141907
      },
      "latency_ms" : {
        "2" : 0.474548,
        "4" : 0.109863,
        "10" : 0.010000,
        "20" : 0.000000,
        "50" : 0.000000,
        "100" : 0.000000,
        "250" : 0.000000,
        "500" : 0.000000,
        "750" : 0.000000,
        "1000" : 0.000000,
        "2000" : 0.000000,
        ">=2000" : 0.000000
      },
      "latency_depth" : 1,
      "latency_target" : 0,
      "latency_percentile" : 100.000000,
      "latency_window" : 0
    }
  ]
}
