{
  "fio version" : "fio-3.38",
  "timestamp" : 1729842815,
  "timestamp_ms" : 1729842815349,
  "time" : "Fri Oct 25 09:53:35 2024",
  "jobs" : [
    {
      "jobname" : "Exo1_rand_37.5_rep_2",
      "groupid" : 0,
      "job_start" : 1729842805819,
      "error" : 0,
      "eta" : 0,
      "elapsed" : 10,
      "job options" : {
        "name" : "Exo1_rand_37.5_rep_2",
        "runtime" : "60",
        "numjobs" : "1",
        "rwmixwrite" : "37.5",
        "bs" : "16k",
        "filesize" : "1G",
        "direct" : "1",
        "rw" : "randrw"
      },
      "read" : {
        "io_bytes" : 676413440,
        "io_kbytes" : 660560,
        "bw_bytes" : 71479809,
        "bw" : 69804,
        "iops" : 4362.781359,
        "runtime" : 9463,
        "total_ios" : 41285,
        "short_ios" : 0,
        "drop_ios" : 0,
        "slat_ns" : {
          "min" : 0,
          "max" : 0,
          "mean" : 0.000000,
          "stddev" : 0.000000,
          "N" : 0
        },
        "clat_ns" : {
          "min" : 4000,
          "max" : 5111000,
          "mean" : 155051.350369,
          "stddev" : 159810.529433,
          "N" : 41285,
          "percentile" : {
            "1.000000" : 5024,
            "5.000000" : 7008,
            "10.000000" : 7008,
            "20.000000" : 9024,
            "30.000000" : 10048,
            "40.000000" : 144384,
            "50.000000" : 189440,
            "60.000000" : 214016,
            "70.000000" : 232448,
            "80.000000" : 248832,
            "90.000000" : 264192,
            "95.000000" : 280576,
            "99.000000" : 448512,
            "99.500000" : 1171456,
            "99.900000" : 1728512,
            "99.950000" : 2023424,
            "99.990000" : 3227648
          }
        },
        "lat_ns" : {
          "min" : 4000,
          "max" : 5111000,
          "mean" : 155346.881434,
          "stddev" : 159814.460817,
          "N" : 41285
        },
        "bw_min" : 63072,
        "bw_max" : 78816,
        "bw_agg" : 100.000000,
        "bw_mean" : 69860.222222,
        "bw_dev" : 4567.000645,
        "bw_samples" : 18,
        "iops_min" : 3942,
        "iops_max" : 4926,
        "iops_mean" : 4366.111111,
        "iops_stddev" : 285.474402,
        "iops_samples" : 18
      },
      "write" : {
        "io_bytes" : 397328384,
        "io_kbytes" : 388016,
        "bw_bytes" : 41987570,
        "bw" : 41003,
        "iops" : 2562.717954,
        "runtime" : 9463,
        "total_ios" : 24251,
        "short_ios" : 0,
        "drop_ios" : 0,
        "slat_ns" : {
          "min" : 0,
          "max" : 0,
          "mean" : 0.000000,
          "stddev" : 0.000000,
          "N" : 0
        },
        "clat_ns" : {
          "min" : 51000,
          "max" : 1784000,
          "mean" : 116973.650571,
          "stddev" : 30440.484548,
          "N" : 24251,
          "percentile" : {
            "1.000000" : 54016,
            "5.000000" : 66048,
            "10.000000" : 79360,
            "20.000000" : 103936,
            "30.000000" : 118272,
            "40.000000" : 119296,
            "50.000000" : 120320,
            "60.000000" : 121344,
            "70.000000" : 122368,
            "80.000000" : 127488,
            "90.000000" : 142336,
            "95.000000" : 148480,
            "99.000000" : 205824,
            "99.500000" : 238592,
            "99.900000" : 358400,
            "99.950000" : 387072,
            "99.990000" : 528384
          }
        },
        "lat_ns" : {
          "min" : 51000,
          "max" : 1784000,
          "mean" : 117554.203950,
          "stddev" : 30498.071258,
          "N" : 24251
        },
        "bw_min" : 37984,
        "bw_max" : 46240,
        "bw_agg" : 99.823219,
        "bw_mean" : 40931.111111,
        "bw_dev" : 1967.498408,
        "bw_samples" : 18,
        "iops_min" : 2374,
        "iops_max" : 2890,
        "iops_mean" : 2558.000000,
        "iops_stddev" : 122.928004,
        "iops_samples" : 18
      },
      "trim" : {
        "io_bytes" : 0,
        "io_kbytes" : 0,
        "bw_bytes" : 0,
        "bw" : 0,
        "iops" : 0.000000,
        "runtime" : 0,
        "total_ios" : 0,
        "short_ios" : 0,
        "drop_ios" : 0,
        "slat_ns" : {
          "min" : 0,
          "max" : 0,
          "mean" : 0.000000,
          "stddev" : 0.000000,
          "N" : 0
        },
        "clat_ns" : {
          "min" : 0,
          "max" : 0,
          "mean" : 0.000000,
          "stddev" : 0.000000,
          "N" : 0
        },
        "lat_ns" : {
          "min" : 0,
          "max" : 0,
          "mean" : 0.000000,
          "stddev" : 0.000000,
          "N" : 0
        },
        "bw_min" : 0,
        "bw_max" : 0,
        "bw_agg" : 0.000000,
        "bw_mean" : 0.000000,
        "bw_dev" : 0.000000,
        "bw_samples" : 0,
        "iops_min" : 0,
        "iops_max" : 0,
        "iops_mean" : 0.000000,
        "iops_stddev" : 0.000000,
        "iops_samples" : 0
      },
      "sync" : {
        "total_ios" : 0,
        "lat_ns" : {
          "min" : 0,
          "max" : 0,
          "mean" : 0.000000,
          "stddev" : 0.000000,
          "N" : 0
        }
      },
      "job_runtime" : 9462,
      "usr_cpu" : 3.265694,
      "sys_cpu" : 23.663073,
      "ctx" : 50876,
      "majf" : 0,
      "minf" : 37,
      "iodepth_level" : {
        "1" : 100.000000,
        "2" : 0.000000,
        "4" : 0.000000,
        "8" : 0.000000,
        "16" : 0.000000,
        "32" : 0.000000,
        ">=64" : 0.000000
      },
      "iodepth_submit" : {
        "0" : 0.000000,
        "4" : 100.000000,
        "8" : 0.000000,
        "16" : 0.000000,
        "32" : 0.000000,
        "64" : 0.000000,
        ">=64" : 0.000000
      },
      "iodepth_complete" : {
        "0" : 0.000000,
        "4" : 100.000000,
        "8" : 0.000000,
        "16" : 0.000000,
        "32" : 0.000000,
        "64" : 0.000000,
        ">=64" : 0.000000
      },
      "latency_ns" : {
        "2" : 0.000000,
        "4" : 0.000000,
        "10" : 0.000000,
        "20" : 0.000000,
        "50" : 0.000000,
        "100" : 0.000000,
        "250" : 0.000000,
        "500" : 0.000000,
        "750" : 0.000000,
        "1000" : 0.000000
      },
      "latency_us" : {
        "2" : 0.000000,
        "4" : 0.000000,
        "10" : 15.452576,
        "20" : 6.896973,
        "50" : 0.427246,
        "100" : 6.671143,
        "250" : 58.065796,
        "500" : 11.900330,
        "750" : 0.047302,
        "1000" : 0.064087
      },
      "latency_ms" : {
        "2" : 0.442505,
        "4" : 0.030518,
        "10" : 0.010000,
        "20" : 0.000000,
        "50" : 0.000000,
        "100" : 0.000000,
        "250" : 0.000000,
        "500" : 0.000000,
        "750" : 0.000000,
        "1000" : 0.000000,
        "2000" : 0.000000,
        ">=2000" : 0.000000
      },
      "latency_depth" : 1,
      "latency_target" : 0,
      "latency_percentile" : 100.000000,
      "latency_window" : 0
    }
  ]
}
