{
  "fio version" : "fio-3.38",
  "timestamp" : 1729842750,
  "timestamp_ms" : 1729842750918,
  "time" : "Fri Oct 25 09:52:30 2024",
  "jobs" : [
    {
      "jobname" : "Exo1_rand_25_rep_1",
      "groupid" : 0,
      "job_start" : 1729842741442,
      "error" : 0,
      "eta" : 0,
      "elapsed" : 10,
      "job options" : {
        "name" : "Exo1_rand_25_rep_1",
        "runtime" : "60",
        "numjobs" : "1",
        "rwmixwrite" : "25",
        "bs" : "16k",
        "filesize" : "1G",
        "direct" : "1",
        "rw" : "randrw"
      },
      "read" : {
        "io_bytes" : 805126144,
        "io_kbytes" : 786256,
        "bw_bytes" : 87418690,
        "bw" : 85369,
        "iops" : 5335.613464,
        "runtime" : 9210,
        "total_ios" : 49141,
        "short_ios" : 0,
        "drop_ios" : 0,
        "slat_ns" : {
          "min" : 0,
          "max" : 0,
          "mean" : 0.000000,
          "stddev" : 0.000000,
          "N" : 0
        },
        "clat_ns" : {
          "min" : 4000,
          "max" : 5132000,
          "mean" : 145741.621050,
          "stddev" : 141428.085849,
          "N" : 49141,
          "percentile" : {
            "1.000000" : 5024,
            "5.000000" : 5984,
            "10.000000" : 7008,
            "20.000000" : 8032,
            "30.000000" : 10048,
            "40.000000" : 138240,
            "50.000000" : 162816,
            "60.000000" : 199680,
            "70.000000" : 218112,
            "80.000000" : 236544,
            "90.000000" : 254976,
            "95.000000" : 268288,
            "99.000000" : 370688,
            "99.500000" : 1056768,
            "99.900000" : 1368064,
            "99.950000" : 1597440,
            "99.990000" : 3031040
          }
        },
        "lat_ns" : {
          "min" : 4000,
          "max" : 5132000,
          "mean" : 146102.134674,
          "stddev" : 141444.187323,
          "N" : 49141
        },
        "bw_min" : 69429,
        "bw_max" : 104874,
        "bw_agg" : 99.501212,
        "bw_mean" : 84944.833333,
        "bw_dev" : 8439.293302,
        "bw_samples" : 18,
        "iops_min" : 4339,
        "iops_max" : 6554,
        "iops_mean" : 5308.833333,
        "iops_stddev" : 527.438009,
        "iops_samples" : 18
      },
      "write" : {
        "io_bytes" : 268615680,
        "io_kbytes" : 262320,
        "bw_bytes" : 29165654,
        "bw" : 28482,
        "iops" : 1780.130293,
        "runtime" : 9210,
        "total_ios" : 16395,
        "short_ios" : 0,
        "drop_ios" : 0,
        "slat_ns" : {
          "min" : 0,
          "max" : 0,
          "mean" : 0.000000,
          "stddev" : 0.000000,
          "N" : 0
        },
        "clat_ns" : {
          "min" : 51000,
          "max" : 588000,
          "mean" : 112113.815188,
          "stddev" : 32992.361086,
          "N" : 16395,
          "percentile" : {
            "1.000000" : 52992,
            "5.000000" : 55040,
            "10.000000" : 64256,
            "20.000000" : 89600,
            "30.000000" : 105984,
            "40.000000" : 119296,
            "50.000000" : 120320,
            "60.000000" : 121344,
            "70.000000" : 122368,
            "80.000000" : 123392,
            "90.000000" : 136192,
            "95.000000" : 144384,
            "99.000000" : 209920,
            "99.500000" : 329728,
            "99.900000" : 358400,
            "99.950000" : 362496,
            "99.990000" : 536576
          }
        },
        "lat_ns" : {
          "min" : 51000,
          "max" : 589000,
          "mean" : 112688.868557,
          "stddev" : 33076.227684,
          "N" : 16395
        },
        "bw_min" : 23377,
        "bw_max" : 35594,
        "bw_agg" : 99.476569,
        "bw_mean" : 28333.444444,
        "bw_dev" : 2802.103290,
        "bw_samples" : 18,
        "iops_min" : 1461,
        "iops_max" : 2224,
        "iops_mean" : 1770.611111,
        "iops_stddev" : 175.005257,
        "iops_samples" : 18
      },
      "trim" : {
        "io_bytes" : 0,
        "io_kbytes" : 0,
        "bw_bytes" : 0,
        "bw" : 0,
        "iops" : 0.000000,
        "runtime" : 0,
        "total_ios" : 0,
        "short_ios" : 0,
        "drop_ios" : 0,
        "slat_ns" : {
          "min" : 0,
          "max" : 0,
          "mean" : 0.000000,
          "stddev" : 0.000000,
          "N" : 0
        },
        "clat_ns" : {
          "min" : 0,
          "max" : 0,
          "mean" : 0.000000,
          "stddev" : 0.000000,
          "N" : 0
        },
        "lat_ns" : {
          "min" : 0,
          "max" : 0,
          "mean" : 0.000000,
          "stddev" : 0.000000,
          "N" : 0
        },
        "bw_min" : 0,
        "bw_max" : 0,
        "bw_agg" : 0.000000,
        "bw_mean" : 0.000000,
        "bw_dev" : 0.000000,
        "bw_samples" : 0,
        "iops_min" : 0,
        "iops_max" : 0,
        "iops_mean" : 0.000000,
        "iops_stddev" : 0.000000,
        "iops_samples" : 0
      },
      "sync" : {
        "total_ios" : 0,
        "lat_ns" : {
          "min" : 0,
          "max" : 0,
          "mean" : 0.000000,
          "stddev" : 0.000000,
          "N" : 0
        }
      },
      "job_runtime" : 9209,
      "usr_cpu" : 3.235965,
      "sys_cpu" : 20.957759,
      "ctx" : 48808,
      "majf" : 0,
      "minf" : 30,
      "iodepth_level" : {
        "1" : 100.000000,
        "2" : 0.000000,
        "4" : 0.000000,
        "8" : 0.000000,
        "16" : 0.000000,
        "32" : 0.000000,
        ">=64" : 0.000000
      },
      "iodepth_submit" : {
        "0" : 0.000000,
        "4" : 100.000000,
        "8" : 0.000000,
        "16" : 0.000000,
        "32" : 0.000000,
        "64" : 0.000000,
        ">=64" : 0.000000
      },
      "iodepth_complete" : {
        "0" : 0.000000,
        "4" : 100.000000,
        "8" : 0.000000,
        "16" : 0.000000,
        "32" : 0.000000,
        "64" : 0.000000,
        ">=64" : 0.000000
      },
      "latency_ns" : {
        "2" : 0.000000,
        "4" : 0.000000,
        "10" : 0.000000,
        "20" : 0.000000,
        "50" : 0.000000,
        "100" : 0.000000,
        "250" : 0.000000,
        "500" : 0.000000,
        "750" : 0.000000,
        "1000" : 0.000000
      },
      "latency_us" : {
        "2" : 0.000000,
        "4" : 0.000000,
        "10" : 20.565796,
        "20" : 5.012512,
        "50" : 0.529480,
        "100" : 6.451416,
        "250" : 56.802368,
        "500" : 9.945679,
        "750" : 0.244141,
        "1000" : 0.042725
      },
      "latency_ms" : {
        "2" : 0.382996,
        "4" : 0.021362,
        "10" : 0.010000,
        "20" : 0.000000,
        "50" : 0.000000,
        "100" : 0.000000,
        "250" : 0.000000,
        "500" : 0.000000,
        "750" : 0.000000,
        "1000" : 0.000000,
        "2000" : 0.000000,
        ">=2000" : 0.000000
      },
      "latency_depth" : 1,
      "latency_target" : 0,
      "latency_percentile" : 100.000000,
      "latency_window" : 0
    }
  ]
}
