{
  "fio version" : "fio-3.38",
  "timestamp" : 1729842420,
  "timestamp_ms" : 1729842420235,
  "time" : "Fri Oct 25 09:47:00 2024",
  "jobs" : [
    {
      "jobname" : "Exo1_seq_25_rep_1",
      "groupid" : 0,
      "job_start" : 1729842415497,
      "error" : 0,
      "eta" : 0,
      "elapsed" : 5,
      "job options" : {
        "name" : "Exo1_seq_25_rep_1",
        "runtime" : "60",
        "numjobs" : "1",
        "rwmixwrite" : "25",
        "bs" : "16k",
        "filesize" : "1G",
        "direct" : "1",
        "rw" : "rw"
      },
      "read" : {
        "io_bytes" : 805126144,
        "io_kbytes" : 786256,
        "bw_bytes" : 171998748,
        "bw" : 167967,
        "iops" : 10497.970519,
        "runtime" : 4681,
        "total_ios" : 49141,
        "short_ios" : 0,
        "drop_ios" : 0,
        "slat_ns" : {
          "min" : 0,
          "max" : 0,
          "mean" : 0.000000,
          "stddev" : 0.000000,
          "N" : 0
        },
        "clat_ns" : {
          "min" : 3000,
          "max" : 5088000,
          "mean" : 71671.231762,
          "stddev" : 97770.519532,
          "N" : 49141,
          "percentile" : {
            "1.000000" : 4016,
            "5.000000" : 5024,
            "10.000000" : 37120,
            "20.000000" : 38144,
            "30.000000" : 38144,
            "40.000000" : 39168,
            "50.000000" : 40192,
            "60.000000" : 45824,
            "70.000000" : 78336,
            "80.000000" : 121344,
            "90.000000" : 142336,
            "95.000000" : 168960,
            "99.000000" : 224256,
            "99.500000" : 284672,
            "99.900000" : 1449984,
            "99.950000" : 1744896,
            "99.990000" : 2932736
          }
        },
        "lat_ns" : {
          "min" : 3000,
          "max" : 5089000,
          "mean" : 71889.644085,
          "stddev" : 97780.391990,
          "N" : 49141
        },
        "bw_min" : 126816,
        "bw_max" : 173024,
        "bw_agg" : 94.154509,
        "bw_mean" : 158149.777778,
        "bw_dev" : 15932.043041,
        "bw_samples" : 9,
        "iops_min" : 7926,
        "iops_max" : 10814,
        "iops_mean" : 9884.333333,
        "iops_stddev" : 995.745324,
        "iops_samples" : 9
      },
      "write" : {
        "io_bytes" : 268615680,
        "io_kbytes" : 262320,
        "bw_bytes" : 57384251,
        "bw" : 56039,
        "iops" : 3502.456740,
        "runtime" : 4681,
        "total_ios" : 16395,
        "short_ios" : 0,
        "drop_ios" : 0,
        "slat_ns" : {
          "min" : 0,
          "max" : 0,
          "mean" : 0.000000,
          "stddev" : 0.000000,
          "N" : 0
        },
        "clat_ns" : {
          "min" : 50000,
          "max" : 1385000,
          "mean" : 61797.499238,
          "stddev" : 26398.991964,
          "N" : 16395,
          "percentile" : {
            "1.000000" : 50944,
            "5.000000" : 50944,
            "10.000000" : 50944,
            "20.000000" : 51968,
            "30.000000" : 51968,
            "40.000000" : 52992,
            "50.000000" : 52992,
            "60.000000" : 54016,
            "70.000000" : 54016,
            "80.000000" : 60160,
            "90.000000" : 94720,
            "95.000000" : 103936,
            "99.000000" : 136192,
            "99.500000" : 150528,
            "99.900000" : 292864,
            "99.950000" : 342016,
            "99.990000" : 1122304
          }
        },
        "lat_ns" : {
          "min" : 50000,
          "max" : 1385000,
          "mean" : 62221.957914,
          "stddev" : 26415.985230,
          "N" : 16395
        },
        "bw_min" : 43168,
        "bw_max" : 57472,
        "bw_agg" : 94.112512,
        "bw_mean" : 52740.333333,
        "bw_dev" : 4842.113691,
        "bw_samples" : 9,
        "iops_min" : 2698,
        "iops_max" : 3592,
        "iops_mean" : 3296.222222,
        "iops_stddev" : 302.615589,
        "iops_samples" : 9
      },
      "trim" : {
        "io_bytes" : 0,
        "io_kbytes" : 0,
        "bw_bytes" : 0,
        "bw" : 0,
        "iops" : 0.000000,
        "runtime" : 0,
        "total_ios" : 0,
        "short_ios" : 0,
        "drop_ios" : 0,
        "slat_ns" : {
          "min" : 0,
          "max" : 0,
          "mean" : 0.000000,
          "stddev" : 0.000000,
          "N" : 0
        },
        "clat_ns" : {
          "min" : 0,
          "max" : 0,
          "mean" : 0.000000,
          "stddev" : 0.000000,
          "N" : 0
        },
        "lat_ns" : {
          "min" : 0,
          "max" : 0,
          "mean" : 0.000000,
          "stddev" : 0.000000,
          "N" : 0
        },
        "bw_min" : 0,
        "bw_max" : 0,
        "bw_agg" : 0.000000,
        "bw_mean" : 0.000000,
        "bw_dev" : 0.000000,
        "bw_samples" : 0,
        "iops_min" : 0,
        "iops_max" : 0,
        "iops_mean" : 0.000000,
        "iops_stddev" : 0.000000,
        "iops_samples" : 0
      },
      "sync" : {
        "total_ios" : 0,
        "lat_ns" : {
          "min" : 0,
          "max" : 0,
          "mean" : 0.000000,
          "stddev" : 0.000000,
          "N" : 0
        }
      },
      "job_runtime" : 4680,
      "usr_cpu" : 4.102564,
      "sys_cpu" : 32.158120,
      "ctx" : 61532,
      "majf" : 0,
      "minf" : 35,
      "iodepth_level" : {
        "1" : 100.000000,
        "2" : 0.000000,
        "4" : 0.000000,
        "8" : 0.000000,
        "16" : 0.000000,
        "32" : 0.000000,
        ">=64" : 0.000000
      },
      "iodepth_submit" : {
        "0" : 0.000000,
        "4" : 100.000000,
        "8" : 0.000000,
        "16" : 0.000000,
        "32" : 0.000000,
        "64" : 0.000000,
        ">=64" : 0.000000
      },
      "iodepth_complete" : {
        "0" : 0.000000,
        "4" : 100.000000,
        "8" : 0.000000,
        "16" : 0.000000,
        "32" : 0.000000,
        "64" : 0.000000,
        ">=64" : 0.000000
      },
      "latency_ns" : {
        "2" : 0.000000,
        "4" : 0.000000,
        "10" : 0.000000,
        "20" : 0.000000,
        "50" : 0.000000,
        "100" : 0.000000,
        "250" : 0.000000,
        "500" : 0.000000,
        "750" : 0.000000,
        "1000" : 0.000000
      },
      "latency_us" : {
        "2" : 0.000000,
        "4" : 0.059509,
        "10" : 6.353760,
        "20" : 0.033569,
        "50" : 39.337158,
        "100" : 33.358765,
        "250" : 20.271301,
        "500" : 0.259399,
        "750" : 0.039673,
        "1000" : 0.065613
      },
      "latency_ms" : {
        "2" : 0.205994,
        "4" : 0.013733,
        "10" : 0.010000,
        "20" : 0.000000,
        "50" : 0.000000,
        "100" : 0.000000,
        "250" : 0.000000,
        "500" : 0.000000,
        "750" : 0.000000,
        "1000" : 0.000000,
        "2000" : 0.000000,
        ">=2000" : 0.000000
      },
      "latency_depth" : 1,
      "latency_target" : 0,
      "latency_percentile" : 100.000000,
      "latency_window" : 0
    }
  ]
}
