{
  "fio version" : "fio-3.38",
  "timestamp" : 1729842433,
  "timestamp_ms" : 1729842433177,
  "time" : "Fri Oct 25 09:47:13 2024",
  "jobs" : [
    {
      "jobname" : "Exo1_seq_25_rep_3",
      "groupid" : 0,
      "job_start" : 1729842428218,
      "error" : 0,
      "eta" : 0,
      "elapsed" : 6,
      "job options" : {
        "name" : "Exo1_seq_25_rep_3",
        "runtime" : "60",
        "numjobs" : "1",
        "rwmixwrite" : "25",
        "bs" : "16k",
        "filesize" : "1G",
        "direct" : "1",
        "rw" : "rw"
      },
      "read" : {
        "io_bytes" : 805126144,
        "io_kbytes" : 786256,
        "bw_bytes" : 163577030,
        "bw" : 159743,
        "iops" : 9983.949614,
        "runtime" : 4922,
        "total_ios" : 49141,
        "short_ios" : 0,
        "drop_ios" : 0,
        "slat_ns" : {
          "min" : 0,
          "max" : 0,
          "mean" : 0.000000,
          "stddev" : 0.000000,
          "N" : 0
        },
        "clat_ns" : {
          "min" : 3000,
          "max" : 4797000,
          "mean" : 74846.401172,
          "stddev" : 97234.767511,
          "N" : 49141,
          "percentile" : {
            "1.000000" : 4016,
            "5.000000" : 4016,
            "10.000000" : 5984,
            "20.000000" : 38144,
            "30.000000" : 38144,
            "40.000000" : 39168,
            "50.000000" : 39168,
            "60.000000" : 58112,
            "70.000000" : 105984,
            "80.000000" : 122368,
            "90.000000" : 144384,
            "95.000000" : 171008,
            "99.000000" : 261120,
            "99.500000" : 296960,
            "99.900000" : 1433600,
            "99.950000" : 1761280,
            "99.990000" : 2506752
          }
        },
        "lat_ns" : {
          "min" : 3000,
          "max" : 4797000,
          "mean" : 75074.011518,
          "stddev" : 97253.468185,
          "N" : 49141
        },
        "bw_min" : 126944,
        "bw_max" : 170912,
        "bw_agg" : 93.028064,
        "bw_mean" : 148606.000000,
        "bw_dev" : 16015.182422,
        "bw_samples" : 9,
        "iops_min" : 7934,
        "iops_max" : 10682,
        "iops_mean" : 9287.777778,
        "iops_stddev" : 1001.029692,
        "iops_samples" : 9
      },
      "write" : {
        "io_bytes" : 268615680,
        "io_kbytes" : 262320,
        "bw_bytes" : 54574498,
        "bw" : 53295,
        "iops" : 3330.963023,
        "runtime" : 4922,
        "total_ios" : 16395,
        "short_ios" : 0,
        "drop_ios" : 0,
        "slat_ns" : {
          "min" : 0,
          "max" : 0,
          "mean" : 0.000000,
          "stddev" : 0.000000,
          "N" : 0
        },
        "clat_ns" : {
          "min" : 48000,
          "max" : 1895000,
          "mean" : 66579.078987,
          "stddev" : 31097.610480,
          "N" : 16395,
          "percentile" : {
            "1.000000" : 49920,
            "5.000000" : 50944,
            "10.000000" : 51968,
            "20.000000" : 51968,
            "30.000000" : 51968,
            "40.000000" : 52992,
            "50.000000" : 52992,
            "60.000000" : 54016,
            "70.000000" : 55040,
            "80.000000" : 85504,
            "90.000000" : 113152,
            "95.000000" : 126464,
            "99.000000" : 142336,
            "99.500000" : 158720,
            "99.900000" : 301056,
            "99.950000" : 342016,
            "99.990000" : 378880
          }
        },
        "lat_ns" : {
          "min" : 49000,
          "max" : 1896000,
          "mean" : 67021.530955,
          "stddev" : 31144.816541,
          "N" : 16395
        },
        "bw_min" : 42976,
        "bw_max" : 56416,
        "bw_agg" : 93.032405,
        "bw_mean" : 49582.666667,
        "bw_dev" : 4926.670275,
        "bw_samples" : 9,
        "iops_min" : 2686,
        "iops_max" : 3526,
        "iops_mean" : 3098.888889,
        "iops_stddev" : 307.940110,
        "iops_samples" : 9
      },
      "trim" : {
        "io_bytes" : 0,
        "io_kbytes" : 0,
        "bw_bytes" : 0,
        "bw" : 0,
        "iops" : 0.000000,
        "runtime" : 0,
        "total_ios" : 0,
        "short_ios" : 0,
        "drop_ios" : 0,
        "slat_ns" : {
          "min" : 0,
          "max" : 0,
          "mean" : 0.000000,
          "stddev" : 0.000000,
          "N" : 0
        },
        "clat_ns" : {
          "min" : 0,
          "max" : 0,
          "mean" : 0.000000,
          "stddev" : 0.000000,
          "N" : 0
        },
        "lat_ns" : {
          "min" : 0,
          "max" : 0,
          "mean" : 0.000000,
          "stddev" : 0.000000,
          "N" : 0
        },
        "bw_min" : 0,
        "bw_max" : 0,
        "bw_agg" : 0.000000,
        "bw_mean" : 0.000000,
        "bw_dev" : 0.000000,
        "bw_samples" : 0,
        "iops_min" : 0,
        "iops_max" : 0,
        "iops_mean" : 0.000000,
        "iops_stddev" : 0.000000,
        "iops_samples" : 0
      },
      "sync" : {
        "total_ios" : 0,
        "lat_ns" : {
          "min" : 0,
          "max" : 0,
          "mean" : 0.000000,
          "stddev" : 0.000000,
          "N" : 0
        }
      },
      "job_runtime" : 4921,
      "usr_cpu" : 4.186141,
      "sys_cpu" : 32.716927,
      "ctx" : 60318,
      "majf" : 0,
      "minf" : 32,
      "iodepth_level" : {
        "1" : 100.000000,
        "2" : 0.000000,
        "4" : 0.000000,
        "8" : 0.000000,
        "16" : 0.000000,
        "32" : 0.000000,
        ">=64" : 0.000000
      },
      "iodepth_submit" : {
        "0" : 0.000000,
        "4" : 100.000000,
        "8" : 0.000000,
        "16" : 0.000000,
        "32" : 0.000000,
        "64" : 0.000000,
        ">=64" : 0.000000
      },
      "iodepth_complete" : {
        "0" : 0.000000,
        "4" : 100.000000,
        "8" : 0.000000,
        "16" : 0.000000,
        "32" : 0.000000,
        "64" : 0.000000,
        ">=64" : 0.000000
      },
      "latency_ns" : {
        "2" : 0.000000,
        "4" : 0.000000,
        "10" : 0.000000,
        "20" : 0.000000,
        "50" : 0.000000,
        "100" : 0.000000,
        "250" : 0.000000,
        "500" : 0.000000,
        "750" : 0.000000,
        "1000" : 0.000000
      },
      "latency_us" : {
        "2" : 0.000000,
        "4" : 0.044250,
        "10" : 8.027649,
        "20" : 0.091553,
        "50" : 36.036682,
        "100" : 29.258728,
        "250" : 25.508118,
        "500" : 0.732422,
        "750" : 0.030518,
        "1000" : 0.057983
      },
      "latency_ms" : {
        "2" : 0.198364,
        "4" : 0.012207,
        "10" : 0.010000,
        "20" : 0.000000,
        "50" : 0.000000,
        "100" : 0.000000,
        "250" : 0.000000,
        "500" : 0.000000,
        "750" : 0.000000,
        "1000" : 0.000000,
        "2000" : 0.000000,
        ">=2000" : 0.000000
      },
      "latency_depth" : 1,
      "latency_target" : 0,
      "latency_percentile" : 100.000000,
      "latency_window" : 0
    }
  ]
}
