{
  "fio version" : "fio-3.38",
  "timestamp" : 1729842675,
  "timestamp_ms" : 1729842675364,
  "time" : "Fri Oct 25 09:51:15 2024",
  "jobs" : [
    {
      "jobname" : "Exo1_rand_0_rep_3",
      "groupid" : 0,
      "job_start" : 1729842669125,
      "error" : 0,
      "eta" : 0,
      "elapsed" : 7,
      "job options" : {
        "name" : "Exo1_rand_0_rep_3",
        "runtime" : "60",
        "numjobs" : "1",
        "rwmixwrite" : "0",
        "bs" : "16k",
        "filesize" : "1G",
        "direct" : "1",
        "rw" : "randrw"
      },
      "read" : {
        "io_bytes" : 1073741824,
        "io_kbytes" : 1048576,
        "bw_bytes" : 178007596,
        "bw" : 173835,
        "iops" : 10864.721485,
        "runtime" : 6032,
        "total_ios" : 65536,
        "short_ios" : 0,
        "drop_ios" : 0,
        "slat_ns" : {
          "min" : 0,
          "max" : 0,
          "mean" : 0.000000,
          "stddev" : 0.000000,
          "N" : 0
        },
        "clat_ns" : {
          "min" : 3000,
          "max" : 3009000,
          "mean" : 90013.748169,
          "stddev" : 67025.450587,
          "N" : 65536,
          "percentile" : {
            "1.000000" : 4016,
            "5.000000" : 4016,
            "10.000000" : 5024,
            "20.000000" : 5024,
            "30.000000" : 5984,
            "40.000000" : 111104,
            "50.000000" : 120320,
            "60.000000" : 123392,
            "70.000000" : 130560,
            "80.000000" : 138240,
            "90.000000" : 144384,
            "95.000000" : 179200,
            "99.000000" : 232448,
            "99.500000" : 252928,
            "99.900000" : 305152,
            "99.950000" : 358400,
            "99.990000" : 485376
          }
        },
        "lat_ns" : {
          "min" : 3000,
          "max" : 3010000,
          "mean" : 90221.664429,
          "stddev" : 67033.820474,
          "N" : 65536
        },
        "bw_min" : 164384,
        "bw_max" : 180739,
        "bw_agg" : 99.971500,
        "bw_mean" : 173786.083333,
        "bw_dev" : 5758.732507,
        "bw_samples" : 12,
        "iops_min" : 10274,
        "iops_max" : 11296,
        "iops_mean" : 10861.500000,
        "iops_stddev" : 359.833168,
        "iops_samples" : 12
      },
      "write" : {
        "io_bytes" : 0,
        "io_kbytes" : 0,
        "bw_bytes" : 0,
        "bw" : 0,
        "iops" : 0.000000,
        "runtime" : 0,
        "total_ios" : 0,
        "short_ios" : 0,
        "drop_ios" : 0,
        "slat_ns" : {
          "min" : 0,
          "max" : 0,
          "mean" : 0.000000,
          "stddev" : 0.000000,
          "N" : 0
        },
        "clat_ns" : {
          "min" : 0,
          "max" : 0,
          "mean" : 0.000000,
          "stddev" : 0.000000,
          "N" : 0
        },
        "lat_ns" : {
          "min" : 0,
          "max" : 0,
          "mean" : 0.000000,
          "stddev" : 0.000000,
          "N" : 0
        },
        "bw_min" : 0,
        "bw_max" : 0,
        "bw_agg" : 0.000000,
        "bw_mean" : 0.000000,
        "bw_dev" : 0.000000,
        "bw_samples" : 0,
        "iops_min" : 0,
        "iops_max" : 0,
        "iops_mean" : 0.000000,
        "iops_stddev" : 0.000000,
        "iops_samples" : 0
      },
      "trim" : {
        "io_bytes" : 0,
        "io_kbytes" : 0,
        "bw_bytes" : 0,
        "bw" : 0,
        "iops" : 0.000000,
        "runtime" : 0,
        "total_ios" : 0,
        "short_ios" : 0,
        "drop_ios" : 0,
        "slat_ns" : {
          "min" : 0,
          "max" : 0,
          "mean" : 0.000000,
          "stddev" : 0.000000,
          "N" : 0
        },
        "clat_ns" : {
          "min" : 0,
          "max" : 0,
          "mean" : 0.000000,
          "stddev" : 0.000000,
          "N" : 0
        },
        "lat_ns" : {
          "min" : 0,
          "max" : 0,
          "mean" : 0.000000,
          "stddev" : 0.000000,
          "N" : 0
        },
        "bw_min" : 0,
        "bw_max" : 0,
        "bw_agg" : 0.000000,
        "bw_mean" : 0.000000,
        "bw_dev" : 0.000000,
        "bw_samples" : 0,
        "iops_min" : 0,
        "iops_max" : 0,
        "iops_mean" : 0.000000,
        "iops_stddev" : 0.000000,
        "iops_samples" : 0
      },
      "sync" : {
        "total_ios" : 0,
        "lat_ns" : {
          "min" : 0,
          "max" : 0,
          "mean" : 0.000000,
          "stddev" : 0.000000,
          "N" : 0
        }
      },
      "job_runtime" : 6031,
      "usr_cpu" : 3.034323,
      "sys_cpu" : 15.967501,
      "ctx" : 43649,
      "majf" : 0,
      "minf" : 29,
      "iodepth_level" : {
        "1" : 100.000000,
        "2" : 0.000000,
        "4" : 0.000000,
        "8" : 0.000000,
        "16" : 0.000000,
        "32" : 0.000000,
        ">=64" : 0.000000
      },
      "iodepth_submit" : {
        "0" : 0.000000,
        "4" : 100.000000,
        "8" : 0.000000,
        "16" : 0.000000,
        "32" : 0.000000,
        "64" : 0.000000,
        ">=64" : 0.000000
      },
      "iodepth_complete" : {
        "0" : 0.000000,
        "4" : 100.000000,
        "8" : 0.000000,
        "16" : 0.000000,
        "32" : 0.000000,
        "64" : 0.000000,
        ">=64" : 0.000000
      },
      "latency_ns" : {
        "2" : 0.000000,
        "4" : 0.000000,
        "10" : 0.000000,
        "20" : 0.000000,
        "50" : 0.000000,
        "100" : 0.000000,
        "250" : 0.000000,
        "500" : 0.000000,
        "750" : 0.000000,
        "1000" : 0.000000
      },
      "latency_us" : {
        "2" : 0.000000,
        "4" : 0.021362,
        "10" : 34.158325,
        "20" : 0.306702,
        "50" : 0.190735,
        "100" : 0.079346,
        "250" : 64.660645,
        "500" : 0.573730,
        "750" : 0.010000,
        "1000" : 0.000000
      },
      "latency_ms" : {
        "2" : 0.010000,
        "4" : 0.010000,
        "10" : 0.000000,
        "20" : 0.000000,
        "50" : 0.000000,
        "100" : 0.000000,
        "250" : 0.000000,
        "500" : 0.000000,
        "750" : 0.000000,
        "1000" : 0.000000,
        "2000" : 0.000000,
        ">=2000" : 0.000000
      },
      "latency_depth" : 1,
      "latency_target" : 0,
      "latency_percentile" : 100.000000,
      "latency_window" : 0
    }
  ]
}
