{
  "fio version" : "fio-3.38",
  "timestamp" : 1729842826,
  "timestamp_ms" : 1729842826442,
  "time" : "Fri Oct 25 09:53:46 2024",
  "jobs" : [
    {
      "jobname" : "Exo1_rand_37.5_rep_3",
      "groupid" : 0,
      "job_start" : 1729842816705,
      "error" : 0,
      "eta" : 0,
      "elapsed" : 10,
      "job options" : {
        "name" : "Exo1_rand_37.5_rep_3",
        "runtime" : "60",
        "numjobs" : "1",
        "rwmixwrite" : "37.5",
        "bs" : "16k",
        "filesize" : "1G",
        "direct" : "1",
        "rw" : "randrw"
      },
      "read" : {
        "io_bytes" : 676413440,
        "io_kbytes" : 660560,
        "bw_bytes" : 70022095,
        "bw" : 68380,
        "iops" : 4273.809524,
        "runtime" : 9660,
        "total_ios" : 41285,
        "short_ios" : 0,
        "drop_ios" : 0,
        "slat_ns" : {
          "min" : 0,
          "max" : 0,
          "mean" : 0.000000,
          "stddev" : 0.000000,
          "N" : 0
        },
        "clat_ns" : {
          "min" : 4000,
          "max" : 4466000,
          "mean" : 159012.038271,
          "stddev" : 160505.935526,
          "N" : 41285,
          "percentile" : {
            "1.000000" : 5984,
            "5.000000" : 7008,
            "10.000000" : 8032,
            "20.000000" : 9024,
            "30.000000" : 10048,
            "40.000000" : 152576,
            "50.000000" : 193536,
            "60.000000" : 214016,
            "70.000000" : 230400,
            "80.000000" : 246784,
            "90.000000" : 264192,
            "95.000000" : 276480,
            "99.000000" : 839680,
            "99.500000" : 1171456,
            "99.900000" : 1482752,
            "99.950000" : 1941504,
            "99.990000" : 3194880
          }
        },
        "lat_ns" : {
          "min" : 4000,
          "max" : 4466000,
          "mean" : 159316.943200,
          "stddev" : 160512.881968,
          "N" : 41285
        },
        "bw_min" : 62240,
        "bw_max" : 75584,
        "bw_agg" : 100.000000,
        "bw_mean" : 68405.315789,
        "bw_dev" : 2995.570676,
        "bw_samples" : 19,
        "iops_min" : 3890,
        "iops_max" : 4724,
        "iops_mean" : 4275.210526,
        "iops_stddev" : 187.219591,
        "iops_samples" : 19
      },
      "write" : {
        "io_bytes" : 397328384,
        "io_kbytes" : 388016,
        "bw_bytes" : 41131302,
        "bw" : 40167,
        "iops" : 2510.455487,
        "runtime" : 9660,
        "total_ios" : 24251,
        "short_ios" : 0,
        "drop_ios" : 0,
        "slat_ns" : {
          "min" : 0,
          "max" : 0,
          "mean" : 0.000000,
          "stddev" : 0.000000,
          "N" : 0
        },
        "clat_ns" : {
          "min" : 50000,
          "max" : 2527000,
          "mean" : 118201.434992,
          "stddev" : 35588.042119,
          "N" : 24251,
          "percentile" : {
            "1.000000" : 55040,
            "5.000000" : 76288,
            "10.000000" : 80384,
            "20.000000" : 105984,
            "30.000000" : 118272,
            "40.000000" : 119296,
            "50.000000" : 120320,
            "60.000000" : 121344,
            "70.000000" : 122368,
            "80.000000" : 124416,
            "90.000000" : 142336,
            "95.000000" : 146432,
            "99.000000" : 203776,
            "99.500000" : 257024,
            "99.900000" : 358400,
            "99.950000" : 395264,
            "99.990000" : 1662976
          }
        },
        "lat_ns" : {
          "min" : 51000,
          "max" : 2528000,
          "mean" : 118793.822935,
          "stddev" : 35620.544932,
          "N" : 24251
        },
        "bw_min" : 36256,
        "bw_max" : 43904,
        "bw_agg" : 100.000000,
        "bw_mean" : 40169.947368,
        "bw_dev" : 1934.385302,
        "bw_samples" : 19,
        "iops_min" : 2266,
        "iops_max" : 2744,
        "iops_mean" : 2510.526316,
        "iops_stddev" : 120.850858,
        "iops_samples" : 19
      },
      "trim" : {
        "io_bytes" : 0,
        "io_kbytes" : 0,
        "bw_bytes" : 0,
        "bw" : 0,
        "iops" : 0.000000,
        "runtime" : 0,
        "total_ios" : 0,
        "short_ios" : 0,
        "drop_ios" : 0,
        "slat_ns" : {
          "min" : 0,
          "max" : 0,
          "mean" : 0.000000,
          "stddev" : 0.000000,
          "N" : 0
        },
        "clat_ns" : {
          "min" : 0,
          "max" : 0,
          "mean" : 0.000000,
          "stddev" : 0.000000,
          "N" : 0
        },
        "lat_ns" : {
          "min" : 0,
          "max" : 0,
          "mean" : 0.000000,
          "stddev" : 0.000000,
          "N" : 0
        },
        "bw_min" : 0,
        "bw_max" : 0,
        "bw_agg" : 0.000000,
        "bw_mean" : 0.000000,
        "bw_dev" : 0.000000,
        "bw_samples" : 0,
        "iops_min" : 0,
        "iops_max" : 0,
        "iops_mean" : 0.000000,
        "iops_stddev" : 0.000000,
        "iops_samples" : 0
      },
      "sync" : {
        "total_ios" : 0,
        "lat_ns" : {
          "min" : 0,
          "max" : 0,
          "mean" : 0.000000,
          "stddev" : 0.000000,
          "N" : 0
        }
      },
      "job_runtime" : 9660,
      "usr_cpu" : 3.281573,
      "sys_cpu" : 23.281573,
      "ctx" : 51413,
      "majf" : 0,
      "minf" : 30,
      "iodepth_level" : {
        "1" : 100.000000,
        "2" : 0.000000,
        "4" : 0.000000,
        "8" : 0.000000,
        "16" : 0.000000,
        "32" : 0.000000,
        ">=64" : 0.000000
      },
      "iodepth_submit" : {
        "0" : 0.000000,
        "4" : 100.000000,
        "8" : 0.000000,
        "16" : 0.000000,
        "32" : 0.000000,
        "64" : 0.000000,
        ">=64" : 0.000000
      },
      "iodepth_complete" : {
        "0" : 0.000000,
        "4" : 100.000000,
        "8" : 0.000000,
        "16" : 0.000000,
        "32" : 0.000000,
        "64" : 0.000000,
        ">=64" : 0.000000
      },
      "latency_ns" : {
        "2" : 0.000000,
        "4" : 0.000000,
        "10" : 0.000000,
        "20" : 0.000000,
        "50" : 0.000000,
        "100" : 0.000000,
        "250" : 0.000000,
        "500" : 0.000000,
        "750" : 0.000000,
        "1000" : 0.000000
      },
      "latency_us" : {
        "2" : 0.000000,
        "4" : 0.000000,
        "10" : 14.454651,
        "20" : 7.077026,
        "50" : 0.382996,
        "100" : 5.613708,
        "250" : 60.467529,
        "500" : 11.265564,
        "750" : 0.074768,
        "1000" : 0.103760
      },
      "latency_ms" : {
        "2" : 0.534058,
        "4" : 0.021362,
        "10" : 0.010000,
        "20" : 0.000000,
        "50" : 0.000000,
        "100" : 0.000000,
        "250" : 0.000000,
        "500" : 0.000000,
        "750" : 0.000000,
        "1000" : 0.000000,
        "2000" : 0.000000,
        ">=2000" : 0.000000
      },
      "latency_depth" : 1,
      "latency_target" : 0,
      "latency_percentile" : 100.000000,
      "latency_window" : 0
    }
  ]
}
