{
  "fio version" : "fio-3.38",
  "timestamp" : 1729842582,
  "timestamp_ms" : 1729842582665,
  "time" : "Fri Oct 25 09:49:42 2024",
  "jobs" : [
    {
      "jobname" : "Exo1_seq_75_rep_4",
      "groupid" : 0,
      "job_start" : 1729842576404,
      "error" : 0,
      "eta" : 0,
      "elapsed" : 7,
      "job options" : {
        "name" : "Exo1_seq_75_rep_4",
        "runtime" : "60",
        "numjobs" : "1",
        "rwmixwrite" : "75",
        "bs" : "16k",
        "filesize" : "1G",
        "direct" : "1",
        "rw" : "rw"
      },
      "read" : {
        "io_bytes" : 268910592,
        "io_kbytes" : 262608,
        "bw_bytes" : 43205429,
        "bw" : 42192,
        "iops" : 2637.050129,
        "runtime" : 6224,
        "total_ios" : 16413,
        "short_ios" : 0,
        "drop_ios" : 0,
        "slat_ns" : {
          "min" : 0,
          "max" : 0,
          "mean" : 0.000000,
          "stddev" : 0.000000,
          "N" : 0
        },
        "clat_ns" : {
          "min" : 36000,
          "max" : 4955000,
          "mean" : 116528.239810,
          "stddev" : 178347.617831,
          "N" : 16413,
          "percentile" : {
            "1.000000" : 37120,
            "5.000000" : 38144,
            "10.000000" : 39168,
            "20.000000" : 39168,
            "30.000000" : 40192,
            "40.000000" : 43776,
            "50.000000" : 71168,
            "60.000000" : 110080,
            "70.000000" : 120320,
            "80.000000" : 162816,
            "90.000000" : 216064,
            "95.000000" : 264192,
            "99.000000" : 1044480,
            "99.500000" : 1368064,
            "99.900000" : 2179072,
            "99.950000" : 2310144,
            "99.990000" : 3325952
          }
        },
        "lat_ns" : {
          "min" : 36000,
          "max" : 4955000,
          "mean" : 116747.639067,
          "stddev" : 178354.168107,
          "N" : 16413
        },
        "bw_min" : 33376,
        "bw_max" : 57536,
        "bw_agg" : 99.415062,
        "bw_mean" : 41946.500000,
        "bw_dev" : 6975.046803,
        "bw_samples" : 12,
        "iops_min" : 2086,
        "iops_max" : 3596,
        "iops_mean" : 2621.583333,
        "iops_stddev" : 435.991547,
        "iops_samples" : 12
      },
      "write" : {
        "io_bytes" : 804831232,
        "io_kbytes" : 785968,
        "bw_bytes" : 129310930,
        "bw" : 126280,
        "iops" : 7892.512853,
        "runtime" : 6224,
        "total_ios" : 49123,
        "short_ios" : 0,
        "drop_ios" : 0,
        "slat_ns" : {
          "min" : 0,
          "max" : 0,
          "mean" : 0.000000,
          "stddev" : 0.000000,
          "N" : 0
        },
        "clat_ns" : {
          "min" : 47000,
          "max" : 35836000,
          "mean" : 84021.313845,
          "stddev" : 166124.095639,
          "N" : 49123,
          "percentile" : {
            "1.000000" : 49920,
            "5.000000" : 50944,
            "10.000000" : 50944,
            "20.000000" : 51968,
            "30.000000" : 51968,
            "40.000000" : 52992,
            "50.000000" : 73216,
            "60.000000" : 95744,
            "70.000000" : 102912,
            "80.000000" : 125440,
            "90.000000" : 129536,
            "95.000000" : 134144,
            "99.000000" : 146432,
            "99.500000" : 156672,
            "99.900000" : 248832,
            "99.950000" : 342016,
            "99.990000" : 1253376
          }
        },
        "lat_ns" : {
          "min" : 47000,
          "max" : 35836000,
          "mean" : 84545.650714,
          "stddev" : 166135.566058,
          "N" : 49123
        },
        "bw_min" : 95072,
        "bw_max" : 168224,
        "bw_agg" : 99.403545,
        "bw_mean" : 125527.500000,
        "bw_dev" : 19394.908125,
        "bw_samples" : 12,
        "iops_min" : 5942,
        "iops_max" : 10514,
        "iops_mean" : 7845.583333,
        "iops_stddev" : 1212.115015,
        "iops_samples" : 12
      },
      "trim" : {
        "io_bytes" : 0,
        "io_kbytes" : 0,
        "bw_bytes" : 0,
        "bw" : 0,
        "iops" : 0.000000,
        "runtime" : 0,
        "total_ios" : 0,
        "short_ios" : 0,
        "drop_ios" : 0,
        "slat_ns" : {
          "min" : 0,
          "max" : 0,
          "mean" : 0.000000,
          "stddev" : 0.000000,
          "N" : 0
        },
        "clat_ns" : {
          "min" : 0,
          "max" : 0,
          "mean" : 0.000000,
          "stddev" : 0.000000,
          "N" : 0
        },
        "lat_ns" : {
          "min" : 0,
          "max" : 0,
          "mean" : 0.000000,
          "stddev" : 0.000000,
          "N" : 0
        },
        "bw_min" : 0,
        "bw_max" : 0,
        "bw_agg" : 0.000000,
        "bw_mean" : 0.000000,
        "bw_dev" : 0.000000,
        "bw_samples" : 0,
        "iops_min" : 0,
        "iops_max" : 0,
        "iops_mean" : 0.000000,
        "iops_stddev" : 0.000000,
        "iops_samples" : 0
      },
      "sync" : {
        "total_ios" : 0,
        "lat_ns" : {
          "min" : 0,
          "max" : 0,
          "mean" : 0.000000,
          "stddev" : 0.000000,
          "N" : 0
        }
      },
      "job_runtime" : 6223,
      "usr_cpu" : 3.904869,
      "sys_cpu" : 37.811345,
      "ctx" : 65753,
      "majf" : 0,
      "minf" : 32,
      "iodepth_level" : {
        "1" : 100.000000,
        "2" : 0.000000,
        "4" : 0.000000,
        "8" : 0.000000,
        "16" : 0.000000,
        "32" : 0.000000,
        ">=64" : 0.000000
      },
      "iodepth_submit" : {
        "0" : 0.000000,
        "4" : 100.000000,
        "8" : 0.000000,
        "16" : 0.000000,
        "32" : 0.000000,
        "64" : 0.000000,
        ">=64" : 0.000000
      },
      "iodepth_complete" : {
        "0" : 0.000000,
        "4" : 100.000000,
        "8" : 0.000000,
        "16" : 0.000000,
        "32" : 0.000000,
        "64" : 0.000000,
        ">=64" : 0.000000
      },
      "latency_ns" : {
        "2" : 0.000000,
        "4" : 0.000000,
        "10" : 0.000000,
        "20" : 0.000000,
        "50" : 0.000000,
        "100" : 0.000000,
        "250" : 0.000000,
        "500" : 0.000000,
        "750" : 0.000000,
        "1000" : 0.000000
      },
      "latency_us" : {
        "2" : 0.000000,
        "4" : 0.000000,
        "10" : 0.000000,
        "20" : 0.000000,
        "50" : 11.492920,
        "100" : 53.756714,
        "250" : 33.117676,
        "500" : 1.211548,
        "750" : 0.071716,
        "1000" : 0.071716
      },
      "latency_ms" : {
        "2" : 0.236511,
        "4" : 0.038147,
        "10" : 0.010000,
        "20" : 0.000000,
        "50" : 0.010000,
        "100" : 0.000000,
        "250" : 0.000000,
        "500" : 0.000000,
        "750" : 0.000000,
        "1000" : 0.000000,
        "2000" : 0.000000,
        ">=2000" : 0.000000
      },
      "latency_depth" : 1,
      "latency_target" : 0,
      "latency_percentile" : 100.000000,
      "latency_window" : 0
    }
  ]
}
