{
  "fio version" : "fio-3.38",
  "timestamp" : 1729842481,
  "timestamp_ms" : 1729842481338,
  "time" : "Fri Oct 25 09:48:01 2024",
  "jobs" : [
    {
      "jobname" : "Exo1_seq_37.5_rep_5",
      "groupid" : 0,
      "job_start" : 1729842475586,
      "error" : 0,
      "eta" : 0,
      "elapsed" : 6,
      "job options" : {
        "name" : "Exo1_seq_37.5_rep_5",
        "runtime" : "60",
        "numjobs" : "1",
        "rwmixwrite" : "37.5",
        "bs" : "16k",
        "filesize" : "1G",
        "direct" : "1",
        "rw" : "rw"
      },
      "read" : {
        "io_bytes" : 676413440,
        "io_kbytes" : 660560,
        "bw_bytes" : 121744679,
        "bw" : 118891,
        "iops" : 7430.705544,
        "runtime" : 5556,
        "total_ios" : 41285,
        "short_ios" : 0,
        "drop_ios" : 0,
        "slat_ns" : {
          "min" : 0,
          "max" : 0,
          "mean" : 0.000000,
          "stddev" : 0.000000,
          "N" : 0
        },
        "clat_ns" : {
          "min" : 36000,
          "max" : 5102000,
          "mean" : 89828.121594,
          "stddev" : 115798.957948,
          "N" : 41285,
          "percentile" : {
            "1.000000" : 36096,
            "5.000000" : 37120,
            "10.000000" : 37120,
            "20.000000" : 38144,
            "30.000000" : 39168,
            "40.000000" : 40192,
            "50.000000" : 46848,
            "60.000000" : 78336,
            "70.000000" : 111104,
            "80.000000" : 130560,
            "90.000000" : 158720,
            "95.000000" : 197632,
            "99.000000" : 284672,
            "99.500000" : 946176,
            "99.900000" : 1630208,
            "99.950000" : 1810432,
            "99.990000" : 2965504
          }
        },
        "lat_ns" : {
          "min" : 36000,
          "max" : 5102000,
          "mean" : 90005.086593,
          "stddev" : 115801.708023,
          "N" : 41285
        },
        "bw_min" : 100896,
        "bw_max" : 131776,
        "bw_agg" : 99.918171,
        "bw_mean" : 118794.000000,
        "bw_dev" : 9669.344331,
        "bw_samples" : 11,
        "iops_min" : 6306,
        "iops_max" : 8236,
        "iops_mean" : 7424.454545,
        "iops_stddev" : 604.383217,
        "iops_samples" : 11
      },
      "write" : {
        "io_bytes" : 397328384,
        "io_kbytes" : 388016,
        "bw_bytes" : 71513388,
        "bw" : 69837,
        "iops" : 4364.830814,
        "runtime" : 5556,
        "total_ios" : 24251,
        "short_ios" : 0,
        "drop_ios" : 0,
        "slat_ns" : {
          "min" : 0,
          "max" : 0,
          "mean" : 0.000000,
          "stddev" : 0.000000,
          "N" : 0
        },
        "clat_ns" : {
          "min" : 49000,
          "max" : 2540000,
          "mean" : 69567.399283,
          "stddev" : 33153.328633,
          "N" : 24251,
          "percentile" : {
            "1.000000" : 49920,
            "5.000000" : 50944,
            "10.000000" : 50944,
            "20.000000" : 51968,
            "30.000000" : 51968,
            "40.000000" : 52992,
            "50.000000" : 52992,
            "60.000000" : 54016,
            "70.000000" : 66048,
            "80.000000" : 95744,
            "90.000000" : 125440,
            "95.000000" : 127488,
            "99.000000" : 140288,
            "99.500000" : 146432,
            "99.900000" : 313344,
            "99.950000" : 358400,
            "99.990000" : 501760
          }
        },
        "lat_ns" : {
          "min" : 50000,
          "max" : 2540000,
          "mean" : 70013.112861,
          "stddev" : 33189.570980,
          "N" : 24251
        },
        "bw_min" : 61248,
        "bw_max" : 78720,
        "bw_agg" : 99.949464,
        "bw_mean" : 69802.090909,
        "bw_dev" : 5591.977333,
        "bw_samples" : 11,
        "iops_min" : 3828,
        "iops_max" : 4920,
        "iops_mean" : 4362.545455,
        "iops_stddev" : 349.552675,
        "iops_samples" : 11
      },
      "trim" : {
        "io_bytes" : 0,
        "io_kbytes" : 0,
        "bw_bytes" : 0,
        "bw" : 0,
        "iops" : 0.000000,
        "runtime" : 0,
        "total_ios" : 0,
        "short_ios" : 0,
        "drop_ios" : 0,
        "slat_ns" : {
          "min" : 0,
          "max" : 0,
          "mean" : 0.000000,
          "stddev" : 0.000000,
          "N" : 0
        },
        "clat_ns" : {
          "min" : 0,
          "max" : 0,
          "mean" : 0.000000,
          "stddev" : 0.000000,
          "N" : 0
        },
        "lat_ns" : {
          "min" : 0,
          "max" : 0,
          "mean" : 0.000000,
          "stddev" : 0.000000,
          "N" : 0
        },
        "bw_min" : 0,
        "bw_max" : 0,
        "bw_agg" : 0.000000,
        "bw_mean" : 0.000000,
        "bw_dev" : 0.000000,
        "bw_samples" : 0,
        "iops_min" : 0,
        "iops_max" : 0,
        "iops_mean" : 0.000000,
        "iops_stddev" : 0.000000,
        "iops_samples" : 0
      },
      "sync" : {
        "total_ios" : 0,
        "lat_ns" : {
          "min" : 0,
          "max" : 0,
          "mean" : 0.000000,
          "stddev" : 0.000000,
          "N" : 0
        }
      },
      "job_runtime" : 5555,
      "usr_cpu" : 3.726373,
      "sys_cpu" : 33.951395,
      "ctx" : 65706,
      "majf" : 0,
      "minf" : 31,
      "iodepth_level" : {
        "1" : 100.000000,
        "2" : 0.000000,
        "4" : 0.000000,
        "8" : 0.000000,
        "16" : 0.000000,
        "32" : 0.000000,
        ">=64" : 0.000000
      },
      "iodepth_submit" : {
        "0" : 0.000000,
        "4" : 100.000000,
        "8" : 0.000000,
        "16" : 0.000000,
        "32" : 0.000000,
        "64" : 0.000000,
        ">=64" : 0.000000
      },
      "iodepth_complete" : {
        "0" : 0.000000,
        "4" : 100.000000,
        "8" : 0.000000,
        "16" : 0.000000,
        "32" : 0.000000,
        "64" : 0.000000,
        ">=64" : 0.000000
      },
      "latency_ns" : {
        "2" : 0.000000,
        "4" : 0.000000,
        "10" : 0.000000,
        "20" : 0.000000,
        "50" : 0.000000,
        "100" : 0.000000,
        "250" : 0.000000,
        "500" : 0.000000,
        "750" : 0.000000,
        "1000" : 0.000000
      },
      "latency_us" : {
        "2" : 0.000000,
        "4" : 0.000000,
        "10" : 0.000000,
        "20" : 0.000000,
        "50" : 31.851196,
        "100" : 39.230347,
        "250" : 27.601624,
        "500" : 0.827026,
        "750" : 0.097656,
        "1000" : 0.106812
      },
      "latency_ms" : {
        "2" : 0.276184,
        "4" : 0.010000,
        "10" : 0.010000,
        "20" : 0.000000,
        "50" : 0.000000,
        "100" : 0.000000,
        "250" : 0.000000,
        "500" : 0.000000,
        "750" : 0.000000,
        "1000" : 0.000000,
        "2000" : 0.000000,
        ">=2000" : 0.000000
      },
      "latency_depth" : 1,
      "latency_target" : 0,
      "latency_percentile" : 100.000000,
      "latency_window" : 0
    }
  ]
}
