{
  "fio version" : "fio-3.38",
  "timestamp" : 1729842507,
  "timestamp_ms" : 1729842507457,
  "time" : "Fri Oct 25 09:48:27 2024",
  "jobs" : [
    {
      "jobname" : "Exo1_seq_50_rep_4",
      "groupid" : 0,
      "job_start" : 1729842502191,
      "error" : 0,
      "eta" : 0,
      "elapsed" : 6,
      "job options" : {
        "name" : "Exo1_seq_50_rep_4",
        "runtime" : "60",
        "numjobs" : "1",
        "rwmixwrite" : "50",
        "bs" : "16k",
        "filesize" : "1G",
        "direct" : "1",
        "rw" : "rw"
      },
      "read" : {
        "io_bytes" : 536363008,
        "io_kbytes" : 523792,
        "bw_bytes" : 102928997,
        "bw" : 100516,
        "iops" : 6282.287469,
        "runtime" : 5211,
        "total_ios" : 32737,
        "short_ios" : 0,
        "drop_ios" : 0,
        "slat_ns" : {
          "min" : 0,
          "max" : 0,
          "mean" : 0.000000,
          "stddev" : 0.000000,
          "N" : 0
        },
        "clat_ns" : {
          "min" : 9000,
          "max" : 5055000,
          "mean" : 84018.908269,
          "stddev" : 114363.158583,
          "N" : 32737,
          "percentile" : {
            "1.000000" : 36096,
            "5.000000" : 37120,
            "10.000000" : 37120,
            "20.000000" : 38144,
            "30.000000" : 38144,
            "40.000000" : 39168,
            "50.000000" : 39168,
            "60.000000" : 44800,
            "70.000000" : 82432,
            "80.000000" : 130560,
            "90.000000" : 179200,
            "95.000000" : 226304,
            "99.000000" : 296960,
            "99.500000" : 659456,
            "99.900000" : 1581056,
            "99.950000" : 1859584,
            "99.990000" : 2342912
          }
        },
        "lat_ns" : {
          "min" : 9000,
          "max" : 5055000,
          "mean" : 84233.802731,
          "stddev" : 114380.232665,
          "N" : 32737
        },
        "bw_min" : 65152,
        "bw_max" : 154464,
        "bw_agg" : 97.838567,
        "bw_mean" : 98344.100000,
        "bw_dev" : 29738.032560,
        "bw_samples" : 10,
        "iops_min" : 4072,
        "iops_max" : 9654,
        "iops_mean" : 6146.400000,
        "iops_stddev" : 1858.560207,
        "iops_samples" : 10
      },
      "write" : {
        "io_bytes" : 537378816,
        "io_kbytes" : 524784,
        "bw_bytes" : 103123933,
        "bw" : 100706,
        "iops" : 6294.185377,
        "runtime" : 5211,
        "total_ios" : 32799,
        "short_ios" : 0,
        "drop_ios" : 0,
        "slat_ns" : {
          "min" : 0,
          "max" : 0,
          "mean" : 0.000000,
          "stddev" : 0.000000,
          "N" : 0
        },
        "clat_ns" : {
          "min" : 48000,
          "max" : 3982000,
          "mean" : 69718.192628,
          "stddev" : 37855.257994,
          "N" : 32799,
          "percentile" : {
            "1.000000" : 49920,
            "5.000000" : 49920,
            "10.000000" : 49920,
            "20.000000" : 50944,
            "30.000000" : 50944,
            "40.000000" : 51968,
            "50.000000" : 52992,
            "60.000000" : 54016,
            "70.000000" : 64768,
            "80.000000" : 96768,
            "90.000000" : 123392,
            "95.000000" : 138240,
            "99.000000" : 148480,
            "99.500000" : 158720,
            "99.900000" : 240640,
            "99.950000" : 321536,
            "99.990000" : 518144
          }
        },
        "lat_ns" : {
          "min" : 48000,
          "max" : 3983000,
          "mean" : 70192.932711,
          "stddev" : 37919.408637,
          "N" : 32799
        },
        "bw_min" : 66624,
        "bw_max" : 156192,
        "bw_agg" : 97.718166,
        "bw_mean" : 98409.300000,
        "bw_dev" : 29769.283819,
        "bw_samples" : 10,
        "iops_min" : 4164,
        "iops_max" : 9762,
        "iops_mean" : 6150.500000,
        "iops_stddev" : 1860.520790,
        "iops_samples" : 10
      },
      "trim" : {
        "io_bytes" : 0,
        "io_kbytes" : 0,
        "bw_bytes" : 0,
        "bw" : 0,
        "iops" : 0.000000,
        "runtime" : 0,
        "total_ios" : 0,
        "short_ios" : 0,
        "drop_ios" : 0,
        "slat_ns" : {
          "min" : 0,
          "max" : 0,
          "mean" : 0.000000,
          "stddev" : 0.000000,
          "N" : 0
        },
        "clat_ns" : {
          "min" : 0,
          "max" : 0,
          "mean" : 0.000000,
          "stddev" : 0.000000,
          "N" : 0
        },
        "lat_ns" : {
          "min" : 0,
          "max" : 0,
          "mean" : 0.000000,
          "stddev" : 0.000000,
          "N" : 0
        },
        "bw_min" : 0,
        "bw_max" : 0,
        "bw_agg" : 0.000000,
        "bw_mean" : 0.000000,
        "bw_dev" : 0.000000,
        "bw_samples" : 0,
        "iops_min" : 0,
        "iops_max" : 0,
        "iops_mean" : 0.000000,
        "iops_stddev" : 0.000000,
        "iops_samples" : 0
      },
      "sync" : {
        "total_ios" : 0,
        "lat_ns" : {
          "min" : 0,
          "max" : 0,
          "mean" : 0.000000,
          "stddev" : 0.000000,
          "N" : 0
        }
      },
      "job_runtime" : 5210,
      "usr_cpu" : 4.318618,
      "sys_cpu" : 37.408829,
      "ctx" : 65801,
      "majf" : 0,
      "minf" : 32,
      "iodepth_level" : {
        "1" : 100.000000,
        "2" : 0.000000,
        "4" : 0.000000,
        "8" : 0.000000,
        "16" : 0.000000,
        "32" : 0.000000,
        ">=64" : 0.000000
      },
      "iodepth_submit" : {
        "0" : 0.000000,
        "4" : 100.000000,
        "8" : 0.000000,
        "16" : 0.000000,
        "32" : 0.000000,
        "64" : 0.000000,
        ">=64" : 0.000000
      },
      "iodepth_complete" : {
        "0" : 0.000000,
        "4" : 100.000000,
        "8" : 0.000000,
        "16" : 0.000000,
        "32" : 0.000000,
        "64" : 0.000000,
        ">=64" : 0.000000
      },
      "latency_ns" : {
        "2" : 0.000000,
        "4" : 0.000000,
        "10" : 0.000000,
        "20" : 0.000000,
        "50" : 0.000000,
        "100" : 0.000000,
        "250" : 0.000000,
        "500" : 0.000000,
        "750" : 0.000000,
        "1000" : 0.000000
      },
      "latency_us" : {
        "2" : 0.000000,
        "4" : 0.000000,
        "10" : 0.010000,
        "20" : 0.010000,
        "50" : 32.264709,
        "100" : 44.236755,
        "250" : 22.023010,
        "500" : 1.196289,
        "750" : 0.030518,
        "1000" : 0.030518
      },
      "latency_ms" : {
        "2" : 0.198364,
        "4" : 0.010000,
        "10" : 0.010000,
        "20" : 0.000000,
        "50" : 0.000000,
        "100" : 0.000000,
        "250" : 0.000000,
        "500" : 0.000000,
        "750" : 0.000000,
        "1000" : 0.000000,
        "2000" : 0.000000,
        ">=2000" : 0.000000
      },
      "latency_depth" : 1,
      "latency_target" : 0,
      "latency_percentile" : 100.000000,
      "latency_window" : 0
    }
  ]
}
