{
  "fio version" : "fio-3.38",
  "timestamp" : 1729843011,
  "timestamp_ms" : 1729843011616,
  "time" : "Fri Oct 25 09:56:51 2024",
  "jobs" : [
    {
      "jobname" : "Exo1_rand_87.5_rep_2",
      "groupid" : 0,
      "job_start" : 1729843007117,
      "error" : 0,
      "eta" : 0,
      "elapsed" : 5,
      "job options" : {
        "name" : "Exo1_rand_87.5_rep_2",
        "runtime" : "60",
        "numjobs" : "1",
        "rwmixwrite" : "87.5",
        "bs" : "16k",
        "filesize" : "1G",
        "direct" : "1",
        "rw" : "randrw"
      },
      "read" : {
        "io_bytes" : 140673024,
        "io_kbytes" : 137376,
        "bw_bytes" : 32959940,
        "bw" : 32187,
        "iops" : 2011.715089,
        "runtime" : 4268,
        "total_ios" : 8586,
        "short_ios" : 0,
        "drop_ios" : 0,
        "slat_ns" : {
          "min" : 0,
          "max" : 0,
          "mean" : 0.000000,
          "stddev" : 0.000000,
          "N" : 0
        },
        "clat_ns" : {
          "min" : 4000,
          "max" : 3340000,
          "mean" : 34460.284184,
          "stddev" : 160940.429643,
          "N" : 8586,
          "percentile" : {
            "1.000000" : 4016,
            "5.000000" : 4016,
            "10.000000" : 5024,
            "20.000000" : 5984,
            "30.000000" : 5984,
            "40.000000" : 5984,
            "50.000000" : 5984,
            "60.000000" : 5984,
            "70.000000" : 7008,
            "80.000000" : 7008,
            "90.000000" : 9024,
            "95.000000" : 230400,
            "99.000000" : 667648,
            "99.500000" : 1318912,
            "99.900000" : 2179072,
            "99.950000" : 2277376,
            "99.990000" : 3325952
          }
        },
        "lat_ns" : {
          "min" : 4000,
          "max" : 3340000,
          "mean" : 34670.044258,
          "stddev" : 160947.987429,
          "N" : 8586
        },
        "bw_min" : 29504,
        "bw_max" : 34400,
        "bw_agg" : 99.641346,
        "bw_mean" : 32072.250000,
        "bw_dev" : 1475.224801,
        "bw_samples" : 8,
        "iops_min" : 1844,
        "iops_max" : 2150,
        "iops_mean" : 2004.500000,
        "iops_stddev" : 92.190796,
        "iops_samples" : 8
      },
      "write" : {
        "io_bytes" : 933068800,
        "io_kbytes" : 911200,
        "bw_bytes" : 218619681,
        "bw" : 213495,
        "iops" : 13343.486410,
        "runtime" : 4268,
        "total_ios" : 56950,
        "short_ios" : 0,
        "drop_ios" : 0,
        "slat_ns" : {
          "min" : 0,
          "max" : 0,
          "mean" : 0.000000,
          "stddev" : 0.000000,
          "N" : 0
        },
        "clat_ns" : {
          "min" : 45000,
          "max" : 1480000,
          "mean" : 66908.639157,
          "stddev" : 34452.493439,
          "N" : 56950,
          "percentile" : {
            "1.000000" : 49920,
            "5.000000" : 49920,
            "10.000000" : 50944,
            "20.000000" : 50944,
            "30.000000" : 50944,
            "40.000000" : 51968,
            "50.000000" : 51968,
            "60.000000" : 51968,
            "70.000000" : 54016,
            "80.000000" : 89600,
            "90.000000" : 102912,
            "95.000000" : 127488,
            "99.000000" : 214016,
            "99.500000" : 232448,
            "99.900000" : 301056,
            "99.950000" : 350208,
            "99.990000" : 481280
          }
        },
        "lat_ns" : {
          "min" : 46000,
          "max" : 1481000,
          "mean" : 67353.994732,
          "stddev" : 34449.939827,
          "N" : 56950
        },
        "bw_min" : 201088,
        "bw_max" : 221306,
        "bw_agg" : 99.791667,
        "bw_mean" : 213051.625000,
        "bw_dev" : 7080.988267,
        "bw_samples" : 8,
        "iops_min" : 12568,
        "iops_max" : 13831,
        "iops_mean" : 13315.500000,
        "iops_stddev" : 442.381219,
        "iops_samples" : 8
      },
      "trim" : {
        "io_bytes" : 0,
        "io_kbytes" : 0,
        "bw_bytes" : 0,
        "bw" : 0,
        "iops" : 0.000000,
        "runtime" : 0,
        "total_ios" : 0,
        "short_ios" : 0,
        "drop_ios" : 0,
        "slat_ns" : {
          "min" : 0,
          "max" : 0,
          "mean" : 0.000000,
          "stddev" : 0.000000,
          "N" : 0
        },
        "clat_ns" : {
          "min" : 0,
          "max" : 0,
          "mean" : 0.000000,
          "stddev" : 0.000000,
          "N" : 0
        },
        "lat_ns" : {
          "min" : 0,
          "max" : 0,
          "mean" : 0.000000,
          "stddev" : 0.000000,
          "N" : 0
        },
        "bw_min" : 0,
        "bw_max" : 0,
        "bw_agg" : 0.000000,
        "bw_mean" : 0.000000,
        "bw_dev" : 0.000000,
        "bw_samples" : 0,
        "iops_min" : 0,
        "iops_max" : 0,
        "iops_mean" : 0.000000,
        "iops_stddev" : 0.000000,
        "iops_samples" : 0
      },
      "sync" : {
        "total_ios" : 0,
        "lat_ns" : {
          "min" : 0,
          "max" : 0,
          "mean" : 0.000000,
          "stddev" : 0.000000,
          "N" : 0
        }
      },
      "job_runtime" : 4267,
      "usr_cpu" : 5.179283,
      "sys_cpu" : 42.207640,
      "ctx" : 57719,
      "majf" : 0,
      "minf" : 29,
      "iodepth_level" : {
        "1" : 100.000000,
        "2" : 0.000000,
        "4" : 0.000000,
        "8" : 0.000000,
        "16" : 0.000000,
        "32" : 0.000000,
        ">=64" : 0.000000
      },
      "iodepth_submit" : {
        "0" : 0.000000,
        "4" : 100.000000,
        "8" : 0.000000,
        "16" : 0.000000,
        "32" : 0.000000,
        "64" : 0.000000,
        ">=64" : 0.000000
      },
      "iodepth_complete" : {
        "0" : 0.000000,
        "4" : 100.000000,
        "8" : 0.000000,
        "16" : 0.000000,
        "32" : 0.000000,
        "64" : 0.000000,
        ">=64" : 0.000000
      },
      "latency_ns" : {
        "2" : 0.000000,
        "4" : 0.000000,
        "10" : 0.000000,
        "20" : 0.000000,
        "50" : 0.000000,
        "100" : 0.000000,
        "250" : 0.000000,
        "500" : 0.000000,
        "750" : 0.000000,
        "1000" : 0.000000
      },
      "latency_us" : {
        "2" : 0.000000,
        "4" : 0.000000,
        "10" : 11.953735,
        "20" : 0.170898,
        "50" : 0.404358,
        "100" : 77.420044,
        "250" : 9.248352,
        "500" : 0.656128,
        "750" : 0.027466,
        "1000" : 0.025940
      },
      "latency_ms" : {
        "2" : 0.071716,
        "4" : 0.021362,
        "10" : 0.000000,
        "20" : 0.000000,
        "50" : 0.000000,
        "100" : 0.000000,
        "250" : 0.000000,
        "500" : 0.000000,
        "750" : 0.000000,
        "1000" : 0.000000,
        "2000" : 0.000000,
        ">=2000" : 0.000000
      },
      "latency_depth" : 1,
      "latency_target" : 0,
      "latency_percentile" : 100.000000,
      "latency_window" : 0
    }
  ]
}
