{
  "fio version" : "fio-3.38",
  "timestamp" : 1729842869,
  "timestamp_ms" : 1729842869574,
  "time" : "Fri Oct 25 09:54:29 2024",
  "jobs" : [
    {
      "jobname" : "Exo1_rand_50_rep_2",
      "groupid" : 0,
      "job_start" : 1729842860595,
      "error" : 0,
      "eta" : 0,
      "elapsed" : 10,
      "job options" : {
        "name" : "Exo1_rand_50_rep_2",
        "runtime" : "60",
        "numjobs" : "1",
        "rwmixwrite" : "50",
        "bs" : "16k",
        "filesize" : "1G",
        "direct" : "1",
        "rw" : "randrw"
      },
      "read" : {
        "io_bytes" : 536363008,
        "io_kbytes" : 523792,
        "bw_bytes" : 60096695,
        "bw" : 58688,
        "iops" : 3668.011204,
        "runtime" : 8925,
        "total_ios" : 32737,
        "short_ios" : 0,
        "drop_ios" : 0,
        "slat_ns" : {
          "min" : 0,
          "max" : 0,
          "mean" : 0.000000,
          "stddev" : 0.000000,
          "N" : 0
        },
        "clat_ns" : {
          "min" : 4000,
          "max" : 5119000,
          "mean" : 159780.462474,
          "stddev" : 182018.622492,
          "N" : 32737,
          "percentile" : {
            "1.000000" : 5024,
            "5.000000" : 5984,
            "10.000000" : 7008,
            "20.000000" : 9024,
            "30.000000" : 10944,
            "40.000000" : 144384,
            "50.000000" : 179200,
            "60.000000" : 205824,
            "70.000000" : 226304,
            "80.000000" : 246784,
            "90.000000" : 268288,
            "95.000000" : 284672,
            "99.000000" : 1089536,
            "99.500000" : 1302528,
            "99.900000" : 1925120,
            "99.950000" : 2179072,
            "99.990000" : 3883008
          }
        },
        "lat_ns" : {
          "min" : 4000,
          "max" : 5120000,
          "mean" : 160115.801692,
          "stddev" : 182025.048495,
          "N" : 32737
        },
        "bw_min" : 50459,
        "bw_max" : 79456,
        "bw_agg" : 100.000000,
        "bw_mean" : 58966.588235,
        "bw_dev" : 7122.829091,
        "bw_samples" : 17,
        "iops_min" : 3153,
        "iops_max" : 4966,
        "iops_mean" : 3685.176471,
        "iops_stddev" : 445.180053,
        "iops_samples" : 17
      },
      "write" : {
        "io_bytes" : 537378816,
        "io_kbytes" : 524784,
        "bw_bytes" : 60210511,
        "bw" : 58799,
        "iops" : 3674.957983,
        "runtime" : 8925,
        "total_ios" : 32799,
        "short_ios" : 0,
        "drop_ios" : 0,
        "slat_ns" : {
          "min" : 0,
          "max" : 0,
          "mean" : 0.000000,
          "stddev" : 0.000000,
          "N" : 0
        },
        "clat_ns" : {
          "min" : 48000,
          "max" : 732000,
          "mean" : 105751.425348,
          "stddev" : 32038.262791,
          "N" : 32799,
          "percentile" : {
            "1.000000" : 51968,
            "5.000000" : 54016,
            "10.000000" : 58112,
            "20.000000" : 77312,
            "30.000000" : 85504,
            "40.000000" : 103936,
            "50.000000" : 118272,
            "60.000000" : 119296,
            "70.000000" : 120320,
            "80.000000" : 123392,
            "90.000000" : 140288,
            "95.000000" : 144384,
            "99.000000" : 183296,
            "99.500000" : 214016,
            "99.900000" : 329728,
            "99.950000" : 346112,
            "99.990000" : 505856
          }
        },
        "lat_ns" : {
          "min" : 48000,
          "max" : 733000,
          "mean" : 106366.505076,
          "stddev" : 32121.369875,
          "N" : 32799
        },
        "bw_min" : 50842,
        "bw_max" : 79744,
        "bw_agg" : 100.000000,
        "bw_mean" : 59021.294118,
        "bw_dev" : 7250.081618,
        "bw_samples" : 17,
        "iops_min" : 3177,
        "iops_max" : 4984,
        "iops_mean" : 3688.647059,
        "iops_stddev" : 453.156146,
        "iops_samples" : 17
      },
      "trim" : {
        "io_bytes" : 0,
        "io_kbytes" : 0,
        "bw_bytes" : 0,
        "bw" : 0,
        "iops" : 0.000000,
        "runtime" : 0,
        "total_ios" : 0,
        "short_ios" : 0,
        "drop_ios" : 0,
        "slat_ns" : {
          "min" : 0,
          "max" : 0,
          "mean" : 0.000000,
          "stddev" : 0.000000,
          "N" : 0
        },
        "clat_ns" : {
          "min" : 0,
          "max" : 0,
          "mean" : 0.000000,
          "stddev" : 0.000000,
          "N" : 0
        },
        "lat_ns" : {
          "min" : 0,
          "max" : 0,
          "mean" : 0.000000,
          "stddev" : 0.000000,
          "N" : 0
        },
        "bw_min" : 0,
        "bw_max" : 0,
        "bw_agg" : 0.000000,
        "bw_mean" : 0.000000,
        "bw_dev" : 0.000000,
        "bw_samples" : 0,
        "iops_min" : 0,
        "iops_max" : 0,
        "iops_mean" : 0.000000,
        "iops_stddev" : 0.000000,
        "iops_samples" : 0
      },
      "sync" : {
        "total_ios" : 0,
        "lat_ns" : {
          "min" : 0,
          "max" : 0,
          "mean" : 0.000000,
          "stddev" : 0.000000,
          "N" : 0
        }
      },
      "job_runtime" : 8924,
      "usr_cpu" : 3.518602,
      "sys_cpu" : 26.792918,
      "ctx" : 54405,
      "majf" : 0,
      "minf" : 38,
      "iodepth_level" : {
        "1" : 100.000000,
        "2" : 0.000000,
        "4" : 0.000000,
        "8" : 0.000000,
        "16" : 0.000000,
        "32" : 0.000000,
        ">=64" : 0.000000
      },
      "iodepth_submit" : {
        "0" : 0.000000,
        "4" : 100.000000,
        "8" : 0.000000,
        "16" : 0.000000,
        "32" : 0.000000,
        "64" : 0.000000,
        ">=64" : 0.000000
      },
      "iodepth_complete" : {
        "0" : 0.000000,
        "4" : 100.000000,
        "8" : 0.000000,
        "16" : 0.000000,
        "32" : 0.000000,
        "64" : 0.000000,
        ">=64" : 0.000000
      },
      "latency_ns" : {
        "2" : 0.000000,
        "4" : 0.000000,
        "10" : 0.000000,
        "20" : 0.000000,
        "50" : 0.000000,
        "100" : 0.000000,
        "250" : 0.000000,
        "500" : 0.000000,
        "750" : 0.000000,
        "1000" : 0.000000
      },
      "latency_us" : {
        "2" : 0.000000,
        "4" : 0.000000,
        "10" : 11.274719,
        "20" : 5.616760,
        "50" : 0.621033,
        "100" : 17.753601,
        "250" : 55.249023,
        "500" : 8.699036,
        "750" : 0.090027,
        "1000" : 0.119019
      },
      "latency_ms" : {
        "2" : 0.534058,
        "4" : 0.039673,
        "10" : 0.010000,
        "20" : 0.000000,
        "50" : 0.000000,
        "100" : 0.000000,
        "250" : 0.000000,
        "500" : 0.000000,
        "750" : 0.000000,
        "1000" : 0.000000,
        "2000" : 0.000000,
        ">=2000" : 0.000000
      },
      "latency_depth" : 1,
      "latency_target" : 0,
      "latency_percentile" : 100.000000,
      "latency_window" : 0
    }
  ]
}
