{
  "fio version" : "fio-3.38",
  "timestamp" : 1729842528,
  "timestamp_ms" : 1729842528752,
  "time" : "Fri Oct 25 09:48:48 2024",
  "jobs" : [
    {
      "jobname" : "Exo1_seq_62.5_rep_2",
      "groupid" : 0,
      "job_start" : 1729842522988,
      "error" : 0,
      "eta" : 0,
      "elapsed" : 6,
      "job options" : {
        "name" : "Exo1_seq_62.5_rep_2",
        "runtime" : "60",
        "numjobs" : "1",
        "rwmixwrite" : "62.5",
        "bs" : "16k",
        "filesize" : "1G",
        "direct" : "1",
        "rw" : "rw"
      },
      "read" : {
        "io_bytes" : 407207936,
        "io_kbytes" : 397664,
        "bw_bytes" : 71090770,
        "bw" : 69424,
        "iops" : 4339.036313,
        "runtime" : 5728,
        "total_ios" : 24854,
        "short_ios" : 0,
        "drop_ios" : 0,
        "slat_ns" : {
          "min" : 0,
          "max" : 0,
          "mean" : 0.000000,
          "stddev" : 0.000000,
          "N" : 0
        },
        "clat_ns" : {
          "min" : 7000,
          "max" : 5145000,
          "mean" : 105005.632896,
          "stddev" : 164858.654670,
          "N" : 24854,
          "percentile" : {
            "1.000000" : 37120,
            "5.000000" : 38144,
            "10.000000" : 39168,
            "20.000000" : 40192,
            "30.000000" : 40192,
            "40.000000" : 42752,
            "50.000000" : 61184,
            "60.000000" : 78336,
            "70.000000" : 114176,
            "80.000000" : 148480,
            "90.000000" : 197632,
            "95.000000" : 232448,
            "99.000000" : 888832,
            "99.500000" : 1269760,
            "99.900000" : 2146304,
            "99.950000" : 2605056,
            "99.990000" : 3522560
          }
        },
        "lat_ns" : {
          "min" : 7000,
          "max" : 5145000,
          "mean" : 105250.623642,
          "stddev" : 164864.020235,
          "N" : 24854
        },
        "bw_min" : 54725,
        "bw_max" : 91752,
        "bw_agg" : 100.000000,
        "bw_mean" : 69607.727273,
        "bw_dev" : 9693.740538,
        "bw_samples" : 11,
        "iops_min" : 3420,
        "iops_max" : 5734,
        "iops_mean" : 4350.363636,
        "iops_stddev" : 605.816354,
        "iops_samples" : 11
      },
      "write" : {
        "io_bytes" : 666533888,
        "io_kbytes" : 650912,
        "bw_bytes" : 116364156,
        "bw" : 113636,
        "iops" : 7102.304469,
        "runtime" : 5728,
        "total_ios" : 40682,
        "short_ios" : 0,
        "drop_ios" : 0,
        "slat_ns" : {
          "min" : 0,
          "max" : 0,
          "mean" : 0.000000,
          "stddev" : 0.000000,
          "N" : 0
        },
        "clat_ns" : {
          "min" : 49000,
          "max" : 2005000,
          "mean" : 72090.654343,
          "stddev" : 32704.716443,
          "N" : 40682,
          "percentile" : {
            "1.000000" : 50944,
            "5.000000" : 50944,
            "10.000000" : 51968,
            "20.000000" : 51968,
            "30.000000" : 52992,
            "40.000000" : 54016,
            "50.000000" : 56064,
            "60.000000" : 64256,
            "70.000000" : 84480,
            "80.000000" : 94720,
            "90.000000" : 119296,
            "95.000000" : 127488,
            "99.000000" : 142336,
            "99.500000" : 146432,
            "99.900000" : 284672,
            "99.950000" : 354304,
            "99.990000" : 1155072
          }
        },
        "lat_ns" : {
          "min" : 49000,
          "max" : 2005000,
          "mean" : 72576.397424,
          "stddev" : 32754.660769,
          "N" : 40682
        },
        "bw_min" : 89434,
        "bw_max" : 152654,
        "bw_agg" : 100.000000,
        "bw_mean" : 113728.181818,
        "bw_dev" : 16640.784680,
        "bw_samples" : 11,
        "iops_min" : 5589,
        "iops_max" : 9540,
        "iops_mean" : 7107.818182,
        "iops_stddev" : 1039.966809,
        "iops_samples" : 11
      },
      "trim" : {
        "io_bytes" : 0,
        "io_kbytes" : 0,
        "bw_bytes" : 0,
        "bw" : 0,
        "iops" : 0.000000,
        "runtime" : 0,
        "total_ios" : 0,
        "short_ios" : 0,
        "drop_ios" : 0,
        "slat_ns" : {
          "min" : 0,
          "max" : 0,
          "mean" : 0.000000,
          "stddev" : 0.000000,
          "N" : 0
        },
        "clat_ns" : {
          "min" : 0,
          "max" : 0,
          "mean" : 0.000000,
          "stddev" : 0.000000,
          "N" : 0
        },
        "lat_ns" : {
          "min" : 0,
          "max" : 0,
          "mean" : 0.000000,
          "stddev" : 0.000000,
          "N" : 0
        },
        "bw_min" : 0,
        "bw_max" : 0,
        "bw_agg" : 0.000000,
        "bw_mean" : 0.000000,
        "bw_dev" : 0.000000,
        "bw_samples" : 0,
        "iops_min" : 0,
        "iops_max" : 0,
        "iops_mean" : 0.000000,
        "iops_stddev" : 0.000000,
        "iops_samples" : 0
      },
      "sync" : {
        "total_ios" : 0,
        "lat_ns" : {
          "min" : 0,
          "max" : 0,
          "mean" : 0.000000,
          "stddev" : 0.000000,
          "N" : 0
        }
      },
      "job_runtime" : 5727,
      "usr_cpu" : 4.190676,
      "sys_cpu" : 39.078051,
      "ctx" : 65725,
      "majf" : 0,
      "minf" : 38,
      "iodepth_level" : {
        "1" : 100.000000,
        "2" : 0.000000,
        "4" : 0.000000,
        "8" : 0.000000,
        "16" : 0.000000,
        "32" : 0.000000,
        ">=64" : 0.000000
      },
      "iodepth_submit" : {
        "0" : 0.000000,
        "4" : 100.000000,
        "8" : 0.000000,
        "16" : 0.000000,
        "32" : 0.000000,
        "64" : 0.000000,
        ">=64" : 0.000000
      },
      "iodepth_complete" : {
        "0" : 0.000000,
        "4" : 100.000000,
        "8" : 0.000000,
        "16" : 0.000000,
        "32" : 0.000000,
        "64" : 0.000000,
        ">=64" : 0.000000
      },
      "latency_ns" : {
        "2" : 0.000000,
        "4" : 0.000000,
        "10" : 0.000000,
        "20" : 0.000000,
        "50" : 0.000000,
        "100" : 0.000000,
        "250" : 0.000000,
        "500" : 0.000000,
        "750" : 0.000000,
        "1000" : 0.000000
      },
      "latency_us" : {
        "2" : 0.000000,
        "4" : 0.000000,
        "10" : 0.010000,
        "20" : 0.010000,
        "50" : 17.745972,
        "100" : 59.570312,
        "250" : 21.315002,
        "500" : 0.842285,
        "750" : 0.085449,
        "1000" : 0.091553
      },
      "latency_ms" : {
        "2" : 0.297546,
        "4" : 0.044250,
        "10" : 0.010000,
        "20" : 0.000000,
        "50" : 0.000000,
        "100" : 0.000000,
        "250" : 0.000000,
        "500" : 0.000000,
        "750" : 0.000000,
        "1000" : 0.000000,
        "2000" : 0.000000,
        ">=2000" : 0.000000
      },
      "latency_depth" : 1,
      "latency_target" : 0,
      "latency_percentile" : 100.000000,
      "latency_window" : 0
    }
  ]
}
