{
  "fio version" : "fio-3.38",
  "timestamp" : 1729842560,
  "timestamp_ms" : 1729842560139,
  "time" : "Fri Oct 25 09:49:20 2024",
  "jobs" : [
    {
      "jobname" : "Exo1_seq_75_rep_1",
      "groupid" : 0,
      "job_start" : 1729842554144,
      "error" : 0,
      "eta" : 0,
      "elapsed" : 7,
      "job options" : {
        "name" : "Exo1_seq_75_rep_1",
        "runtime" : "60",
        "numjobs" : "1",
        "rwmixwrite" : "75",
        "bs" : "16k",
        "filesize" : "1G",
        "direct" : "1",
        "rw" : "rw"
      },
      "read" : {
        "io_bytes" : 268910592,
        "io_kbytes" : 262608,
        "bw_bytes" : 45043650,
        "bw" : 43987,
        "iops" : 2749.246231,
        "runtime" : 5970,
        "total_ios" : 16413,
        "short_ios" : 0,
        "drop_ios" : 0,
        "slat_ns" : {
          "min" : 0,
          "max" : 0,
          "mean" : 0.000000,
          "stddev" : 0.000000,
          "N" : 0
        },
        "clat_ns" : {
          "min" : 36000,
          "max" : 5117000,
          "mean" : 115117.711570,
          "stddev" : 190359.030143,
          "N" : 16413,
          "percentile" : {
            "1.000000" : 37120,
            "5.000000" : 38144,
            "10.000000" : 39168,
            "20.000000" : 39168,
            "30.000000" : 40192,
            "40.000000" : 42240,
            "50.000000" : 52992,
            "60.000000" : 107008,
            "70.000000" : 116224,
            "80.000000" : 164864,
            "90.000000" : 216064,
            "95.000000" : 257024,
            "99.000000" : 1019904,
            "99.500000" : 1417216,
            "99.900000" : 2277376,
            "99.950000" : 2834432,
            "99.990000" : 5013504
          }
        },
        "lat_ns" : {
          "min" : 37000,
          "max" : 5117000,
          "mean" : 115350.941327,
          "stddev" : 190370.784573,
          "N" : 16413
        },
        "bw_min" : 34784,
        "bw_max" : 53800,
        "bw_agg" : 99.522734,
        "bw_mean" : 43778.636364,
        "bw_dev" : 5242.787642,
        "bw_samples" : 11,
        "iops_min" : 2174,
        "iops_max" : 3362,
        "iops_mean" : 2736.000000,
        "iops_stddev" : 327.605556,
        "iops_samples" : 11
      },
      "write" : {
        "io_bytes" : 804831232,
        "io_kbytes" : 785968,
        "bw_bytes" : 134812601,
        "bw" : 131652,
        "iops" : 8228.308208,
        "runtime" : 5970,
        "total_ios" : 49123,
        "short_ios" : 0,
        "drop_ios" : 0,
        "slat_ns" : {
          "min" : 0,
          "max" : 0,
          "mean" : 0.000000,
          "stddev" : 0.000000,
          "N" : 0
        },
        "clat_ns" : {
          "min" : 48000,
          "max" : 1350000,
          "mean" : 79400.219856,
          "stddev" : 34789.059880,
          "N" : 49123,
          "percentile" : {
            "1.000000" : 49920,
            "5.000000" : 50944,
            "10.000000" : 50944,
            "20.000000" : 50944,
            "30.000000" : 51968,
            "40.000000" : 52992,
            "50.000000" : 55040,
            "60.000000" : 83456,
            "70.000000" : 96768,
            "80.000000" : 124416,
            "90.000000" : 128512,
            "95.000000" : 132096,
            "99.000000" : 146432,
            "99.500000" : 156672,
            "99.900000" : 284672,
            "99.950000" : 342016,
            "99.990000" : 569344
          }
        },
        "lat_ns" : {
          "min" : 48000,
          "max" : 1350000,
          "mean" : 79895.201840,
          "stddev" : 34848.204364,
          "N" : 49123
        },
        "bw_min" : 109536,
        "bw_max" : 154326,
        "bw_agg" : 99.476707,
        "bw_mean" : 130964.909091,
        "bw_dev" : 13810.489336,
        "bw_samples" : 11,
        "iops_min" : 6846,
        "iops_max" : 9645,
        "iops_mean" : 8185.181818,
        "iops_stddev" : 863.154195,
        "iops_samples" : 11
      },
      "trim" : {
        "io_bytes" : 0,
        "io_kbytes" : 0,
        "bw_bytes" : 0,
        "bw" : 0,
        "iops" : 0.000000,
        "runtime" : 0,
        "total_ios" : 0,
        "short_ios" : 0,
        "drop_ios" : 0,
        "slat_ns" : {
          "min" : 0,
          "max" : 0,
          "mean" : 0.000000,
          "stddev" : 0.000000,
          "N" : 0
        },
        "clat_ns" : {
          "min" : 0,
          "max" : 0,
          "mean" : 0.000000,
          "stddev" : 0.000000,
          "N" : 0
        },
        "lat_ns" : {
          "min" : 0,
          "max" : 0,
          "mean" : 0.000000,
          "stddev" : 0.000000,
          "N" : 0
        },
        "bw_min" : 0,
        "bw_max" : 0,
        "bw_agg" : 0.000000,
        "bw_mean" : 0.000000,
        "bw_dev" : 0.000000,
        "bw_samples" : 0,
        "iops_min" : 0,
        "iops_max" : 0,
        "iops_mean" : 0.000000,
        "iops_stddev" : 0.000000,
        "iops_samples" : 0
      },
      "sync" : {
        "total_ios" : 0,
        "lat_ns" : {
          "min" : 0,
          "max" : 0,
          "mean" : 0.000000,
          "stddev" : 0.000000,
          "N" : 0
        }
      },
      "job_runtime" : 5969,
      "usr_cpu" : 3.987268,
      "sys_cpu" : 38.297872,
      "ctx" : 65720,
      "majf" : 0,
      "minf" : 32,
      "iodepth_level" : {
        "1" : 100.000000,
        "2" : 0.000000,
        "4" : 0.000000,
        "8" : 0.000000,
        "16" : 0.000000,
        "32" : 0.000000,
        ">=64" : 0.000000
      },
      "iodepth_submit" : {
        "0" : 0.000000,
        "4" : 100.000000,
        "8" : 0.000000,
        "16" : 0.000000,
        "32" : 0.000000,
        "64" : 0.000000,
        ">=64" : 0.000000
      },
      "iodepth_complete" : {
        "0" : 0.000000,
        "4" : 100.000000,
        "8" : 0.000000,
        "16" : 0.000000,
        "32" : 0.000000,
        "64" : 0.000000,
        ">=64" : 0.000000
      },
      "latency_ns" : {
        "2" : 0.000000,
        "4" : 0.000000,
        "10" : 0.000000,
        "20" : 0.000000,
        "50" : 0.000000,
        "100" : 0.000000,
        "250" : 0.000000,
        "500" : 0.000000,
        "750" : 0.000000,
        "1000" : 0.000000
      },
      "latency_us" : {
        "2" : 0.000000,
        "4" : 0.000000,
        "10" : 0.000000,
        "20" : 0.000000,
        "50" : 12.310791,
        "100" : 56.471252,
        "250" : 29.675293,
        "500" : 1.098633,
        "750" : 0.094604,
        "1000" : 0.094604
      },
      "latency_ms" : {
        "2" : 0.209045,
        "4" : 0.041199,
        "10" : 0.010000,
        "20" : 0.000000,
        "50" : 0.000000,
        "100" : 0.000000,
        "250" : 0.000000,
        "500" : 0.000000,
        "750" : 0.000000,
        "1000" : 0.000000,
        "2000" : 0.000000,
        ">=2000" : 0.000000
      },
      "latency_depth" : 1,
      "latency_target" : 0,
      "latency_percentile" : 100.000000,
      "latency_window" : 0
    }
  ]
}
