{
  "fio version" : "fio-3.38",
  "timestamp" : 1729842880,
  "timestamp_ms" : 1729842880669,
  "time" : "Fri Oct 25 09:54:40 2024",
  "jobs" : [
    {
      "jobname" : "Exo1_rand_50_rep_3",
      "groupid" : 0,
      "job_start" : 1729842870930,
      "error" : 0,
      "eta" : 0,
      "elapsed" : 10,
      "job options" : {
        "name" : "Exo1_rand_50_rep_3",
        "runtime" : "60",
        "numjobs" : "1",
        "rwmixwrite" : "50",
        "bs" : "16k",
        "filesize" : "1G",
        "direct" : "1",
        "rw" : "randrw"
      },
      "read" : {
        "io_bytes" : 536363008,
        "io_kbytes" : 523792,
        "bw_bytes" : 56257919,
        "bw" : 54939,
        "iops" : 3433.710929,
        "runtime" : 9534,
        "total_ios" : 32737,
        "short_ios" : 0,
        "drop_ios" : 0,
        "slat_ns" : {
          "min" : 0,
          "max" : 0,
          "mean" : 0.000000,
          "stddev" : 0.000000,
          "N" : 0
        },
        "clat_ns" : {
          "min" : 4000,
          "max" : 4678000,
          "mean" : 166259.247946,
          "stddev" : 184586.166354,
          "N" : 32737,
          "percentile" : {
            "1.000000" : 5024,
            "5.000000" : 7008,
            "10.000000" : 8032,
            "20.000000" : 9024,
            "30.000000" : 11968,
            "40.000000" : 150528,
            "50.000000" : 195584,
            "60.000000" : 220160,
            "70.000000" : 240640,
            "80.000000" : 257024,
            "90.000000" : 272384,
            "95.000000" : 288768,
            "99.000000" : 1073152,
            "99.500000" : 1318912,
            "99.900000" : 2007040,
            "99.950000" : 2179072,
            "99.990000" : 3751936
          }
        },
        "lat_ns" : {
          "min" : 4000,
          "max" : 4678000,
          "mean" : 166589.730275,
          "stddev" : 184597.919497,
          "N" : 32737
        },
        "bw_min" : 46112,
        "bw_max" : 60832,
        "bw_agg" : 100.000000,
        "bw_mean" : 54967.473684,
        "bw_dev" : 3329.269078,
        "bw_samples" : 19,
        "iops_min" : 2882,
        "iops_max" : 3802,
        "iops_mean" : 3435.210526,
        "iops_stddev" : 208.059174,
        "iops_samples" : 19
      },
      "write" : {
        "io_bytes" : 537378816,
        "io_kbytes" : 524784,
        "bw_bytes" : 56364465,
        "bw" : 55043,
        "iops" : 3440.213971,
        "runtime" : 9534,
        "total_ios" : 32799,
        "short_ios" : 0,
        "drop_ios" : 0,
        "slat_ns" : {
          "min" : 0,
          "max" : 0,
          "mean" : 0.000000,
          "stddev" : 0.000000,
          "N" : 0
        },
        "clat_ns" : {
          "min" : 51000,
          "max" : 35139000,
          "mean" : 117275.130339,
          "stddev" : 197483.552783,
          "N" : 32799,
          "percentile" : {
            "1.000000" : 52992,
            "5.000000" : 59136,
            "10.000000" : 70144,
            "20.000000" : 96768,
            "30.000000" : 107008,
            "40.000000" : 119296,
            "50.000000" : 120320,
            "60.000000" : 121344,
            "70.000000" : 123392,
            "80.000000" : 140288,
            "90.000000" : 144384,
            "95.000000" : 148480,
            "99.000000" : 201728,
            "99.500000" : 244736,
            "99.900000" : 342016,
            "99.950000" : 428032,
            "99.990000" : 2088960
          }
        },
        "lat_ns" : {
          "min" : 51000,
          "max" : 35139000,
          "mean" : 117918.046282,
          "stddev" : 197497.796103,
          "N" : 32799
        },
        "bw_min" : 47872,
        "bw_max" : 60500,
        "bw_agg" : 100.000000,
        "bw_mean" : 55081.578947,
        "bw_dev" : 3117.936503,
        "bw_samples" : 19,
        "iops_min" : 2992,
        "iops_max" : 3781,
        "iops_mean" : 3442.368421,
        "iops_stddev" : 194.925687,
        "iops_samples" : 19
      },
      "trim" : {
        "io_bytes" : 0,
        "io_kbytes" : 0,
        "bw_bytes" : 0,
        "bw" : 0,
        "iops" : 0.000000,
        "runtime" : 0,
        "total_ios" : 0,
        "short_ios" : 0,
        "drop_ios" : 0,
        "slat_ns" : {
          "min" : 0,
          "max" : 0,
          "mean" : 0.000000,
          "stddev" : 0.000000,
          "N" : 0
        },
        "clat_ns" : {
          "min" : 0,
          "max" : 0,
          "mean" : 0.000000,
          "stddev" : 0.000000,
          "N" : 0
        },
        "lat_ns" : {
          "min" : 0,
          "max" : 0,
          "mean" : 0.000000,
          "stddev" : 0.000000,
          "N" : 0
        },
        "bw_min" : 0,
        "bw_max" : 0,
        "bw_agg" : 0.000000,
        "bw_mean" : 0.000000,
        "bw_dev" : 0.000000,
        "bw_samples" : 0,
        "iops_min" : 0,
        "iops_max" : 0,
        "iops_mean" : 0.000000,
        "iops_stddev" : 0.000000,
        "iops_samples" : 0
      },
      "sync" : {
        "total_ios" : 0,
        "lat_ns" : {
          "min" : 0,
          "max" : 0,
          "mean" : 0.000000,
          "stddev" : 0.000000,
          "N" : 0
        }
      },
      "job_runtime" : 9534,
      "usr_cpu" : 3.524229,
      "sys_cpu" : 26.704426,
      "ctx" : 54347,
      "majf" : 0,
      "minf" : 39,
      "iodepth_level" : {
        "1" : 100.000000,
        "2" : 0.000000,
        "4" : 0.000000,
        "8" : 0.000000,
        "16" : 0.000000,
        "32" : 0.000000,
        ">=64" : 0.000000
      },
      "iodepth_submit" : {
        "0" : 0.000000,
        "4" : 100.000000,
        "8" : 0.000000,
        "16" : 0.000000,
        "32" : 0.000000,
        "64" : 0.000000,
        ">=64" : 0.000000
      },
      "iodepth_complete" : {
        "0" : 0.000000,
        "4" : 100.000000,
        "8" : 0.000000,
        "16" : 0.000000,
        "32" : 0.000000,
        "64" : 0.000000,
        ">=64" : 0.000000
      },
      "latency_ns" : {
        "2" : 0.000000,
        "4" : 0.000000,
        "10" : 0.000000,
        "20" : 0.000000,
        "50" : 0.000000,
        "100" : 0.000000,
        "250" : 0.000000,
        "500" : 0.000000,
        "750" : 0.000000,
        "1000" : 0.000000
      },
      "latency_us" : {
        "2" : 0.000000,
        "4" : 0.000000,
        "10" : 10.102844,
        "20" : 6.947327,
        "50" : 0.534058,
        "100" : 11.407471,
        "250" : 58.218384,
        "500" : 12.049866,
        "750" : 0.090027,
        "1000" : 0.086975
      },
      "latency_ms" : {
        "2" : 0.506592,
        "4" : 0.051880,
        "10" : 0.010000,
        "20" : 0.000000,
        "50" : 0.010000,
        "100" : 0.000000,
        "250" : 0.000000,
        "500" : 0.000000,
        "750" : 0.000000,
        "1000" : 0.000000,
        "2000" : 0.000000,
        ">=2000" : 0.000000
      },
      "latency_depth" : 1,
      "latency_target" : 0,
      "latency_percentile" : 100.000000,
      "latency_window" : 0
    }
  ]
}
