{
  "fio version" : "fio-3.38",
  "timestamp" : 1729843028,
  "timestamp_ms" : 1729843028897,
  "time" : "Fri Oct 25 09:57:08 2024",
  "jobs" : [
    {
      "jobname" : "Exo1_rand_87.5_rep_5",
      "groupid" : 0,
      "job_start" : 1729843024448,
      "error" : 0,
      "eta" : 0,
      "elapsed" : 5,
      "job options" : {
        "name" : "Exo1_rand_87.5_rep_5",
        "runtime" : "60",
        "numjobs" : "1",
        "rwmixwrite" : "87.5",
        "bs" : "16k",
        "filesize" : "1G",
        "direct" : "1",
        "rw" : "randrw"
      },
      "read" : {
        "io_bytes" : 140673024,
        "io_kbytes" : 137376,
        "bw_bytes" : 33549492,
        "bw" : 32763,
        "iops" : 2047.698545,
        "runtime" : 4193,
        "total_ios" : 8586,
        "short_ios" : 0,
        "drop_ios" : 0,
        "slat_ns" : {
          "min" : 0,
          "max" : 0,
          "mean" : 0.000000,
          "stddev" : 0.000000,
          "N" : 0
        },
        "clat_ns" : {
          "min" : 3000,
          "max" : 2529000,
          "mean" : 29036.338225,
          "stddev" : 136819.410738,
          "N" : 8586,
          "percentile" : {
            "1.000000" : 4016,
            "5.000000" : 4016,
            "10.000000" : 5024,
            "20.000000" : 5984,
            "30.000000" : 5984,
            "40.000000" : 5984,
            "50.000000" : 5984,
            "60.000000" : 5984,
            "70.000000" : 5984,
            "80.000000" : 7008,
            "90.000000" : 8032,
            "95.000000" : 211968,
            "99.000000" : 329728,
            "99.500000" : 1089536,
            "99.900000" : 2113536,
            "99.950000" : 2211840,
            "99.990000" : 2539520
          }
        },
        "lat_ns" : {
          "min" : 4000,
          "max" : 2529000,
          "mean" : 29227.230375,
          "stddev" : 136823.445692,
          "N" : 8586
        },
        "bw_min" : 29836,
        "bw_max" : 35392,
        "bw_agg" : 100.000000,
        "bw_mean" : 32774.000000,
        "bw_dev" : 1938.373987,
        "bw_samples" : 8,
        "iops_min" : 1864,
        "iops_max" : 2212,
        "iops_mean" : 2048.250000,
        "iops_stddev" : 121.346905,
        "iops_samples" : 8
      },
      "write" : {
        "io_bytes" : 933068800,
        "io_kbytes" : 911200,
        "bw_bytes" : 222530121,
        "bw" : 217314,
        "iops" : 13582.160744,
        "runtime" : 4193,
        "total_ios" : 56950,
        "short_ios" : 0,
        "drop_ios" : 0,
        "slat_ns" : {
          "min" : 0,
          "max" : 0,
          "mean" : 0.000000,
          "stddev" : 0.000000,
          "N" : 0
        },
        "clat_ns" : {
          "min" : 45000,
          "max" : 27822000,
          "mean" : 66402.774363,
          "stddev" : 124175.971517,
          "N" : 56950,
          "percentile" : {
            "1.000000" : 49920,
            "5.000000" : 50944,
            "10.000000" : 50944,
            "20.000000" : 50944,
            "30.000000" : 51968,
            "40.000000" : 51968,
            "50.000000" : 52992,
            "60.000000" : 52992,
            "70.000000" : 54016,
            "80.000000" : 79360,
            "90.000000" : 96768,
            "95.000000" : 126464,
            "99.000000" : 211968,
            "99.500000" : 230400,
            "99.900000" : 317440,
            "99.950000" : 387072,
            "99.990000" : 2007040
          }
        },
        "lat_ns" : {
          "min" : 45000,
          "max" : 27822000,
          "mean" : 66851.255487,
          "stddev" : 124174.164712,
          "N" : 56950
        },
        "bw_min" : 197280,
        "bw_max" : 234528,
        "bw_agg" : 99.956482,
        "bw_mean" : 217220.375000,
        "bw_dev" : 13475.193314,
        "bw_samples" : 8,
        "iops_min" : 12330,
        "iops_max" : 14658,
        "iops_mean" : 13576.125000,
        "iops_stddev" : 842.370878,
        "iops_samples" : 8
      },
      "trim" : {
        "io_bytes" : 0,
        "io_kbytes" : 0,
        "bw_bytes" : 0,
        "bw" : 0,
        "iops" : 0.000000,
        "runtime" : 0,
        "total_ios" : 0,
        "short_ios" : 0,
        "drop_ios" : 0,
        "slat_ns" : {
          "min" : 0,
          "max" : 0,
          "mean" : 0.000000,
          "stddev" : 0.000000,
          "N" : 0
        },
        "clat_ns" : {
          "min" : 0,
          "max" : 0,
          "mean" : 0.000000,
          "stddev" : 0.000000,
          "N" : 0
        },
        "lat_ns" : {
          "min" : 0,
          "max" : 0,
          "mean" : 0.000000,
          "stddev" : 0.000000,
          "N" : 0
        },
        "bw_min" : 0,
        "bw_max" : 0,
        "bw_agg" : 0.000000,
        "bw_mean" : 0.000000,
        "bw_dev" : 0.000000,
        "bw_samples" : 0,
        "iops_min" : 0,
        "iops_max" : 0,
        "iops_mean" : 0.000000,
        "iops_stddev" : 0.000000,
        "iops_samples" : 0
      },
      "sync" : {
        "total_ios" : 0,
        "lat_ns" : {
          "min" : 0,
          "max" : 0,
          "mean" : 0.000000,
          "stddev" : 0.000000,
          "N" : 0
        }
      },
      "job_runtime" : 4193,
      "usr_cpu" : 5.151443,
      "sys_cpu" : 42.809444,
      "ctx" : 57697,
      "majf" : 0,
      "minf" : 36,
      "iodepth_level" : {
        "1" : 100.000000,
        "2" : 0.000000,
        "4" : 0.000000,
        "8" : 0.000000,
        "16" : 0.000000,
        "32" : 0.000000,
        ">=64" : 0.000000
      },
      "iodepth_submit" : {
        "0" : 0.000000,
        "4" : 100.000000,
        "8" : 0.000000,
        "16" : 0.000000,
        "32" : 0.000000,
        "64" : 0.000000,
        ">=64" : 0.000000
      },
      "iodepth_complete" : {
        "0" : 0.000000,
        "4" : 100.000000,
        "8" : 0.000000,
        "16" : 0.000000,
        "32" : 0.000000,
        "64" : 0.000000,
        ">=64" : 0.000000
      },
      "latency_ns" : {
        "2" : 0.000000,
        "4" : 0.000000,
        "10" : 0.000000,
        "20" : 0.000000,
        "50" : 0.000000,
        "100" : 0.000000,
        "250" : 0.000000,
        "500" : 0.000000,
        "750" : 0.000000,
        "1000" : 0.000000
      },
      "latency_us" : {
        "2" : 0.000000,
        "4" : 0.010000,
        "10" : 12.176514,
        "20" : 0.129700,
        "50" : 0.093079,
        "100" : 79.618835,
        "250" : 7.312012,
        "500" : 0.526428,
        "750" : 0.028992,
        "1000" : 0.025940
      },
      "latency_ms" : {
        "2" : 0.064087,
        "4" : 0.021362,
        "10" : 0.000000,
        "20" : 0.000000,
        "50" : 0.010000,
        "100" : 0.000000,
        "250" : 0.000000,
        "500" : 0.000000,
        "750" : 0.000000,
        "1000" : 0.000000,
        "2000" : 0.000000,
        ">=2000" : 0.000000
      },
      "latency_depth" : 1,
      "latency_target" : 0,
      "latency_percentile" : 100.000000,
      "latency_window" : 0
    }
  ]
}
