{
  "fio version" : "fio-3.38",
  "timestamp" : 1729842891,
  "timestamp_ms" : 1729842891762,
  "time" : "Fri Oct 25 09:54:51 2024",
  "jobs" : [
    {
      "jobname" : "Exo1_rand_50_rep_4",
      "groupid" : 0,
      "job_start" : 1729842882043,
      "error" : 0,
      "eta" : 0,
      "elapsed" : 10,
      "job options" : {
        "name" : "Exo1_rand_50_rep_4",
        "runtime" : "60",
        "numjobs" : "1",
        "rwmixwrite" : "50",
        "bs" : "16k",
        "filesize" : "1G",
        "direct" : "1",
        "rw" : "randrw"
      },
      "read" : {
        "io_bytes" : 536363008,
        "io_kbytes" : 523792,
        "bw_bytes" : 56181314,
        "bw" : 54864,
        "iops" : 3429.035299,
        "runtime" : 9547,
        "total_ios" : 32737,
        "short_ios" : 0,
        "drop_ios" : 0,
        "slat_ns" : {
          "min" : 0,
          "max" : 0,
          "mean" : 0.000000,
          "stddev" : 0.000000,
          "N" : 0
        },
        "clat_ns" : {
          "min" : 4000,
          "max" : 5130000,
          "mean" : 165303.265418,
          "stddev" : 183447.035898,
          "N" : 32737,
          "percentile" : {
            "1.000000" : 5984,
            "5.000000" : 7008,
            "10.000000" : 8032,
            "20.000000" : 10048,
            "30.000000" : 10944,
            "40.000000" : 150528,
            "50.000000" : 199680,
            "60.000000" : 222208,
            "70.000000" : 240640,
            "80.000000" : 257024,
            "90.000000" : 272384,
            "95.000000" : 288768,
            "99.000000" : 1028096,
            "99.500000" : 1302528,
            "99.900000" : 2007040,
            "99.950000" : 2179072,
            "99.990000" : 3850240
          }
        },
        "lat_ns" : {
          "min" : 4000,
          "max" : 5130000,
          "mean" : 165627.271894,
          "stddev" : 183456.838174,
          "N" : 32737
        },
        "bw_min" : 48576,
        "bw_max" : 60800,
        "bw_agg" : 100.000000,
        "bw_mean" : 54894.000000,
        "bw_dev" : 3391.550825,
        "bw_samples" : 19,
        "iops_min" : 3036,
        "iops_max" : 3800,
        "iops_mean" : 3430.684211,
        "iops_stddev" : 212.115810,
        "iops_samples" : 19
      },
      "write" : {
        "io_bytes" : 537378816,
        "io_kbytes" : 524784,
        "bw_bytes" : 56287715,
        "bw" : 54968,
        "iops" : 3435.529486,
        "runtime" : 9547,
        "total_ios" : 32799,
        "short_ios" : 0,
        "drop_ios" : 0,
        "slat_ns" : {
          "min" : 0,
          "max" : 0,
          "mean" : 0.000000,
          "stddev" : 0.000000,
          "N" : 0
        },
        "clat_ns" : {
          "min" : 50000,
          "max" : 1852000,
          "mean" : 118348.455746,
          "stddev" : 29198.686294,
          "N" : 32799,
          "percentile" : {
            "1.000000" : 54016,
            "5.000000" : 66048,
            "10.000000" : 79360,
            "20.000000" : 103936,
            "30.000000" : 118272,
            "40.000000" : 119296,
            "50.000000" : 120320,
            "60.000000" : 121344,
            "70.000000" : 123392,
            "80.000000" : 140288,
            "90.000000" : 144384,
            "95.000000" : 146432,
            "99.000000" : 189440,
            "99.500000" : 216064,
            "99.900000" : 346112,
            "99.950000" : 366592,
            "99.990000" : 569344
          }
        },
        "lat_ns" : {
          "min" : 51000,
          "max" : 1853000,
          "mean" : 118968.078295,
          "stddev" : 29272.645681,
          "N" : 32799
        },
        "bw_min" : 49373,
        "bw_max" : 60928,
        "bw_agg" : 100.000000,
        "bw_mean" : 55001.052632,
        "bw_dev" : 3449.267675,
        "bw_samples" : 19,
        "iops_min" : 3085,
        "iops_max" : 3808,
        "iops_mean" : 3437.368421,
        "iops_stddev" : 215.755832,
        "iops_samples" : 19
      },
      "trim" : {
        "io_bytes" : 0,
        "io_kbytes" : 0,
        "bw_bytes" : 0,
        "bw" : 0,
        "iops" : 0.000000,
        "runtime" : 0,
        "total_ios" : 0,
        "short_ios" : 0,
        "drop_ios" : 0,
        "slat_ns" : {
          "min" : 0,
          "max" : 0,
          "mean" : 0.000000,
          "stddev" : 0.000000,
          "N" : 0
        },
        "clat_ns" : {
          "min" : 0,
          "max" : 0,
          "mean" : 0.000000,
          "stddev" : 0.000000,
          "N" : 0
        },
        "lat_ns" : {
          "min" : 0,
          "max" : 0,
          "mean" : 0.000000,
          "stddev" : 0.000000,
          "N" : 0
        },
        "bw_min" : 0,
        "bw_max" : 0,
        "bw_agg" : 0.000000,
        "bw_mean" : 0.000000,
        "bw_dev" : 0.000000,
        "bw_samples" : 0,
        "iops_min" : 0,
        "iops_max" : 0,
        "iops_mean" : 0.000000,
        "iops_stddev" : 0.000000,
        "iops_samples" : 0
      },
      "sync" : {
        "total_ios" : 0,
        "lat_ns" : {
          "min" : 0,
          "max" : 0,
          "mean" : 0.000000,
          "stddev" : 0.000000,
          "N" : 0
        }
      },
      "job_runtime" : 9546,
      "usr_cpu" : 3.582652,
      "sys_cpu" : 26.807040,
      "ctx" : 53898,
      "majf" : 0,
      "minf" : 39,
      "iodepth_level" : {
        "1" : 100.000000,
        "2" : 0.000000,
        "4" : 0.000000,
        "8" : 0.000000,
        "16" : 0.000000,
        "32" : 0.000000,
        ">=64" : 0.000000
      },
      "iodepth_submit" : {
        "0" : 0.000000,
        "4" : 100.000000,
        "8" : 0.000000,
        "16" : 0.000000,
        "32" : 0.000000,
        "64" : 0.000000,
        ">=64" : 0.000000
      },
      "iodepth_complete" : {
        "0" : 0.000000,
        "4" : 100.000000,
        "8" : 0.000000,
        "16" : 0.000000,
        "32" : 0.000000,
        "64" : 0.000000,
        ">=64" : 0.000000
      },
      "latency_ns" : {
        "2" : 0.000000,
        "4" : 0.000000,
        "10" : 0.000000,
        "20" : 0.000000,
        "50" : 0.000000,
        "100" : 0.000000,
        "250" : 0.000000,
        "500" : 0.000000,
        "750" : 0.000000,
        "1000" : 0.000000
      },
      "latency_us" : {
        "2" : 0.000000,
        "4" : 0.000000,
        "10" : 9.771729,
        "20" : 7.977295,
        "50" : 0.363159,
        "100" : 8.493042,
        "250" : 60.725403,
        "500" : 11.936951,
        "750" : 0.105286,
        "1000" : 0.114441
      },
      "latency_ms" : {
        "2" : 0.462341,
        "4" : 0.047302,
        "10" : 0.010000,
        "20" : 0.000000,
        "50" : 0.000000,
        "100" : 0.000000,
        "250" : 0.000000,
        "500" : 0.000000,
        "750" : 0.000000,
        "1000" : 0.000000,
        "2000" : 0.000000,
        ">=2000" : 0.000000
      },
      "latency_depth" : 1,
      "latency_target" : 0,
      "latency_percentile" : 100.000000,
      "latency_window" : 0
    }
  ]
}
