{
  "fio version" : "fio-3.38",
  "timestamp" : 1729842603,
  "timestamp_ms" : 1729842603937,
  "time" : "Fri Oct 25 09:50:03 2024",
  "jobs" : [
    {
      "jobname" : "Exo1_seq_87.5_rep_2",
      "groupid" : 0,
      "job_start" : 1729842598440,
      "error" : 0,
      "eta" : 0,
      "elapsed" : 6,
      "job options" : {
        "name" : "Exo1_seq_87.5_rep_2",
        "runtime" : "60",
        "numjobs" : "1",
        "rwmixwrite" : "87.5",
        "bs" : "16k",
        "filesize" : "1G",
        "direct" : "1",
        "rw" : "rw"
      },
      "read" : {
        "io_bytes" : 140673024,
        "io_kbytes" : 137376,
        "bw_bytes" : 25830522,
        "bw" : 25225,
        "iops" : 1576.569960,
        "runtime" : 5446,
        "total_ios" : 8586,
        "short_ios" : 0,
        "drop_ios" : 0,
        "slat_ns" : {
          "min" : 0,
          "max" : 0,
          "mean" : 0.000000,
          "stddev" : 0.000000,
          "N" : 0
        },
        "clat_ns" : {
          "min" : 37000,
          "max" : 4609000,
          "mean" : 125265.897973,
          "stddev" : 239621.283888,
          "N" : 8586,
          "percentile" : {
            "1.000000" : 38144,
            "5.000000" : 39168,
            "10.000000" : 39168,
            "20.000000" : 40192,
            "30.000000" : 40192,
            "40.000000" : 41216,
            "50.000000" : 44800,
            "60.000000" : 75264,
            "70.000000" : 115200,
            "80.000000" : 171008,
            "90.000000" : 222208,
            "95.000000" : 276480,
            "99.000000" : 1335296,
            "99.500000" : 1761280,
            "99.900000" : 2834432,
            "99.950000" : 3260416,
            "99.990000" : 4620288
          }
        },
        "lat_ns" : {
          "min" : 37000,
          "max" : 4609000,
          "mean" : 125463.428838,
          "stddev" : 239624.845359,
          "N" : 8586
        },
        "bw_min" : 23168,
        "bw_max" : 28000,
        "bw_agg" : 99.559490,
        "bw_mean" : 25114.800000,
        "bw_dev" : 1606.897065,
        "bw_samples" : 10,
        "iops_min" : 1448,
        "iops_max" : 1750,
        "iops_mean" : 1569.400000,
        "iops_stddev" : 100.357361,
        "iops_samples" : 10
      },
      "write" : {
        "io_bytes" : 933068800,
        "io_kbytes" : 911200,
        "bw_bytes" : 171331031,
        "bw" : 167315,
        "iops" : 10457.216306,
        "runtime" : 5446,
        "total_ios" : 56950,
        "short_ios" : 0,
        "drop_ios" : 0,
        "slat_ns" : {
          "min" : 0,
          "max" : 0,
          "mean" : 0.000000,
          "stddev" : 0.000000,
          "N" : 0
        },
        "clat_ns" : {
          "min" : 47000,
          "max" : 1073000,
          "mean" : 73610.623354,
          "stddev" : 32674.084360,
          "N" : 56950,
          "percentile" : {
            "1.000000" : 49920,
            "5.000000" : 50944,
            "10.000000" : 50944,
            "20.000000" : 51968,
            "30.000000" : 51968,
            "40.000000" : 51968,
            "50.000000" : 52992,
            "60.000000" : 55040,
            "70.000000" : 85504,
            "80.000000" : 103936,
            "90.000000" : 127488,
            "95.000000" : 130560,
            "99.000000" : 146432,
            "99.500000" : 158720,
            "99.900000" : 246784,
            "99.950000" : 301056,
            "99.990000" : 505856
          }
        },
        "lat_ns" : {
          "min" : 47000,
          "max" : 1073000,
          "mean" : 74074.820018,
          "stddev" : 32735.792802,
          "N" : 56950
        },
        "bw_min" : 156589,
        "bw_max" : 179072,
        "bw_agg" : 99.687142,
        "bw_mean" : 166792.100000,
        "bw_dev" : 6743.996712,
        "bw_samples" : 10,
        "iops_min" : 9786,
        "iops_max" : 11192,
        "iops_mean" : 10424.100000,
        "iops_stddev" : 421.702489,
        "iops_samples" : 10
      },
      "trim" : {
        "io_bytes" : 0,
        "io_kbytes" : 0,
        "bw_bytes" : 0,
        "bw" : 0,
        "iops" : 0.000000,
        "runtime" : 0,
        "total_ios" : 0,
        "short_ios" : 0,
        "drop_ios" : 0,
        "slat_ns" : {
          "min" : 0,
          "max" : 0,
          "mean" : 0.000000,
          "stddev" : 0.000000,
          "N" : 0
        },
        "clat_ns" : {
          "min" : 0,
          "max" : 0,
          "mean" : 0.000000,
          "stddev" : 0.000000,
          "N" : 0
        },
        "lat_ns" : {
          "min" : 0,
          "max" : 0,
          "mean" : 0.000000,
          "stddev" : 0.000000,
          "N" : 0
        },
        "bw_min" : 0,
        "bw_max" : 0,
        "bw_agg" : 0.000000,
        "bw_mean" : 0.000000,
        "bw_dev" : 0.000000,
        "bw_samples" : 0,
        "iops_min" : 0,
        "iops_max" : 0,
        "iops_mean" : 0.000000,
        "iops_stddev" : 0.000000,
        "iops_samples" : 0
      },
      "sync" : {
        "total_ios" : 0,
        "lat_ns" : {
          "min" : 0,
          "max" : 0,
          "mean" : 0.000000,
          "stddev" : 0.000000,
          "N" : 0
        }
      },
      "job_runtime" : 5445,
      "usr_cpu" : 4.370983,
      "sys_cpu" : 40.973370,
      "ctx" : 65712,
      "majf" : 0,
      "minf" : 30,
      "iodepth_level" : {
        "1" : 100.000000,
        "2" : 0.000000,
        "4" : 0.000000,
        "8" : 0.000000,
        "16" : 0.000000,
        "32" : 0.000000,
        ">=64" : 0.000000
      },
      "iodepth_submit" : {
        "0" : 0.000000,
        "4" : 100.000000,
        "8" : 0.000000,
        "16" : 0.000000,
        "32" : 0.000000,
        "64" : 0.000000,
        ">=64" : 0.000000
      },
      "iodepth_complete" : {
        "0" : 0.000000,
        "4" : 100.000000,
        "8" : 0.000000,
        "16" : 0.000000,
        "32" : 0.000000,
        "64" : 0.000000,
        ">=64" : 0.000000
      },
      "latency_ns" : {
        "2" : 0.000000,
        "4" : 0.000000,
        "10" : 0.000000,
        "20" : 0.000000,
        "50" : 0.000000,
        "100" : 0.000000,
        "250" : 0.000000,
        "500" : 0.000000,
        "750" : 0.000000,
        "1000" : 0.000000
      },
      "latency_us" : {
        "2" : 0.000000,
        "4" : 0.000000,
        "10" : 0.000000,
        "20" : 0.000000,
        "50" : 7.138062,
        "100" : 69.720459,
        "250" : 22.192383,
        "500" : 0.563049,
        "750" : 0.088501,
        "1000" : 0.067139
      },
      "latency_ms" : {
        "2" : 0.178528,
        "4" : 0.048828,
        "10" : 0.010000,
        "20" : 0.000000,
        "50" : 0.000000,
        "100" : 0.000000,
        "250" : 0.000000,
        "500" : 0.000000,
        "750" : 0.000000,
        "1000" : 0.000000,
        "2000" : 0.000000,
        ">=2000" : 0.000000
      },
      "latency_depth" : 1,
      "latency_target" : 0,
      "latency_percentile" : 100.000000,
      "latency_window" : 0
    }
  ]
}
