{
  "fio version" : "fio-3.38",
  "timestamp" : 1729842859,
  "timestamp_ms" : 1729842859230,
  "time" : "Fri Oct 25 09:54:19 2024",
  "jobs" : [
    {
      "jobname" : "Exo1_rand_50_rep_1",
      "groupid" : 0,
      "job_start" : 1729842849482,
      "error" : 0,
      "eta" : 0,
      "elapsed" : 10,
      "job options" : {
        "name" : "Exo1_rand_50_rep_1",
        "runtime" : "60",
        "numjobs" : "1",
        "rwmixwrite" : "50",
        "bs" : "16k",
        "filesize" : "1G",
        "direct" : "1",
        "rw" : "randrw"
      },
      "read" : {
        "io_bytes" : 536363008,
        "io_kbytes" : 523792,
        "bw_bytes" : 56435501,
        "bw" : 55112,
        "iops" : 3444.549663,
        "runtime" : 9504,
        "total_ios" : 32737,
        "short_ios" : 0,
        "drop_ios" : 0,
        "slat_ns" : {
          "min" : 0,
          "max" : 0,
          "mean" : 0.000000,
          "stddev" : 0.000000,
          "N" : 0
        },
        "clat_ns" : {
          "min" : 4000,
          "max" : 4586000,
          "mean" : 166692.610807,
          "stddev" : 181286.066771,
          "N" : 32737,
          "percentile" : {
            "1.000000" : 5024,
            "5.000000" : 7008,
            "10.000000" : 8032,
            "20.000000" : 9024,
            "30.000000" : 11968,
            "40.000000" : 152576,
            "50.000000" : 195584,
            "60.000000" : 216064,
            "70.000000" : 236544,
            "80.000000" : 254976,
            "90.000000" : 272384,
            "95.000000" : 288768,
            "99.000000" : 1056768,
            "99.500000" : 1269760,
            "99.900000" : 1974272,
            "99.950000" : 2179072,
            "99.990000" : 3981312
          }
        },
        "lat_ns" : {
          "min" : 4000,
          "max" : 4586000,
          "mean" : 167038.885665,
          "stddev" : 181300.553126,
          "N" : 32737
        },
        "bw_min" : 46240,
        "bw_max" : 67328,
        "bw_agg" : 99.465108,
        "bw_mean" : 54818.222222,
        "bw_dev" : 4504.711475,
        "bw_samples" : 18,
        "iops_min" : 2890,
        "iops_max" : 4208,
        "iops_mean" : 3426.000000,
        "iops_stddev" : 281.568715,
        "iops_samples" : 18
      },
      "write" : {
        "io_bytes" : 537378816,
        "io_kbytes" : 524784,
        "bw_bytes" : 56542383,
        "bw" : 55217,
        "iops" : 3451.073232,
        "runtime" : 9504,
        "total_ios" : 32799,
        "short_ios" : 0,
        "drop_ios" : 0,
        "slat_ns" : {
          "min" : 0,
          "max" : 0,
          "mean" : 0.000000,
          "stddev" : 0.000000,
          "N" : 0
        },
        "clat_ns" : {
          "min" : 50000,
          "max" : 870000,
          "mean" : 116143.967804,
          "stddev" : 29585.460535,
          "N" : 32799,
          "percentile" : {
            "1.000000" : 52992,
            "5.000000" : 64256,
            "10.000000" : 77312,
            "20.000000" : 99840,
            "30.000000" : 113152,
            "40.000000" : 119296,
            "50.000000" : 120320,
            "60.000000" : 120320,
            "70.000000" : 122368,
            "80.000000" : 132096,
            "90.000000" : 142336,
            "95.000000" : 146432,
            "99.000000" : 199680,
            "99.500000" : 240640,
            "99.900000" : 350208,
            "99.950000" : 370688,
            "99.990000" : 528384
          }
        },
        "lat_ns" : {
          "min" : 51000,
          "max" : 871000,
          "mean" : 116771.852800,
          "stddev" : 29658.741491,
          "N" : 32799
        },
        "bw_min" : 46240,
        "bw_max" : 66752,
        "bw_agg" : 99.356775,
        "bw_mean" : 54862.888889,
        "bw_dev" : 4634.433082,
        "bw_samples" : 18,
        "iops_min" : 2890,
        "iops_max" : 4172,
        "iops_mean" : 3428.833333,
        "iops_stddev" : 289.632881,
        "iops_samples" : 18
      },
      "trim" : {
        "io_bytes" : 0,
        "io_kbytes" : 0,
        "bw_bytes" : 0,
        "bw" : 0,
        "iops" : 0.000000,
        "runtime" : 0,
        "total_ios" : 0,
        "short_ios" : 0,
        "drop_ios" : 0,
        "slat_ns" : {
          "min" : 0,
          "max" : 0,
          "mean" : 0.000000,
          "stddev" : 0.000000,
          "N" : 0
        },
        "clat_ns" : {
          "min" : 0,
          "max" : 0,
          "mean" : 0.000000,
          "stddev" : 0.000000,
          "N" : 0
        },
        "lat_ns" : {
          "min" : 0,
          "max" : 0,
          "mean" : 0.000000,
          "stddev" : 0.000000,
          "N" : 0
        },
        "bw_min" : 0,
        "bw_max" : 0,
        "bw_agg" : 0.000000,
        "bw_mean" : 0.000000,
        "bw_dev" : 0.000000,
        "bw_samples" : 0,
        "iops_min" : 0,
        "iops_max" : 0,
        "iops_mean" : 0.000000,
        "iops_stddev" : 0.000000,
        "iops_samples" : 0
      },
      "sync" : {
        "total_ios" : 0,
        "lat_ns" : {
          "min" : 0,
          "max" : 0,
          "mean" : 0.000000,
          "stddev" : 0.000000,
          "N" : 0
        }
      },
      "job_runtime" : 9503,
      "usr_cpu" : 3.472588,
      "sys_cpu" : 26.097022,
      "ctx" : 54599,
      "majf" : 0,
      "minf" : 31,
      "iodepth_level" : {
        "1" : 100.000000,
        "2" : 0.000000,
        "4" : 0.000000,
        "8" : 0.000000,
        "16" : 0.000000,
        "32" : 0.000000,
        ">=64" : 0.000000
      },
      "iodepth_submit" : {
        "0" : 0.000000,
        "4" : 100.000000,
        "8" : 0.000000,
        "16" : 0.000000,
        "32" : 0.000000,
        "64" : 0.000000,
        ">=64" : 0.000000
      },
      "iodepth_complete" : {
        "0" : 0.000000,
        "4" : 100.000000,
        "8" : 0.000000,
        "16" : 0.000000,
        "32" : 0.000000,
        "64" : 0.000000,
        ">=64" : 0.000000
      },
      "latency_ns" : {
        "2" : 0.000000,
        "4" : 0.000000,
        "10" : 0.000000,
        "20" : 0.000000,
        "50" : 0.000000,
        "100" : 0.000000,
        "250" : 0.000000,
        "500" : 0.000000,
        "750" : 0.000000,
        "1000" : 0.000000
      },
      "latency_us" : {
        "2" : 0.000000,
        "4" : 0.000000,
        "10" : 10.231018,
        "20" : 6.570435,
        "50" : 0.395203,
        "100" : 9.980774,
        "250" : 61.004639,
        "500" : 11.019897,
        "750" : 0.100708,
        "1000" : 0.146484
      },
      "latency_ms" : {
        "2" : 0.506592,
        "4" : 0.039673,
        "10" : 0.010000,
        "20" : 0.000000,
        "50" : 0.000000,
        "100" : 0.000000,
        "250" : 0.000000,
        "500" : 0.000000,
        "750" : 0.000000,
        "1000" : 0.000000,
        "2000" : 0.000000,
        ">=2000" : 0.000000
      },
      "latency_depth" : 1,
      "latency_target" : 0,
      "latency_percentile" : 100.000000,
      "latency_window" : 0
    }
  ]
}
