{
  "fio version" : "fio-3.38",
  "timestamp" : 1729842720,
  "timestamp_ms" : 1729842720136,
  "time" : "Fri Oct 25 09:52:00 2024",
  "jobs" : [
    {
      "jobname" : "Exo1_rand_12.5_rep_3",
      "groupid" : 0,
      "job_start" : 1729842711875,
      "error" : 0,
      "eta" : 0,
      "elapsed" : 9,
      "job options" : {
        "name" : "Exo1_rand_12.5_rep_3",
        "runtime" : "60",
        "numjobs" : "1",
        "rwmixwrite" : "12.5",
        "bs" : "16k",
        "filesize" : "1G",
        "direct" : "1",
        "rw" : "randrw"
      },
      "read" : {
        "io_bytes" : 944881664,
        "io_kbytes" : 922736,
        "bw_bytes" : 115511205,
        "bw" : 112803,
        "iops" : 7050.244499,
        "runtime" : 8180,
        "total_ios" : 57671,
        "short_ios" : 0,
        "drop_ios" : 0,
        "slat_ns" : {
          "min" : 0,
          "max" : 0,
          "mean" : 0.000000,
          "stddev" : 0.000000,
          "N" : 0
        },
        "clat_ns" : {
          "min" : 4000,
          "max" : 5108000,
          "mean" : 124603.995076,
          "stddev" : 112960.101050,
          "N" : 57671,
          "percentile" : {
            "1.000000" : 4016,
            "5.000000" : 5024,
            "10.000000" : 5984,
            "20.000000" : 7008,
            "30.000000" : 10048,
            "40.000000" : 123392,
            "50.000000" : 138240,
            "60.000000" : 150528,
            "70.000000" : 181248,
            "80.000000" : 211968,
            "90.000000" : 238592,
            "95.000000" : 254976,
            "99.000000" : 284672,
            "99.500000" : 333824,
            "99.900000" : 1302528,
            "99.950000" : 1449984,
            "99.990000" : 2408448
          }
        },
        "lat_ns" : {
          "min" : 4000,
          "max" : 5109000,
          "mean" : 124821.036570,
          "stddev" : 112973.034091,
          "N" : 57671
        },
        "bw_min" : 88608,
        "bw_max" : 134131,
        "bw_agg" : 99.689806,
        "bw_mean" : 112454.750000,
        "bw_dev" : 13718.838661,
        "bw_samples" : 16,
        "iops_min" : 5538,
        "iops_max" : 8383,
        "iops_mean" : 7028.250000,
        "iops_stddev" : 857.553147,
        "iops_samples" : 16
      },
      "write" : {
        "io_bytes" : 128860160,
        "io_kbytes" : 125840,
        "bw_bytes" : 15753075,
        "bw" : 15383,
        "iops" : 961.491443,
        "runtime" : 8180,
        "total_ios" : 7865,
        "short_ios" : 0,
        "drop_ios" : 0,
        "slat_ns" : {
          "min" : 0,
          "max" : 0,
          "mean" : 0.000000,
          "stddev" : 0.000000,
          "N" : 0
        },
        "clat_ns" : {
          "min" : 51000,
          "max" : 518000,
          "mean" : 102771.010807,
          "stddev" : 32533.296565,
          "N" : 7865,
          "percentile" : {
            "1.000000" : 52992,
            "5.000000" : 54016,
            "10.000000" : 55040,
            "20.000000" : 66048,
            "30.000000" : 93696,
            "40.000000" : 98816,
            "50.000000" : 107008,
            "60.000000" : 113152,
            "70.000000" : 121344,
            "80.000000" : 124416,
            "90.000000" : 138240,
            "95.000000" : 146432,
            "99.000000" : 179200,
            "99.500000" : 214016,
            "99.900000" : 309248,
            "99.950000" : 337920,
            "99.990000" : 518144
          }
        },
        "lat_ns" : {
          "min" : 51000,
          "max" : 521000,
          "mean" : 103275.270184,
          "stddev" : 32617.439899,
          "N" : 7865
        },
        "bw_min" : 11809,
        "bw_max" : 18016,
        "bw_agg" : 99.597875,
        "bw_mean" : 15322.687500,
        "bw_dev" : 1777.475240,
        "bw_samples" : 16,
        "iops_min" : 738,
        "iops_max" : 1126,
        "iops_mean" : 957.500000,
        "iops_stddev" : 111.015314,
        "iops_samples" : 16
      },
      "trim" : {
        "io_bytes" : 0,
        "io_kbytes" : 0,
        "bw_bytes" : 0,
        "bw" : 0,
        "iops" : 0.000000,
        "runtime" : 0,
        "total_ios" : 0,
        "short_ios" : 0,
        "drop_ios" : 0,
        "slat_ns" : {
          "min" : 0,
          "max" : 0,
          "mean" : 0.000000,
          "stddev" : 0.000000,
          "N" : 0
        },
        "clat_ns" : {
          "min" : 0,
          "max" : 0,
          "mean" : 0.000000,
          "stddev" : 0.000000,
          "N" : 0
        },
        "lat_ns" : {
          "min" : 0,
          "max" : 0,
          "mean" : 0.000000,
          "stddev" : 0.000000,
          "N" : 0
        },
        "bw_min" : 0,
        "bw_max" : 0,
        "bw_agg" : 0.000000,
        "bw_mean" : 0.000000,
        "bw_dev" : 0.000000,
        "bw_samples" : 0,
        "iops_min" : 0,
        "iops_max" : 0,
        "iops_mean" : 0.000000,
        "iops_stddev" : 0.000000,
        "iops_samples" : 0
      },
      "sync" : {
        "total_ios" : 0,
        "lat_ns" : {
          "min" : 0,
          "max" : 0,
          "mean" : 0.000000,
          "stddev" : 0.000000,
          "N" : 0
        }
      },
      "job_runtime" : 8179,
      "usr_cpu" : 3.129967,
      "sys_cpu" : 18.755349,
      "ctx" : 46148,
      "majf" : 0,
      "minf" : 30,
      "iodepth_level" : {
        "1" : 100.000000,
        "2" : 0.000000,
        "4" : 0.000000,
        "8" : 0.000000,
        "16" : 0.000000,
        "32" : 0.000000,
        ">=64" : 0.000000
      },
      "iodepth_submit" : {
        "0" : 0.000000,
        "4" : 100.000000,
        "8" : 0.000000,
        "16" : 0.000000,
        "32" : 0.000000,
        "64" : 0.000000,
        ">=64" : 0.000000
      },
      "iodepth_complete" : {
        "0" : 0.000000,
        "4" : 100.000000,
        "8" : 0.000000,
        "16" : 0.000000,
        "32" : 0.000000,
        "64" : 0.000000,
        ">=64" : 0.000000
      },
      "latency_ns" : {
        "2" : 0.000000,
        "4" : 0.000000,
        "10" : 0.000000,
        "20" : 0.000000,
        "50" : 0.000000,
        "100" : 0.000000,
        "250" : 0.000000,
        "500" : 0.000000,
        "750" : 0.000000,
        "1000" : 0.000000
      },
      "latency_us" : {
        "2" : 0.000000,
        "4" : 0.000000,
        "10" : 26.310730,
        "20" : 2.861023,
        "50" : 0.733948,
        "100" : 4.899597,
        "250" : 59.085083,
        "500" : 5.809021,
        "750" : 0.109863,
        "1000" : 0.010000
      },
      "latency_ms" : {
        "2" : 0.167847,
        "4" : 0.012207,
        "10" : 0.010000,
        "20" : 0.000000,
        "50" : 0.000000,
        "100" : 0.000000,
        "250" : 0.000000,
        "500" : 0.000000,
        "750" : 0.000000,
        "1000" : 0.000000,
        "2000" : 0.000000,
        ">=2000" : 0.000000
      },
      "latency_depth" : 1,
      "latency_target" : 0,
      "latency_percentile" : 100.000000,
      "latency_window" : 0
    }
  ]
}
