{
  "fio version" : "fio-3.38",
  "timestamp" : 1729842848,
  "timestamp_ms" : 1729842848131,
  "time" : "Fri Oct 25 09:54:08 2024",
  "jobs" : [
    {
      "jobname" : "Exo1_rand_37.5_rep_5",
      "groupid" : 0,
      "job_start" : 1729842838433,
      "error" : 0,
      "eta" : 0,
      "elapsed" : 10,
      "job options" : {
        "name" : "Exo1_rand_37.5_rep_5",
        "runtime" : "60",
        "numjobs" : "1",
        "rwmixwrite" : "37.5",
        "bs" : "16k",
        "filesize" : "1G",
        "direct" : "1",
        "rw" : "randrw"
      },
      "read" : {
        "io_bytes" : 676413440,
        "io_kbytes" : 660560,
        "bw_bytes" : 70614201,
        "bw" : 68959,
        "iops" : 4309.948846,
        "runtime" : 9579,
        "total_ios" : 41285,
        "short_ios" : 0,
        "drop_ios" : 0,
        "slat_ns" : {
          "min" : 0,
          "max" : 0,
          "mean" : 0.000000,
          "stddev" : 0.000000,
          "N" : 0
        },
        "clat_ns" : {
          "min" : 4000,
          "max" : 5066000,
          "mean" : 157340.680635,
          "stddev" : 156102.078966,
          "N" : 41285,
          "percentile" : {
            "1.000000" : 5984,
            "5.000000" : 7008,
            "10.000000" : 8032,
            "20.000000" : 9024,
            "30.000000" : 10944,
            "40.000000" : 150528,
            "50.000000" : 189440,
            "60.000000" : 211968,
            "70.000000" : 230400,
            "80.000000" : 246784,
            "90.000000" : 264192,
            "95.000000" : 276480,
            "99.000000" : 528384,
            "99.500000" : 1171456,
            "99.900000" : 1499136,
            "99.950000" : 1826816,
            "99.990000" : 3129344
          }
        },
        "lat_ns" : {
          "min" : 4000,
          "max" : 5066000,
          "mean" : 157628.606031,
          "stddev" : 156109.343195,
          "N" : 41285
        },
        "bw_min" : 56175,
        "bw_max" : 78080,
        "bw_agg" : 100.000000,
        "bw_mean" : 68970.578947,
        "bw_dev" : 4999.304522,
        "bw_samples" : 19,
        "iops_min" : 3510,
        "iops_max" : 4880,
        "iops_mean" : 4310.578947,
        "iops_stddev" : 312.755019,
        "iops_samples" : 19
      },
      "write" : {
        "io_bytes" : 397328384,
        "io_kbytes" : 388016,
        "bw_bytes" : 41479108,
        "bw" : 40506,
        "iops" : 2531.683892,
        "runtime" : 9579,
        "total_ios" : 24251,
        "short_ios" : 0,
        "drop_ios" : 0,
        "slat_ns" : {
          "min" : 0,
          "max" : 0,
          "mean" : 0.000000,
          "stddev" : 0.000000,
          "N" : 0
        },
        "clat_ns" : {
          "min" : 51000,
          "max" : 28271000,
          "mean" : 117686.569626,
          "stddev" : 194810.130626,
          "N" : 24251,
          "percentile" : {
            "1.000000" : 55040,
            "5.000000" : 66048,
            "10.000000" : 78336,
            "20.000000" : 101888,
            "30.000000" : 112128,
            "40.000000" : 119296,
            "50.000000" : 120320,
            "60.000000" : 121344,
            "70.000000" : 122368,
            "80.000000" : 125440,
            "90.000000" : 142336,
            "95.000000" : 144384,
            "99.000000" : 199680,
            "99.500000" : 234496,
            "99.900000" : 354304,
            "99.950000" : 460800,
            "99.990000" : 5144576
          }
        },
        "lat_ns" : {
          "min" : 51000,
          "max" : 28271000,
          "mean" : 118293.183786,
          "stddev" : 194816.980299,
          "N" : 24251
        },
        "bw_min" : 34107,
        "bw_max" : 47264,
        "bw_agg" : 100.000000,
        "bw_mean" : 40544.368421,
        "bw_dev" : 3008.154071,
        "bw_samples" : 19,
        "iops_min" : 2131,
        "iops_max" : 2954,
        "iops_mean" : 2533.736842,
        "iops_stddev" : 188.068499,
        "iops_samples" : 19
      },
      "trim" : {
        "io_bytes" : 0,
        "io_kbytes" : 0,
        "bw_bytes" : 0,
        "bw" : 0,
        "iops" : 0.000000,
        "runtime" : 0,
        "total_ios" : 0,
        "short_ios" : 0,
        "drop_ios" : 0,
        "slat_ns" : {
          "min" : 0,
          "max" : 0,
          "mean" : 0.000000,
          "stddev" : 0.000000,
          "N" : 0
        },
        "clat_ns" : {
          "min" : 0,
          "max" : 0,
          "mean" : 0.000000,
          "stddev" : 0.000000,
          "N" : 0
        },
        "lat_ns" : {
          "min" : 0,
          "max" : 0,
          "mean" : 0.000000,
          "stddev" : 0.000000,
          "N" : 0
        },
        "bw_min" : 0,
        "bw_max" : 0,
        "bw_agg" : 0.000000,
        "bw_mean" : 0.000000,
        "bw_dev" : 0.000000,
        "bw_samples" : 0,
        "iops_min" : 0,
        "iops_max" : 0,
        "iops_mean" : 0.000000,
        "iops_stddev" : 0.000000,
        "iops_samples" : 0
      },
      "sync" : {
        "total_ios" : 0,
        "lat_ns" : {
          "min" : 0,
          "max" : 0,
          "mean" : 0.000000,
          "stddev" : 0.000000,
          "N" : 0
        }
      },
      "job_runtime" : 9578,
      "usr_cpu" : 3.278346,
      "sys_cpu" : 23.533097,
      "ctx" : 51599,
      "majf" : 0,
      "minf" : 31,
      "iodepth_level" : {
        "1" : 100.000000,
        "2" : 0.000000,
        "4" : 0.000000,
        "8" : 0.000000,
        "16" : 0.000000,
        "32" : 0.000000,
        ">=64" : 0.000000
      },
      "iodepth_submit" : {
        "0" : 0.000000,
        "4" : 100.000000,
        "8" : 0.000000,
        "16" : 0.000000,
        "32" : 0.000000,
        "64" : 0.000000,
        ">=64" : 0.000000
      },
      "iodepth_complete" : {
        "0" : 0.000000,
        "4" : 100.000000,
        "8" : 0.000000,
        "16" : 0.000000,
        "32" : 0.000000,
        "64" : 0.000000,
        ">=64" : 0.000000
      },
      "latency_ns" : {
        "2" : 0.000000,
        "4" : 0.000000,
        "10" : 0.000000,
        "20" : 0.000000,
        "50" : 0.000000,
        "100" : 0.000000,
        "250" : 0.000000,
        "500" : 0.000000,
        "750" : 0.000000,
        "1000" : 0.000000
      },
      "latency_us" : {
        "2" : 0.000000,
        "4" : 0.000000,
        "10" : 14.234924,
        "20" : 6.968689,
        "50" : 0.415039,
        "100" : 7.009888,
        "250" : 59.428406,
        "500" : 11.288452,
        "750" : 0.065613,
        "1000" : 0.083923
      },
      "latency_ms" : {
        "2" : 0.474548,
        "4" : 0.024414,
        "10" : 0.010000,
        "20" : 0.000000,
        "50" : 0.010000,
        "100" : 0.000000,
        "250" : 0.000000,
        "500" : 0.000000,
        "750" : 0.000000,
        "1000" : 0.000000,
        "2000" : 0.000000,
        ">=2000" : 0.000000
      },
      "latency_depth" : 1,
      "latency_target" : 0,
      "latency_percentile" : 100.000000,
      "latency_window" : 0
    }
  ]
}
