{
  "fio version" : "fio-3.38",
  "timestamp" : 1729842730,
  "timestamp_ms" : 1729842730229,
  "time" : "Fri Oct 25 09:52:10 2024",
  "jobs" : [
    {
      "jobname" : "Exo1_rand_12.5_rep_4",
      "groupid" : 0,
      "job_start" : 1729842721521,
      "error" : 0,
      "eta" : 0,
      "elapsed" : 9,
      "job options" : {
        "name" : "Exo1_rand_12.5_rep_4",
        "runtime" : "60",
        "numjobs" : "1",
        "rwmixwrite" : "12.5",
        "bs" : "16k",
        "filesize" : "1G",
        "direct" : "1",
        "rw" : "randrw"
      },
      "read" : {
        "io_bytes" : 944881664,
        "io_kbytes" : 922736,
        "bw_bytes" : 110023482,
        "bw" : 107444,
        "iops" : 6715.300419,
        "runtime" : 8588,
        "total_ios" : 57671,
        "short_ios" : 0,
        "drop_ios" : 0,
        "slat_ns" : {
          "min" : 0,
          "max" : 0,
          "mean" : 0.000000,
          "stddev" : 0.000000,
          "N" : 0
        },
        "clat_ns" : {
          "min" : 3000,
          "max" : 9138000,
          "mean" : 130242.634947,
          "stddev" : 120310.887084,
          "N" : 57671,
          "percentile" : {
            "1.000000" : 5024,
            "5.000000" : 5024,
            "10.000000" : 5984,
            "20.000000" : 8032,
            "30.000000" : 10048,
            "40.000000" : 127488,
            "50.000000" : 144384,
            "60.000000" : 166912,
            "70.000000" : 197632,
            "80.000000" : 218112,
            "90.000000" : 240640,
            "95.000000" : 257024,
            "99.000000" : 288768,
            "99.500000" : 333824,
            "99.900000" : 1286144,
            "99.950000" : 1384448,
            "99.990000" : 2146304
          }
        },
        "lat_ns" : {
          "min" : 4000,
          "max" : 9138000,
          "mean" : 130501.170432,
          "stddev" : 120320.766714,
          "N" : 57671
        },
        "bw_min" : 98240,
        "bw_max" : 130304,
        "bw_agg" : 100.000000,
        "bw_mean" : 107643.529412,
        "bw_dev" : 8053.574689,
        "bw_samples" : 17,
        "iops_min" : 6140,
        "iops_max" : 8144,
        "iops_mean" : 6727.647059,
        "iops_stddev" : 503.367776,
        "iops_samples" : 17
      },
      "write" : {
        "io_bytes" : 128860160,
        "io_kbytes" : 125840,
        "bw_bytes" : 15004676,
        "bw" : 14653,
        "iops" : 915.812762,
        "runtime" : 8588,
        "total_ios" : 7865,
        "short_ios" : 0,
        "drop_ios" : 0,
        "slat_ns" : {
          "min" : 0,
          "max" : 0,
          "mean" : 0.000000,
          "stddev" : 0.000000,
          "N" : 0
        },
        "clat_ns" : {
          "min" : 51000,
          "max" : 29605000,
          "mean" : 114285.060394,
          "stddev" : 336512.625034,
          "N" : 7865,
          "percentile" : {
            "1.000000" : 52992,
            "5.000000" : 54016,
            "10.000000" : 58112,
            "20.000000" : 84480,
            "30.000000" : 98816,
            "40.000000" : 107008,
            "50.000000" : 119296,
            "60.000000" : 121344,
            "70.000000" : 122368,
            "80.000000" : 126464,
            "90.000000" : 142336,
            "95.000000" : 146432,
            "99.000000" : 191488,
            "99.500000" : 224256,
            "99.900000" : 1056768,
            "99.950000" : 1761280,
            "99.990000" : 29491200
          }
        },
        "lat_ns" : {
          "min" : 51000,
          "max" : 29605000,
          "mean" : 114789.192626,
          "stddev" : 336514.786051,
          "N" : 7865
        },
        "bw_min" : 12480,
        "bw_max" : 17824,
        "bw_agg" : 100.000000,
        "bw_mean" : 14670.176471,
        "bw_dev" : 1338.577614,
        "bw_samples" : 17,
        "iops_min" : 780,
        "iops_max" : 1114,
        "iops_mean" : 916.823529,
        "iops_stddev" : 83.672154,
        "iops_samples" : 17
      },
      "trim" : {
        "io_bytes" : 0,
        "io_kbytes" : 0,
        "bw_bytes" : 0,
        "bw" : 0,
        "iops" : 0.000000,
        "runtime" : 0,
        "total_ios" : 0,
        "short_ios" : 0,
        "drop_ios" : 0,
        "slat_ns" : {
          "min" : 0,
          "max" : 0,
          "mean" : 0.000000,
          "stddev" : 0.000000,
          "N" : 0
        },
        "clat_ns" : {
          "min" : 0,
          "max" : 0,
          "mean" : 0.000000,
          "stddev" : 0.000000,
          "N" : 0
        },
        "lat_ns" : {
          "min" : 0,
          "max" : 0,
          "mean" : 0.000000,
          "stddev" : 0.000000,
          "N" : 0
        },
        "bw_min" : 0,
        "bw_max" : 0,
        "bw_agg" : 0.000000,
        "bw_mean" : 0.000000,
        "bw_dev" : 0.000000,
        "bw_samples" : 0,
        "iops_min" : 0,
        "iops_max" : 0,
        "iops_mean" : 0.000000,
        "iops_stddev" : 0.000000,
        "iops_samples" : 0
      },
      "sync" : {
        "total_ios" : 0,
        "lat_ns" : {
          "min" : 0,
          "max" : 0,
          "mean" : 0.000000,
          "stddev" : 0.000000,
          "N" : 0
        }
      },
      "job_runtime" : 8587,
      "usr_cpu" : 2.923023,
      "sys_cpu" : 19.063701,
      "ctx" : 46281,
      "majf" : 0,
      "minf" : 31,
      "iodepth_level" : {
        "1" : 100.000000,
        "2" : 0.000000,
        "4" : 0.000000,
        "8" : 0.000000,
        "16" : 0.000000,
        "32" : 0.000000,
        ">=64" : 0.000000
      },
      "iodepth_submit" : {
        "0" : 0.000000,
        "4" : 100.000000,
        "8" : 0.000000,
        "16" : 0.000000,
        "32" : 0.000000,
        "64" : 0.000000,
        ">=64" : 0.000000
      },
      "iodepth_complete" : {
        "0" : 0.000000,
        "4" : 100.000000,
        "8" : 0.000000,
        "16" : 0.000000,
        "32" : 0.000000,
        "64" : 0.000000,
        ">=64" : 0.000000
      },
      "latency_ns" : {
        "2" : 0.000000,
        "4" : 0.000000,
        "10" : 0.000000,
        "20" : 0.000000,
        "50" : 0.000000,
        "100" : 0.000000,
        "250" : 0.000000,
        "500" : 0.000000,
        "750" : 0.000000,
        "1000" : 0.000000
      },
      "latency_us" : {
        "2" : 0.000000,
        "4" : 0.010000,
        "10" : 25.784302,
        "20" : 3.303528,
        "50" : 0.570679,
        "100" : 3.677368,
        "250" : 60.140991,
        "500" : 6.263733,
        "750" : 0.018311,
        "1000" : 0.010000
      },
      "latency_ms" : {
        "2" : 0.215149,
        "4" : 0.010681,
        "10" : 0.010000,
        "20" : 0.000000,
        "50" : 0.010000,
        "100" : 0.000000,
        "250" : 0.000000,
        "500" : 0.000000,
        "750" : 0.000000,
        "1000" : 0.000000,
        "2000" : 0.000000,
        ">=2000" : 0.000000
      },
      "latency_depth" : 1,
      "latency_target" : 0,
      "latency_percentile" : 100.000000,
      "latency_window" : 0
    }
  ]
}
