{
  "fio version" : "fio-3.38",
  "timestamp" : 1729842445,
  "timestamp_ms" : 1729842445610,
  "time" : "Fri Oct 25 09:47:25 2024",
  "jobs" : [
    {
      "jobname" : "Exo1_seq_25_rep_5",
      "groupid" : 0,
      "job_start" : 1729842440608,
      "error" : 0,
      "eta" : 0,
      "elapsed" : 6,
      "job options" : {
        "name" : "Exo1_seq_25_rep_5",
        "runtime" : "60",
        "numjobs" : "1",
        "rwmixwrite" : "25",
        "bs" : "16k",
        "filesize" : "1G",
        "direct" : "1",
        "rw" : "rw"
      },
      "read" : {
        "io_bytes" : 805126144,
        "io_kbytes" : 786256,
        "bw_bytes" : 161704387,
        "bw" : 157914,
        "iops" : 9869.652541,
        "runtime" : 4979,
        "total_ios" : 49141,
        "short_ios" : 0,
        "drop_ios" : 0,
        "slat_ns" : {
          "min" : 0,
          "max" : 0,
          "mean" : 0.000000,
          "stddev" : 0.000000,
          "N" : 0
        },
        "clat_ns" : {
          "min" : 3000,
          "max" : 4043000,
          "mean" : 73236.869417,
          "stddev" : 95761.687275,
          "N" : 49141,
          "percentile" : {
            "1.000000" : 4016,
            "5.000000" : 5024,
            "10.000000" : 5984,
            "20.000000" : 44800,
            "30.000000" : 45824,
            "40.000000" : 46848,
            "50.000000" : 46848,
            "60.000000" : 47872,
            "70.000000" : 50944,
            "80.000000" : 78336,
            "90.000000" : 193536,
            "95.000000" : 220160,
            "99.000000" : 264192,
            "99.500000" : 329728,
            "99.900000" : 1368064,
            "99.950000" : 1613824,
            "99.990000" : 2007040
          }
        },
        "lat_ns" : {
          "min" : 3000,
          "max" : 4044000,
          "mean" : 73418.286156,
          "stddev" : 95770.538447,
          "N" : 49141
        },
        "bw_min" : 132384,
        "bw_max" : 153760,
        "bw_agg" : 92.764157,
        "bw_mean" : 146488.444444,
        "bw_dev" : 7411.981974,
        "bw_samples" : 9,
        "iops_min" : 8274,
        "iops_max" : 9610,
        "iops_mean" : 9155.444444,
        "iops_stddev" : 463.207597,
        "iops_samples" : 9
      },
      "write" : {
        "io_bytes" : 268615680,
        "io_kbytes" : 262320,
        "bw_bytes" : 53949724,
        "bw" : 52685,
        "iops" : 3292.829886,
        "runtime" : 4979,
        "total_ios" : 16395,
        "short_ios" : 0,
        "drop_ios" : 0,
        "slat_ns" : {
          "min" : 0,
          "max" : 0,
          "mean" : 0.000000,
          "stddev" : 0.000000,
          "N" : 0
        },
        "clat_ns" : {
          "min" : 58000,
          "max" : 510000,
          "mean" : 74483.562062,
          "stddev" : 20298.646071,
          "N" : 16395,
          "percentile" : {
            "1.000000" : 61184,
            "5.000000" : 61184,
            "10.000000" : 62208,
            "20.000000" : 62208,
            "30.000000" : 63232,
            "40.000000" : 63232,
            "50.000000" : 64256,
            "60.000000" : 66048,
            "70.000000" : 73216,
            "80.000000" : 97792,
            "90.000000" : 99840,
            "95.000000" : 103936,
            "99.000000" : 132096,
            "99.500000" : 152576,
            "99.900000" : 288768,
            "99.950000" : 317440,
            "99.990000" : 448512
          }
        },
        "lat_ns" : {
          "min" : 59000,
          "max" : 535000,
          "mean" : 74909.240622,
          "stddev" : 20322.486901,
          "N" : 16395
        },
        "bw_min" : 45472,
        "bw_max" : 51046,
        "bw_agg" : 92.686235,
        "bw_mean" : 48832.888889,
        "bw_dev" : 1734.096915,
        "bw_samples" : 9,
        "iops_min" : 2842,
        "iops_max" : 3190,
        "iops_mean" : 3052.000000,
        "iops_stddev" : 108.318973,
        "iops_samples" : 9
      },
      "trim" : {
        "io_bytes" : 0,
        "io_kbytes" : 0,
        "bw_bytes" : 0,
        "bw" : 0,
        "iops" : 0.000000,
        "runtime" : 0,
        "total_ios" : 0,
        "short_ios" : 0,
        "drop_ios" : 0,
        "slat_ns" : {
          "min" : 0,
          "max" : 0,
          "mean" : 0.000000,
          "stddev" : 0.000000,
          "N" : 0
        },
        "clat_ns" : {
          "min" : 0,
          "max" : 0,
          "mean" : 0.000000,
          "stddev" : 0.000000,
          "N" : 0
        },
        "lat_ns" : {
          "min" : 0,
          "max" : 0,
          "mean" : 0.000000,
          "stddev" : 0.000000,
          "N" : 0
        },
        "bw_min" : 0,
        "bw_max" : 0,
        "bw_agg" : 0.000000,
        "bw_mean" : 0.000000,
        "bw_dev" : 0.000000,
        "bw_samples" : 0,
        "iops_min" : 0,
        "iops_max" : 0,
        "iops_mean" : 0.000000,
        "iops_stddev" : 0.000000,
        "iops_samples" : 0
      },
      "sync" : {
        "total_ios" : 0,
        "lat_ns" : {
          "min" : 0,
          "max" : 0,
          "mean" : 0.000000,
          "stddev" : 0.000000,
          "N" : 0
        }
      },
      "job_runtime" : 4978,
      "usr_cpu" : 4.278827,
      "sys_cpu" : 44.716754,
      "ctx" : 103052,
      "majf" : 0,
      "minf" : 40,
      "iodepth_level" : {
        "1" : 100.000000,
        "2" : 0.000000,
        "4" : 0.000000,
        "8" : 0.000000,
        "16" : 0.000000,
        "32" : 0.000000,
        ">=64" : 0.000000
      },
      "iodepth_submit" : {
        "0" : 0.000000,
        "4" : 100.000000,
        "8" : 0.000000,
        "16" : 0.000000,
        "32" : 0.000000,
        "64" : 0.000000,
        ">=64" : 0.000000
      },
      "iodepth_complete" : {
        "0" : 0.000000,
        "4" : 100.000000,
        "8" : 0.000000,
        "16" : 0.000000,
        "32" : 0.000000,
        "64" : 0.000000,
        ">=64" : 0.000000
      },
      "latency_ns" : {
        "2" : 0.000000,
        "4" : 0.000000,
        "10" : 0.000000,
        "20" : 0.000000,
        "50" : 0.000000,
        "100" : 0.000000,
        "250" : 0.000000,
        "500" : 0.000000,
        "750" : 0.000000,
        "1000" : 0.000000
      },
      "latency_us" : {
        "2" : 0.000000,
        "4" : 0.019836,
        "10" : 8.427429,
        "20" : 0.010681,
        "50" : 40.917969,
        "100" : 35.374451,
        "250" : 13.519287,
        "500" : 1.422119,
        "750" : 0.056458,
        "1000" : 0.086975
      },
      "latency_ms" : {
        "2" : 0.157166,
        "4" : 0.010000,
        "10" : 0.010000,
        "20" : 0.000000,
        "50" : 0.000000,
        "100" : 0.000000,
        "250" : 0.000000,
        "500" : 0.000000,
        "750" : 0.000000,
        "1000" : 0.000000,
        "2000" : 0.000000,
        ">=2000" : 0.000000
      },
      "latency_depth" : 1,
      "latency_target" : 0,
      "latency_percentile" : 100.000000,
      "latency_window" : 0
    }
  ]
}
