{
  "fio version" : "fio-3.38",
  "timestamp" : 1729842804,
  "timestamp_ms" : 1729842804438,
  "time" : "Fri Oct 25 09:53:24 2024",
  "jobs" : [
    {
      "jobname" : "Exo1_rand_37.5_rep_1",
      "groupid" : 0,
      "job_start" : 1729842794955,
      "error" : 0,
      "eta" : 0,
      "elapsed" : 10,
      "job options" : {
        "name" : "Exo1_rand_37.5_rep_1",
        "runtime" : "60",
        "numjobs" : "1",
        "rwmixwrite" : "37.5",
        "bs" : "16k",
        "filesize" : "1G",
        "direct" : "1",
        "rw" : "randrw"
      },
      "read" : {
        "io_bytes" : 676413440,
        "io_kbytes" : 660560,
        "bw_bytes" : 72701358,
        "bw" : 70997,
        "iops" : 4437.338779,
        "runtime" : 9304,
        "total_ios" : 41285,
        "short_ios" : 0,
        "drop_ios" : 0,
        "slat_ns" : {
          "min" : 0,
          "max" : 0,
          "mean" : 0.000000,
          "stddev" : 0.000000,
          "N" : 0
        },
        "clat_ns" : {
          "min" : 4000,
          "max" : 5022000,
          "mean" : 152237.035243,
          "stddev" : 160303.578538,
          "N" : 41285,
          "percentile" : {
            "1.000000" : 5024,
            "5.000000" : 7008,
            "10.000000" : 7008,
            "20.000000" : 9024,
            "30.000000" : 10944,
            "40.000000" : 140288,
            "50.000000" : 179200,
            "60.000000" : 207872,
            "70.000000" : 226304,
            "80.000000" : 242688,
            "90.000000" : 259072,
            "95.000000" : 276480,
            "99.000000" : 489472,
            "99.500000" : 1187840,
            "99.900000" : 1744896,
            "99.950000" : 2023424,
            "99.990000" : 3457024
          }
        },
        "lat_ns" : {
          "min" : 4000,
          "max" : 5023000,
          "mean" : 152515.126559,
          "stddev" : 160312.912049,
          "N" : 41285
        },
        "bw_min" : 63713,
        "bw_max" : 81660,
        "bw_agg" : 99.328962,
        "bw_mean" : 70521.444444,
        "bw_dev" : 4231.912253,
        "bw_samples" : 18,
        "iops_min" : 3982,
        "iops_max" : 5103,
        "iops_mean" : 4407.444444,
        "iops_stddev" : 264.445307,
        "iops_samples" : 18
      },
      "write" : {
        "io_bytes" : 397328384,
        "io_kbytes" : 388016,
        "bw_bytes" : 42705114,
        "bw" : 41704,
        "iops" : 2606.513328,
        "runtime" : 9304,
        "total_ios" : 24251,
        "short_ios" : 0,
        "drop_ios" : 0,
        "slat_ns" : {
          "min" : 0,
          "max" : 0,
          "mean" : 0.000000,
          "stddev" : 0.000000,
          "N" : 0
        },
        "clat_ns" : {
          "min" : 51000,
          "max" : 2094000,
          "mean" : 115148.158839,
          "stddev" : 32964.486148,
          "N" : 24251,
          "percentile" : {
            "1.000000" : 52992,
            "5.000000" : 64768,
            "10.000000" : 78336,
            "20.000000" : 97792,
            "30.000000" : 107008,
            "40.000000" : 119296,
            "50.000000" : 120320,
            "60.000000" : 121344,
            "70.000000" : 122368,
            "80.000000" : 127488,
            "90.000000" : 142336,
            "95.000000" : 146432,
            "99.000000" : 187392,
            "99.500000" : 222208,
            "99.900000" : 337920,
            "99.950000" : 382976,
            "99.990000" : 864256
          }
        },
        "lat_ns" : {
          "min" : 51000,
          "max" : 2095000,
          "mean" : 115748.010391,
          "stddev" : 33037.229291,
          "N" : 24251
        },
        "bw_min" : 37472,
        "bw_max" : 47265,
        "bw_agg" : 99.165041,
        "bw_mean" : 41356.111111,
        "bw_dev" : 2361.840680,
        "bw_samples" : 18,
        "iops_min" : 2342,
        "iops_max" : 2954,
        "iops_mean" : 2584.555556,
        "iops_stddev" : 147.721209,
        "iops_samples" : 18
      },
      "trim" : {
        "io_bytes" : 0,
        "io_kbytes" : 0,
        "bw_bytes" : 0,
        "bw" : 0,
        "iops" : 0.000000,
        "runtime" : 0,
        "total_ios" : 0,
        "short_ios" : 0,
        "drop_ios" : 0,
        "slat_ns" : {
          "min" : 0,
          "max" : 0,
          "mean" : 0.000000,
          "stddev" : 0.000000,
          "N" : 0
        },
        "clat_ns" : {
          "min" : 0,
          "max" : 0,
          "mean" : 0.000000,
          "stddev" : 0.000000,
          "N" : 0
        },
        "lat_ns" : {
          "min" : 0,
          "max" : 0,
          "mean" : 0.000000,
          "stddev" : 0.000000,
          "N" : 0
        },
        "bw_min" : 0,
        "bw_max" : 0,
        "bw_agg" : 0.000000,
        "bw_mean" : 0.000000,
        "bw_dev" : 0.000000,
        "bw_samples" : 0,
        "iops_min" : 0,
        "iops_max" : 0,
        "iops_mean" : 0.000000,
        "iops_stddev" : 0.000000,
        "iops_samples" : 0
      },
      "sync" : {
        "total_ios" : 0,
        "lat_ns" : {
          "min" : 0,
          "max" : 0,
          "mean" : 0.000000,
          "stddev" : 0.000000,
          "N" : 0
        }
      },
      "job_runtime" : 9303,
      "usr_cpu" : 3.418252,
      "sys_cpu" : 24.067505,
      "ctx" : 50968,
      "majf" : 0,
      "minf" : 31,
      "iodepth_level" : {
        "1" : 100.000000,
        "2" : 0.000000,
        "4" : 0.000000,
        "8" : 0.000000,
        "16" : 0.000000,
        "32" : 0.000000,
        ">=64" : 0.000000
      },
      "iodepth_submit" : {
        "0" : 0.000000,
        "4" : 100.000000,
        "8" : 0.000000,
        "16" : 0.000000,
        "32" : 0.000000,
        "64" : 0.000000,
        ">=64" : 0.000000
      },
      "iodepth_complete" : {
        "0" : 0.000000,
        "4" : 100.000000,
        "8" : 0.000000,
        "16" : 0.000000,
        "32" : 0.000000,
        "64" : 0.000000,
        ">=64" : 0.000000
      },
      "latency_ns" : {
        "2" : 0.000000,
        "4" : 0.000000,
        "10" : 0.000000,
        "20" : 0.000000,
        "50" : 0.000000,
        "100" : 0.000000,
        "250" : 0.000000,
        "500" : 0.000000,
        "750" : 0.000000,
        "1000" : 0.000000
      },
      "latency_us" : {
        "2" : 0.000000,
        "4" : 0.000000,
        "10" : 14.898682,
        "20" : 7.092285,
        "50" : 0.624084,
        "100" : 7.980347,
        "250" : 58.782959,
        "500" : 9.985352,
        "750" : 0.057983,
        "1000" : 0.074768
      },
      "latency_ms" : {
        "2" : 0.465393,
        "4" : 0.033569,
        "10" : 0.010000,
        "20" : 0.000000,
        "50" : 0.000000,
        "100" : 0.000000,
        "250" : 0.000000,
        "500" : 0.000000,
        "750" : 0.000000,
        "1000" : 0.000000,
        "2000" : 0.000000,
        ">=2000" : 0.000000
      },
      "latency_depth" : 1,
      "latency_target" : 0,
      "latency_percentile" : 100.000000,
      "latency_window" : 0
    }
  ]
}
