{
  "fio version" : "fio-3.38",
  "timestamp" : 1729842408,
  "timestamp_ms" : 1729842408544,
  "time" : "Fri Oct 25 09:46:48 2024",
  "jobs" : [
    {
      "jobname" : "Exo1_seq_12.5_rep_4",
      "groupid" : 0,
      "job_start" : 1729842404529,
      "error" : 0,
      "eta" : 0,
      "elapsed" : 5,
      "job options" : {
        "name" : "Exo1_seq_12.5_rep_4",
        "runtime" : "60",
        "numjobs" : "1",
        "rwmixwrite" : "12.5",
        "bs" : "16k",
        "filesize" : "1G",
        "direct" : "1",
        "rw" : "rw"
      },
      "read" : {
        "io_bytes" : 944881664,
        "io_kbytes" : 922736,
        "bw_bytes" : 250897945,
        "bw" : 245017,
        "iops" : 15313.595327,
        "runtime" : 3766,
        "total_ios" : 57671,
        "short_ios" : 0,
        "drop_ios" : 0,
        "slat_ns" : {
          "min" : 0,
          "max" : 0,
          "mean" : 0.000000,
          "stddev" : 0.000000,
          "N" : 0
        },
        "clat_ns" : {
          "min" : 3000,
          "max" : 3367000,
          "mean" : 54436.233115,
          "stddev" : 65359.770941,
          "N" : 57671,
          "percentile" : {
            "1.000000" : 4016,
            "5.000000" : 4016,
            "10.000000" : 4016,
            "20.000000" : 5984,
            "30.000000" : 37120,
            "40.000000" : 37120,
            "50.000000" : 38144,
            "60.000000" : 39168,
            "70.000000" : 55040,
            "80.000000" : 78336,
            "90.000000" : 128512,
            "95.000000" : 144384,
            "99.000000" : 173056,
            "99.500000" : 195584,
            "99.900000" : 962560,
            "99.950000" : 1253376,
            "99.990000" : 1777664
          }
        },
        "lat_ns" : {
          "min" : 3000,
          "max" : 3367000,
          "mean" : 54640.304486,
          "stddev" : 65380.293720,
          "N" : 57671
        },
        "bw_min" : 190944,
        "bw_max" : 215360,
        "bw_agg" : 83.169969,
        "bw_mean" : 203781.000000,
        "bw_dev" : 7935.140852,
        "bw_samples" : 7,
        "iops_min" : 11934,
        "iops_max" : 13460,
        "iops_mean" : 12736.142857,
        "iops_stddev" : 495.866726,
        "iops_samples" : 7
      },
      "write" : {
        "io_bytes" : 128860160,
        "io_kbytes" : 125840,
        "bw_bytes" : 34216718,
        "bw" : 33414,
        "iops" : 2088.422730,
        "runtime" : 3766,
        "total_ios" : 7865,
        "short_ios" : 0,
        "drop_ios" : 0,
        "slat_ns" : {
          "min" : 0,
          "max" : 0,
          "mean" : 0.000000,
          "stddev" : 0.000000,
          "N" : 0
        },
        "clat_ns" : {
          "min" : 50000,
          "max" : 538000,
          "mean" : 62368.086459,
          "stddev" : 22748.568728,
          "N" : 7865,
          "percentile" : {
            "1.000000" : 50944,
            "5.000000" : 50944,
            "10.000000" : 51968,
            "20.000000" : 51968,
            "30.000000" : 52992,
            "40.000000" : 52992,
            "50.000000" : 52992,
            "60.000000" : 54016,
            "70.000000" : 55040,
            "80.000000" : 66048,
            "90.000000" : 94720,
            "95.000000" : 98816,
            "99.000000" : 127488,
            "99.500000" : 142336,
            "99.900000" : 354304,
            "99.950000" : 362496,
            "99.990000" : 536576
          }
        },
        "lat_ns" : {
          "min" : 50000,
          "max" : 538000,
          "mean" : 62777.749523,
          "stddev" : 22734.774639,
          "N" : 7865
        },
        "bw_min" : 26464,
        "bw_max" : 29888,
        "bw_agg" : 83.705515,
        "bw_mean" : 27970.142857,
        "bw_dev" : 1112.873822,
        "bw_samples" : 7,
        "iops_min" : 1654,
        "iops_max" : 1868,
        "iops_mean" : 1748.000000,
        "iops_stddev" : 69.550941,
        "iops_samples" : 7
      },
      "trim" : {
        "io_bytes" : 0,
        "io_kbytes" : 0,
        "bw_bytes" : 0,
        "bw" : 0,
        "iops" : 0.000000,
        "runtime" : 0,
        "total_ios" : 0,
        "short_ios" : 0,
        "drop_ios" : 0,
        "slat_ns" : {
          "min" : 0,
          "max" : 0,
          "mean" : 0.000000,
          "stddev" : 0.000000,
          "N" : 0
        },
        "clat_ns" : {
          "min" : 0,
          "max" : 0,
          "mean" : 0.000000,
          "stddev" : 0.000000,
          "N" : 0
        },
        "lat_ns" : {
          "min" : 0,
          "max" : 0,
          "mean" : 0.000000,
          "stddev" : 0.000000,
          "N" : 0
        },
        "bw_min" : 0,
        "bw_max" : 0,
        "bw_agg" : 0.000000,
        "bw_mean" : 0.000000,
        "bw_dev" : 0.000000,
        "bw_samples" : 0,
        "iops_min" : 0,
        "iops_max" : 0,
        "iops_mean" : 0.000000,
        "iops_stddev" : 0.000000,
        "iops_samples" : 0
      },
      "sync" : {
        "total_ios" : 0,
        "lat_ns" : {
          "min" : 0,
          "max" : 0,
          "mean" : 0.000000,
          "stddev" : 0.000000,
          "N" : 0
        }
      },
      "job_runtime" : 3765,
      "usr_cpu" : 4.833997,
      "sys_cpu" : 31.208499,
      "ctx" : 53540,
      "majf" : 0,
      "minf" : 31,
      "iodepth_level" : {
        "1" : 100.000000,
        "2" : 0.000000,
        "4" : 0.000000,
        "8" : 0.000000,
        "16" : 0.000000,
        "32" : 0.000000,
        ">=64" : 0.000000
      },
      "iodepth_submit" : {
        "0" : 0.000000,
        "4" : 100.000000,
        "8" : 0.000000,
        "16" : 0.000000,
        "32" : 0.000000,
        "64" : 0.000000,
        ">=64" : 0.000000
      },
      "iodepth_complete" : {
        "0" : 0.000000,
        "4" : 100.000000,
        "8" : 0.000000,
        "16" : 0.000000,
        "32" : 0.000000,
        "64" : 0.000000,
        ">=64" : 0.000000
      },
      "latency_ns" : {
        "2" : 0.000000,
        "4" : 0.000000,
        "10" : 0.000000,
        "20" : 0.000000,
        "50" : 0.000000,
        "100" : 0.000000,
        "250" : 0.000000,
        "500" : 0.000000,
        "750" : 0.000000,
        "1000" : 0.000000
      },
      "latency_us" : {
        "2" : 0.000000,
        "4" : 0.277710,
        "10" : 18.228149,
        "20" : 0.012207,
        "50" : 42.753601,
        "100" : 21.907043,
        "250" : 16.543579,
        "500" : 0.083923,
        "750" : 0.076294,
        "1000" : 0.036621
      },
      "latency_ms" : {
        "2" : 0.079346,
        "4" : 0.010000,
        "10" : 0.000000,
        "20" : 0.000000,
        "50" : 0.000000,
        "100" : 0.000000,
        "250" : 0.000000,
        "500" : 0.000000,
        "750" : 0.000000,
        "1000" : 0.000000,
        "2000" : 0.000000,
        ">=2000" : 0.000000
      },
      "latency_depth" : 1,
      "latency_target" : 0,
      "latency_percentile" : 100.000000,
      "latency_window" : 0
    }
  ]
}
