{
  "fio version" : "fio-3.38",
  "timestamp" : 1729842537,
  "timestamp_ms" : 1729842537348,
  "time" : "Fri Oct 25 09:48:57 2024",
  "jobs" : [
    {
      "jobname" : "Exo1_seq_62.5_rep_3",
      "groupid" : 0,
      "job_start" : 1729842530089,
      "error" : 0,
      "eta" : 0,
      "elapsed" : 8,
      "job options" : {
        "name" : "Exo1_seq_62.5_rep_3",
        "runtime" : "60",
        "numjobs" : "1",
        "rwmixwrite" : "62.5",
        "bs" : "16k",
        "filesize" : "1G",
        "direct" : "1",
        "rw" : "rw"
      },
      "read" : {
        "io_bytes" : 407207936,
        "io_kbytes" : 397664,
        "bw_bytes" : 56722097,
        "bw" : 55392,
        "iops" : 3462.042067,
        "runtime" : 7179,
        "total_ios" : 24854,
        "short_ios" : 0,
        "drop_ios" : 0,
        "slat_ns" : {
          "min" : 0,
          "max" : 0,
          "mean" : 0.000000,
          "stddev" : 0.000000,
          "N" : 0
        },
        "clat_ns" : {
          "min" : 37000,
          "max" : 4913000,
          "mean" : 123847.630160,
          "stddev" : 179327.790492,
          "N" : 24854,
          "percentile" : {
            "1.000000" : 37120,
            "5.000000" : 38144,
            "10.000000" : 39168,
            "20.000000" : 41216,
            "30.000000" : 45824,
            "40.000000" : 68096,
            "50.000000" : 95744,
            "60.000000" : 114176,
            "70.000000" : 125440,
            "80.000000" : 160768,
            "90.000000" : 226304,
            "95.000000" : 268288,
            "99.000000" : 1073152,
            "99.500000" : 1400832,
            "99.900000" : 2039808,
            "99.950000" : 2441216,
            "99.990000" : 4358144
          }
        },
        "lat_ns" : {
          "min" : 37000,
          "max" : 4913000,
          "mean" : 124135.269977,
          "stddev" : 179338.691987,
          "N" : 24854
        },
        "bw_min" : 44793,
        "bw_max" : 83360,
        "bw_agg" : 99.616063,
        "bw_mean" : 55180.500000,
        "bw_dev" : 9531.228154,
        "bw_samples" : 14,
        "iops_min" : 2799,
        "iops_max" : 5210,
        "iops_mean" : 3448.571429,
        "iops_stddev" : 595.743196,
        "iops_samples" : 14
      },
      "write" : {
        "io_bytes" : 666533888,
        "io_kbytes" : 650912,
        "bw_bytes" : 92844948,
        "bw" : 90668,
        "iops" : 5666.805962,
        "runtime" : 7179,
        "total_ios" : 40682,
        "short_ios" : 0,
        "drop_ios" : 0,
        "slat_ns" : {
          "min" : 0,
          "max" : 0,
          "mean" : 0.000000,
          "stddev" : 0.000000,
          "N" : 0
        },
        "clat_ns" : {
          "min" : 50000,
          "max" : 1830000,
          "mean" : 95765.424512,
          "stddev" : 37575.337153,
          "N" : 40682,
          "percentile" : {
            "1.000000" : 50944,
            "5.000000" : 50944,
            "10.000000" : 51968,
            "20.000000" : 52992,
            "30.000000" : 57088,
            "40.000000" : 85504,
            "50.000000" : 96768,
            "60.000000" : 105984,
            "70.000000" : 125440,
            "80.000000" : 130560,
            "90.000000" : 140288,
            "95.000000" : 144384,
            "99.000000" : 160768,
            "99.500000" : 179200,
            "99.900000" : 296960,
            "99.950000" : 342016,
            "99.990000" : 440320
          }
        },
        "lat_ns" : {
          "min" : 50000,
          "max" : 1830000,
          "mean" : 96307.334939,
          "stddev" : 37666.273017,
          "N" : 40682
        },
        "bw_min" : 73312,
        "bw_max" : 139136,
        "bw_agg" : 99.498290,
        "bw_mean" : 90214.285714,
        "bw_dev" : 16411.661672,
        "bw_samples" : 14,
        "iops_min" : 4582,
        "iops_max" : 8696,
        "iops_mean" : 5638.214286,
        "iops_stddev" : 1025.762994,
        "iops_samples" : 14
      },
      "trim" : {
        "io_bytes" : 0,
        "io_kbytes" : 0,
        "bw_bytes" : 0,
        "bw" : 0,
        "iops" : 0.000000,
        "runtime" : 0,
        "total_ios" : 0,
        "short_ios" : 0,
        "drop_ios" : 0,
        "slat_ns" : {
          "min" : 0,
          "max" : 0,
          "mean" : 0.000000,
          "stddev" : 0.000000,
          "N" : 0
        },
        "clat_ns" : {
          "min" : 0,
          "max" : 0,
          "mean" : 0.000000,
          "stddev" : 0.000000,
          "N" : 0
        },
        "lat_ns" : {
          "min" : 0,
          "max" : 0,
          "mean" : 0.000000,
          "stddev" : 0.000000,
          "N" : 0
        },
        "bw_min" : 0,
        "bw_max" : 0,
        "bw_agg" : 0.000000,
        "bw_mean" : 0.000000,
        "bw_dev" : 0.000000,
        "bw_samples" : 0,
        "iops_min" : 0,
        "iops_max" : 0,
        "iops_mean" : 0.000000,
        "iops_stddev" : 0.000000,
        "iops_samples" : 0
      },
      "sync" : {
        "total_ios" : 0,
        "lat_ns" : {
          "min" : 0,
          "max" : 0,
          "mean" : 0.000000,
          "stddev" : 0.000000,
          "N" : 0
        }
      },
      "job_runtime" : 7178,
      "usr_cpu" : 3.747562,
      "sys_cpu" : 35.748119,
      "ctx" : 65776,
      "majf" : 0,
      "minf" : 40,
      "iodepth_level" : {
        "1" : 100.000000,
        "2" : 0.000000,
        "4" : 0.000000,
        "8" : 0.000000,
        "16" : 0.000000,
        "32" : 0.000000,
        ">=64" : 0.000000
      },
      "iodepth_submit" : {
        "0" : 0.000000,
        "4" : 100.000000,
        "8" : 0.000000,
        "16" : 0.000000,
        "32" : 0.000000,
        "64" : 0.000000,
        ">=64" : 0.000000
      },
      "iodepth_complete" : {
        "0" : 0.000000,
        "4" : 100.000000,
        "8" : 0.000000,
        "16" : 0.000000,
        "32" : 0.000000,
        "64" : 0.000000,
        ">=64" : 0.000000
      },
      "latency_ns" : {
        "2" : 0.000000,
        "4" : 0.000000,
        "10" : 0.000000,
        "20" : 0.000000,
        "50" : 0.000000,
        "100" : 0.000000,
        "250" : 0.000000,
        "500" : 0.000000,
        "750" : 0.000000,
        "1000" : 0.000000
      },
      "latency_us" : {
        "2" : 0.000000,
        "4" : 0.000000,
        "10" : 0.000000,
        "20" : 0.000000,
        "50" : 13.851929,
        "100" : 38.685608,
        "250" : 44.737244,
        "500" : 2.044678,
        "750" : 0.126648,
        "1000" : 0.137329
      },
      "latency_ms" : {
        "2" : 0.378418,
        "4" : 0.033569,
        "10" : 0.010000,
        "20" : 0.000000,
        "50" : 0.000000,
        "100" : 0.000000,
        "250" : 0.000000,
        "500" : 0.000000,
        "750" : 0.000000,
        "1000" : 0.000000,
        "2000" : 0.000000,
        ">=2000" : 0.000000
      },
      "latency_depth" : 1,
      "latency_target" : 0,
      "latency_percentile" : 100.000000,
      "latency_window" : 0
    }
  ]
}
