{
  "fio version" : "fio-3.38",
  "timestamp" : 1729843023,
  "timestamp_ms" : 1729843023053,
  "time" : "Fri Oct 25 09:57:03 2024",
  "jobs" : [
    {
      "jobname" : "Exo1_rand_87.5_rep_4",
      "groupid" : 0,
      "job_start" : 1729843018895,
      "error" : 0,
      "eta" : 0,
      "elapsed" : 5,
      "job options" : {
        "name" : "Exo1_rand_87.5_rep_4",
        "runtime" : "60",
        "numjobs" : "1",
        "rwmixwrite" : "87.5",
        "bs" : "16k",
        "filesize" : "1G",
        "direct" : "1",
        "rw" : "randrw"
      },
      "read" : {
        "io_bytes" : 140673024,
        "io_kbytes" : 137376,
        "bw_bytes" : 34020078,
        "bw" : 33222,
        "iops" : 2076.420798,
        "runtime" : 4135,
        "total_ios" : 8586,
        "short_ios" : 0,
        "drop_ios" : 0,
        "slat_ns" : {
          "min" : 0,
          "max" : 0,
          "mean" : 0.000000,
          "stddev" : 0.000000,
          "N" : 0
        },
        "clat_ns" : {
          "min" : 4000,
          "max" : 3220000,
          "mean" : 32261.239227,
          "stddev" : 160449.455730,
          "N" : 8586,
          "percentile" : {
            "1.000000" : 4016,
            "5.000000" : 4016,
            "10.000000" : 5024,
            "20.000000" : 5984,
            "30.000000" : 5984,
            "40.000000" : 5984,
            "50.000000" : 5984,
            "60.000000" : 5984,
            "70.000000" : 7008,
            "80.000000" : 7008,
            "90.000000" : 8032,
            "95.000000" : 211968,
            "99.000000" : 716800,
            "99.500000" : 1286144,
            "99.900000" : 2277376,
            "99.950000" : 2375680,
            "99.990000" : 3227648
          }
        },
        "lat_ns" : {
          "min" : 4000,
          "max" : 3220000,
          "mean" : 32496.855346,
          "stddev" : 160447.040167,
          "N" : 8586
        },
        "bw_min" : 31744,
        "bw_max" : 36096,
        "bw_agg" : 99.880406,
        "bw_mean" : 33183.500000,
        "bw_dev" : 1583.538804,
        "bw_samples" : 8,
        "iops_min" : 1984,
        "iops_max" : 2256,
        "iops_mean" : 2073.875000,
        "iops_stddev" : 98.917624,
        "iops_samples" : 8
      },
      "write" : {
        "io_bytes" : 933068800,
        "io_kbytes" : 911200,
        "bw_bytes" : 225651463,
        "bw" : 220362,
        "iops" : 13772.672310,
        "runtime" : 4135,
        "total_ios" : 56950,
        "short_ios" : 0,
        "drop_ios" : 0,
        "slat_ns" : {
          "min" : 0,
          "max" : 0,
          "mean" : 0.000000,
          "stddev" : 0.000000,
          "N" : 0
        },
        "clat_ns" : {
          "min" : 46000,
          "max" : 3376000,
          "mean" : 64969.991220,
          "stddev" : 32242.131373,
          "N" : 56950,
          "percentile" : {
            "1.000000" : 49920,
            "5.000000" : 50944,
            "10.000000" : 50944,
            "20.000000" : 50944,
            "30.000000" : 51968,
            "40.000000" : 51968,
            "50.000000" : 51968,
            "60.000000" : 52992,
            "70.000000" : 54016,
            "80.000000" : 83456,
            "90.000000" : 96768,
            "95.000000" : 125440,
            "99.000000" : 183296,
            "99.500000" : 209920,
            "99.900000" : 292864,
            "99.950000" : 337920,
            "99.990000" : 536576
          }
        },
        "lat_ns" : {
          "min" : 46000,
          "max" : 3376000,
          "mean" : 65400.948200,
          "stddev" : 32245.461807,
          "N" : 56950
        },
        "bw_min" : 211424,
        "bw_max" : 238688,
        "bw_agg" : 100.000000,
        "bw_mean" : 220463.500000,
        "bw_dev" : 9011.536590,
        "bw_samples" : 8,
        "iops_min" : 13214,
        "iops_max" : 14918,
        "iops_mean" : 13778.875000,
        "iops_stddev" : 563.156268,
        "iops_samples" : 8
      },
      "trim" : {
        "io_bytes" : 0,
        "io_kbytes" : 0,
        "bw_bytes" : 0,
        "bw" : 0,
        "iops" : 0.000000,
        "runtime" : 0,
        "total_ios" : 0,
        "short_ios" : 0,
        "drop_ios" : 0,
        "slat_ns" : {
          "min" : 0,
          "max" : 0,
          "mean" : 0.000000,
          "stddev" : 0.000000,
          "N" : 0
        },
        "clat_ns" : {
          "min" : 0,
          "max" : 0,
          "mean" : 0.000000,
          "stddev" : 0.000000,
          "N" : 0
        },
        "lat_ns" : {
          "min" : 0,
          "max" : 0,
          "mean" : 0.000000,
          "stddev" : 0.000000,
          "N" : 0
        },
        "bw_min" : 0,
        "bw_max" : 0,
        "bw_agg" : 0.000000,
        "bw_mean" : 0.000000,
        "bw_dev" : 0.000000,
        "bw_samples" : 0,
        "iops_min" : 0,
        "iops_max" : 0,
        "iops_mean" : 0.000000,
        "iops_stddev" : 0.000000,
        "iops_samples" : 0
      },
      "sync" : {
        "total_ios" : 0,
        "lat_ns" : {
          "min" : 0,
          "max" : 0,
          "mean" : 0.000000,
          "stddev" : 0.000000,
          "N" : 0
        }
      },
      "job_runtime" : 4134,
      "usr_cpu" : 5.273343,
      "sys_cpu" : 43.710692,
      "ctx" : 57694,
      "majf" : 0,
      "minf" : 30,
      "iodepth_level" : {
        "1" : 100.000000,
        "2" : 0.000000,
        "4" : 0.000000,
        "8" : 0.000000,
        "16" : 0.000000,
        "32" : 0.000000,
        ">=64" : 0.000000
      },
      "iodepth_submit" : {
        "0" : 0.000000,
        "4" : 100.000000,
        "8" : 0.000000,
        "16" : 0.000000,
        "32" : 0.000000,
        "64" : 0.000000,
        ">=64" : 0.000000
      },
      "iodepth_complete" : {
        "0" : 0.000000,
        "4" : 100.000000,
        "8" : 0.000000,
        "16" : 0.000000,
        "32" : 0.000000,
        "64" : 0.000000,
        ">=64" : 0.000000
      },
      "latency_ns" : {
        "2" : 0.000000,
        "4" : 0.000000,
        "10" : 0.000000,
        "20" : 0.000000,
        "50" : 0.000000,
        "100" : 0.000000,
        "250" : 0.000000,
        "500" : 0.000000,
        "750" : 0.000000,
        "1000" : 0.000000
      },
      "latency_us" : {
        "2" : 0.000000,
        "4" : 0.000000,
        "10" : 12.123108,
        "20" : 0.178528,
        "50" : 0.172424,
        "100" : 79.090881,
        "250" : 7.882690,
        "500" : 0.392151,
        "750" : 0.028992,
        "1000" : 0.027466
      },
      "latency_ms" : {
        "2" : 0.074768,
        "4" : 0.028992,
        "10" : 0.000000,
        "20" : 0.000000,
        "50" : 0.000000,
        "100" : 0.000000,
        "250" : 0.000000,
        "500" : 0.000000,
        "750" : 0.000000,
        "1000" : 0.000000,
        "2000" : 0.000000,
        ">=2000" : 0.000000
      },
      "latency_depth" : 1,
      "latency_target" : 0,
      "latency_percentile" : 100.000000,
      "latency_window" : 0
    }
  ]
}
