{
  "fio version" : "fio-3.38",
  "timestamp" : 1729842793,
  "timestamp_ms" : 1729842793589,
  "time" : "Fri Oct 25 09:53:13 2024",
  "jobs" : [
    {
      "jobname" : "Exo1_rand_25_rep_5",
      "groupid" : 0,
      "job_start" : 1729842783845,
      "error" : 0,
      "eta" : 0,
      "elapsed" : 10,
      "job options" : {
        "name" : "Exo1_rand_25_rep_5",
        "runtime" : "60",
        "numjobs" : "1",
        "rwmixwrite" : "25",
        "bs" : "16k",
        "filesize" : "1G",
        "direct" : "1",
        "rw" : "randrw"
      },
      "read" : {
        "io_bytes" : 805126144,
        "io_kbytes" : 786256,
        "bw_bytes" : 84332894,
        "bw" : 82356,
        "iops" : 5147.271394,
        "runtime" : 9547,
        "total_ios" : 49141,
        "short_ios" : 0,
        "drop_ios" : 0,
        "slat_ns" : {
          "min" : 0,
          "max" : 0,
          "mean" : 0.000000,
          "stddev" : 0.000000,
          "N" : 0
        },
        "clat_ns" : {
          "min" : 4000,
          "max" : 5114000,
          "mean" : 148996.316721,
          "stddev" : 141364.148328,
          "N" : 49141,
          "percentile" : {
            "1.000000" : 5024,
            "5.000000" : 7008,
            "10.000000" : 7008,
            "20.000000" : 9024,
            "30.000000" : 10944,
            "40.000000" : 144384,
            "50.000000" : 181248,
            "60.000000" : 205824,
            "70.000000" : 222208,
            "80.000000" : 238592,
            "90.000000" : 257024,
            "95.000000" : 272384,
            "99.000000" : 366592,
            "99.500000" : 782336,
            "99.900000" : 1515520,
            "99.950000" : 1957888,
            "99.990000" : 3031040
          }
        },
        "lat_ns" : {
          "min" : 4000,
          "max" : 5114000,
          "mean" : 149317.637004,
          "stddev" : 141378.418308,
          "N" : 49141
        },
        "bw_min" : 69888,
        "bw_max" : 97714,
        "bw_agg" : 100.000000,
        "bw_mean" : 82371.105263,
        "bw_dev" : 5967.157120,
        "bw_samples" : 19,
        "iops_min" : 4368,
        "iops_max" : 6107,
        "iops_mean" : 5148.000000,
        "iops_stddev" : 372.966933,
        "iops_samples" : 19
      },
      "write" : {
        "io_bytes" : 268615680,
        "io_kbytes" : 262320,
        "bw_bytes" : 28136134,
        "bw" : 27476,
        "iops" : 1717.293391,
        "runtime" : 9547,
        "total_ios" : 16395,
        "short_ios" : 0,
        "drop_ios" : 0,
        "slat_ns" : {
          "min" : 0,
          "max" : 0,
          "mean" : 0.000000,
          "stddev" : 0.000000,
          "N" : 0
        },
        "clat_ns" : {
          "min" : 52000,
          "max" : 31978000,
          "mean" : 122224.946630,
          "stddev" : 252062.987542,
          "N" : 16395,
          "percentile" : {
            "1.000000" : 54016,
            "5.000000" : 67072,
            "10.000000" : 80384,
            "20.000000" : 105984,
            "30.000000" : 119296,
            "40.000000" : 120320,
            "50.000000" : 121344,
            "60.000000" : 122368,
            "70.000000" : 123392,
            "80.000000" : 129536,
            "90.000000" : 144384,
            "95.000000" : 150528,
            "99.000000" : 234496,
            "99.500000" : 342016,
            "99.900000" : 374784,
            "99.950000" : 440320,
            "99.990000" : 2441216
          }
        },
        "lat_ns" : {
          "min" : 52000,
          "max" : 31978000,
          "mean" : 122815.553522,
          "stddev" : 252068.141959,
          "N" : 16395
        },
        "bw_min" : 23968,
        "bw_max" : 33365,
        "bw_agg" : 100.000000,
        "bw_mean" : 27485.947368,
        "bw_dev" : 2085.991677,
        "bw_samples" : 19,
        "iops_min" : 1498,
        "iops_max" : 2085,
        "iops_mean" : 1717.736842,
        "iops_stddev" : 130.332414,
        "iops_samples" : 19
      },
      "trim" : {
        "io_bytes" : 0,
        "io_kbytes" : 0,
        "bw_bytes" : 0,
        "bw" : 0,
        "iops" : 0.000000,
        "runtime" : 0,
        "total_ios" : 0,
        "short_ios" : 0,
        "drop_ios" : 0,
        "slat_ns" : {
          "min" : 0,
          "max" : 0,
          "mean" : 0.000000,
          "stddev" : 0.000000,
          "N" : 0
        },
        "clat_ns" : {
          "min" : 0,
          "max" : 0,
          "mean" : 0.000000,
          "stddev" : 0.000000,
          "N" : 0
        },
        "lat_ns" : {
          "min" : 0,
          "max" : 0,
          "mean" : 0.000000,
          "stddev" : 0.000000,
          "N" : 0
        },
        "bw_min" : 0,
        "bw_max" : 0,
        "bw_agg" : 0.000000,
        "bw_mean" : 0.000000,
        "bw_dev" : 0.000000,
        "bw_samples" : 0,
        "iops_min" : 0,
        "iops_max" : 0,
        "iops_mean" : 0.000000,
        "iops_stddev" : 0.000000,
        "iops_samples" : 0
      },
      "sync" : {
        "total_ios" : 0,
        "lat_ns" : {
          "min" : 0,
          "max" : 0,
          "mean" : 0.000000,
          "stddev" : 0.000000,
          "N" : 0
        }
      },
      "job_runtime" : 9546,
      "usr_cpu" : 3.278860,
      "sys_cpu" : 21.380683,
      "ctx" : 48727,
      "majf" : 0,
      "minf" : 32,
      "iodepth_level" : {
        "1" : 100.000000,
        "2" : 0.000000,
        "4" : 0.000000,
        "8" : 0.000000,
        "16" : 0.000000,
        "32" : 0.000000,
        ">=64" : 0.000000
      },
      "iodepth_submit" : {
        "0" : 0.000000,
        "4" : 100.000000,
        "8" : 0.000000,
        "16" : 0.000000,
        "32" : 0.000000,
        "64" : 0.000000,
        ">=64" : 0.000000
      },
      "iodepth_complete" : {
        "0" : 0.000000,
        "4" : 100.000000,
        "8" : 0.000000,
        "16" : 0.000000,
        "32" : 0.000000,
        "64" : 0.000000,
        ">=64" : 0.000000
      },
      "latency_ns" : {
        "2" : 0.000000,
        "4" : 0.000000,
        "10" : 0.000000,
        "20" : 0.000000,
        "50" : 0.000000,
        "100" : 0.000000,
        "250" : 0.000000,
        "500" : 0.000000,
        "750" : 0.000000,
        "1000" : 0.000000
      },
      "latency_us" : {
        "2" : 0.000000,
        "4" : 0.000000,
        "10" : 19.084167,
        "20" : 6.391907,
        "50" : 0.532532,
        "100" : 3.993225,
        "250" : 59.304810,
        "500" : 10.095215,
        "750" : 0.213623,
        "1000" : 0.032043
      },
      "latency_ms" : {
        "2" : 0.320435,
        "4" : 0.027466,
        "10" : 0.010000,
        "20" : 0.000000,
        "50" : 0.010000,
        "100" : 0.000000,
        "250" : 0.000000,
        "500" : 0.000000,
        "750" : 0.000000,
        "1000" : 0.000000,
        "2000" : 0.000000,
        ">=2000" : 0.000000
      },
      "latency_depth" : 1,
      "latency_target" : 0,
      "latency_percentile" : 100.000000,
      "latency_window" : 0
    }
  ]
}
