{
  "fio version" : "fio-3.38",
  "timestamp" : 1729842597,
  "timestamp_ms" : 1729842597095,
  "time" : "Fri Oct 25 09:49:57 2024",
  "jobs" : [
    {
      "jobname" : "Exo1_seq_87.5_rep_1",
      "groupid" : 0,
      "job_start" : 1729842591587,
      "error" : 0,
      "eta" : 0,
      "elapsed" : 6,
      "job options" : {
        "name" : "Exo1_seq_87.5_rep_1",
        "runtime" : "60",
        "numjobs" : "1",
        "rwmixwrite" : "87.5",
        "bs" : "16k",
        "filesize" : "1G",
        "direct" : "1",
        "rw" : "rw"
      },
      "read" : {
        "io_bytes" : 140673024,
        "io_kbytes" : 137376,
        "bw_bytes" : 25992798,
        "bw" : 25383,
        "iops" : 1586.474501,
        "runtime" : 5412,
        "total_ios" : 8586,
        "short_ios" : 0,
        "drop_ios" : 0,
        "slat_ns" : {
          "min" : 0,
          "max" : 0,
          "mean" : 0.000000,
          "stddev" : 0.000000,
          "N" : 0
        },
        "clat_ns" : {
          "min" : 37000,
          "max" : 4921000,
          "mean" : 122203.703704,
          "stddev" : 227858.657290,
          "N" : 8586,
          "percentile" : {
            "1.000000" : 38144,
            "5.000000" : 38144,
            "10.000000" : 39168,
            "20.000000" : 39168,
            "30.000000" : 40192,
            "40.000000" : 41216,
            "50.000000" : 44800,
            "60.000000" : 77312,
            "70.000000" : 114176,
            "80.000000" : 166912,
            "90.000000" : 226304,
            "95.000000" : 276480,
            "99.000000" : 1286144,
            "99.500000" : 1728512,
            "99.900000" : 2539520,
            "99.950000" : 3031040,
            "99.990000" : 4947968
          }
        },
        "lat_ns" : {
          "min" : 37000,
          "max" : 4921000,
          "mean" : 122463.079432,
          "stddev" : 227855.732693,
          "N" : 8586
        },
        "bw_min" : 21056,
        "bw_max" : 29696,
        "bw_agg" : 99.958273,
        "bw_mean" : 25373.900000,
        "bw_dev" : 2705.628966,
        "bw_samples" : 10,
        "iops_min" : 1316,
        "iops_max" : 1856,
        "iops_mean" : 1585.800000,
        "iops_stddev" : 169.074474,
        "iops_samples" : 10
      },
      "write" : {
        "io_bytes" : 933068800,
        "io_kbytes" : 911200,
        "bw_bytes" : 172407390,
        "bw" : 168366,
        "iops" : 10522.912047,
        "runtime" : 5412,
        "total_ios" : 56950,
        "short_ios" : 0,
        "drop_ios" : 0,
        "slat_ns" : {
          "min" : 0,
          "max" : 0,
          "mean" : 0.000000,
          "stddev" : 0.000000,
          "N" : 0
        },
        "clat_ns" : {
          "min" : 46000,
          "max" : 723000,
          "mean" : 73528.463565,
          "stddev" : 32430.035468,
          "N" : 56950,
          "percentile" : {
            "1.000000" : 49920,
            "5.000000" : 50944,
            "10.000000" : 50944,
            "20.000000" : 50944,
            "30.000000" : 51968,
            "40.000000" : 51968,
            "50.000000" : 51968,
            "60.000000" : 55040,
            "70.000000" : 88576,
            "80.000000" : 103936,
            "90.000000" : 126464,
            "95.000000" : 129536,
            "99.000000" : 142336,
            "99.500000" : 152576,
            "99.900000" : 236544,
            "99.950000" : 325632,
            "99.990000" : 552960
          }
        },
        "lat_ns" : {
          "min" : 46000,
          "max" : 726000,
          "mean" : 74001.878841,
          "stddev" : 32475.000022,
          "N" : 56950
        },
        "bw_min" : 148480,
        "bw_max" : 197408,
        "bw_agg" : 100.000000,
        "bw_mean" : 168531.400000,
        "bw_dev" : 13829.154712,
        "bw_samples" : 10,
        "iops_min" : 9280,
        "iops_max" : 12338,
        "iops_mean" : 10533.200000,
        "iops_stddev" : 864.315889,
        "iops_samples" : 10
      },
      "trim" : {
        "io_bytes" : 0,
        "io_kbytes" : 0,
        "bw_bytes" : 0,
        "bw" : 0,
        "iops" : 0.000000,
        "runtime" : 0,
        "total_ios" : 0,
        "short_ios" : 0,
        "drop_ios" : 0,
        "slat_ns" : {
          "min" : 0,
          "max" : 0,
          "mean" : 0.000000,
          "stddev" : 0.000000,
          "N" : 0
        },
        "clat_ns" : {
          "min" : 0,
          "max" : 0,
          "mean" : 0.000000,
          "stddev" : 0.000000,
          "N" : 0
        },
        "lat_ns" : {
          "min" : 0,
          "max" : 0,
          "mean" : 0.000000,
          "stddev" : 0.000000,
          "N" : 0
        },
        "bw_min" : 0,
        "bw_max" : 0,
        "bw_agg" : 0.000000,
        "bw_mean" : 0.000000,
        "bw_dev" : 0.000000,
        "bw_samples" : 0,
        "iops_min" : 0,
        "iops_max" : 0,
        "iops_mean" : 0.000000,
        "iops_stddev" : 0.000000,
        "iops_samples" : 0
      },
      "sync" : {
        "total_ios" : 0,
        "lat_ns" : {
          "min" : 0,
          "max" : 0,
          "mean" : 0.000000,
          "stddev" : 0.000000,
          "N" : 0
        }
      },
      "job_runtime" : 5411,
      "usr_cpu" : 4.416928,
      "sys_cpu" : 40.953613,
      "ctx" : 65699,
      "majf" : 0,
      "minf" : 31,
      "iodepth_level" : {
        "1" : 100.000000,
        "2" : 0.000000,
        "4" : 0.000000,
        "8" : 0.000000,
        "16" : 0.000000,
        "32" : 0.000000,
        ">=64" : 0.000000
      },
      "iodepth_submit" : {
        "0" : 0.000000,
        "4" : 100.000000,
        "8" : 0.000000,
        "16" : 0.000000,
        "32" : 0.000000,
        "64" : 0.000000,
        ">=64" : 0.000000
      },
      "iodepth_complete" : {
        "0" : 0.000000,
        "4" : 100.000000,
        "8" : 0.000000,
        "16" : 0.000000,
        "32" : 0.000000,
        "64" : 0.000000,
        ">=64" : 0.000000
      },
      "latency_ns" : {
        "2" : 0.000000,
        "4" : 0.000000,
        "10" : 0.000000,
        "20" : 0.000000,
        "50" : 0.000000,
        "100" : 0.000000,
        "250" : 0.000000,
        "500" : 0.000000,
        "750" : 0.000000,
        "1000" : 0.000000
      },
      "latency_us" : {
        "2" : 0.000000,
        "4" : 0.000000,
        "10" : 0.000000,
        "20" : 0.000000,
        "50" : 7.081604,
        "100" : 69.401550,
        "250" : 22.584534,
        "500" : 0.598145,
        "750" : 0.061035,
        "1000" : 0.067139
      },
      "latency_ms" : {
        "2" : 0.164795,
        "4" : 0.036621,
        "10" : 0.010000,
        "20" : 0.000000,
        "50" : 0.000000,
        "100" : 0.000000,
        "250" : 0.000000,
        "500" : 0.000000,
        "750" : 0.000000,
        "1000" : 0.000000,
        "2000" : 0.000000,
        ">=2000" : 0.000000
      },
      "latency_depth" : 1,
      "latency_target" : 0,
      "latency_percentile" : 100.000000,
      "latency_window" : 0
    }
  ]
}
