{
  "fio version" : "fio-3.38",
  "timestamp" : 1729842439,
  "timestamp_ms" : 1729842439273,
  "time" : "Fri Oct 25 09:47:19 2024",
  "jobs" : [
    {
      "jobname" : "Exo1_seq_25_rep_4",
      "groupid" : 0,
      "job_start" : 1729842434516,
      "error" : 0,
      "eta" : 0,
      "elapsed" : 5,
      "job options" : {
        "name" : "Exo1_seq_25_rep_4",
        "runtime" : "60",
        "numjobs" : "1",
        "rwmixwrite" : "25",
        "bs" : "16k",
        "filesize" : "1G",
        "direct" : "1",
        "rw" : "rw"
      },
      "read" : {
        "io_bytes" : 805126144,
        "io_kbytes" : 786256,
        "bw_bytes" : 177262471,
        "bw" : 173107,
        "iops" : 10819.242624,
        "runtime" : 4542,
        "total_ios" : 49141,
        "short_ios" : 0,
        "drop_ios" : 0,
        "slat_ns" : {
          "min" : 0,
          "max" : 0,
          "mean" : 0.000000,
          "stddev" : 0.000000,
          "N" : 0
        },
        "clat_ns" : {
          "min" : 3000,
          "max" : 5001000,
          "mean" : 68819.804237,
          "stddev" : 92116.189986,
          "N" : 49141,
          "percentile" : {
            "1.000000" : 4016,
            "5.000000" : 4016,
            "10.000000" : 5984,
            "20.000000" : 37120,
            "30.000000" : 38144,
            "40.000000" : 38144,
            "50.000000" : 39168,
            "60.000000" : 41216,
            "70.000000" : 78336,
            "80.000000" : 116224,
            "90.000000" : 136192,
            "95.000000" : 156672,
            "99.000000" : 232448,
            "99.500000" : 280576,
            "99.900000" : 1335296,
            "99.950000" : 1662976,
            "99.990000" : 2088960
          }
        },
        "lat_ns" : {
          "min" : 3000,
          "max" : 5001000,
          "mean" : 69014.183676,
          "stddev" : 92126.295467,
          "N" : 49141
        },
        "bw_min" : 134784,
        "bw_max" : 259456,
        "bw_agg" : 98.214477,
        "bw_mean" : 170017.555556,
        "bw_dev" : 37105.724515,
        "bw_samples" : 9,
        "iops_min" : 8424,
        "iops_max" : 16216,
        "iops_mean" : 10626.000000,
        "iops_stddev" : 2319.088776,
        "iops_samples" : 9
      },
      "write" : {
        "io_bytes" : 268615680,
        "io_kbytes" : 262320,
        "bw_bytes" : 59140396,
        "bw" : 57754,
        "iops" : 3609.643329,
        "runtime" : 4542,
        "total_ios" : 16395,
        "short_ios" : 0,
        "drop_ios" : 0,
        "slat_ns" : {
          "min" : 0,
          "max" : 0,
          "mean" : 0.000000,
          "stddev" : 0.000000,
          "N" : 0
        },
        "clat_ns" : {
          "min" : 49000,
          "max" : 607000,
          "mean" : 62050.015249,
          "stddev" : 23533.898817,
          "N" : 16395,
          "percentile" : {
            "1.000000" : 49920,
            "5.000000" : 50944,
            "10.000000" : 50944,
            "20.000000" : 51968,
            "30.000000" : 51968,
            "40.000000" : 51968,
            "50.000000" : 52992,
            "60.000000" : 52992,
            "70.000000" : 54016,
            "80.000000" : 59136,
            "90.000000" : 96768,
            "95.000000" : 113152,
            "99.000000" : 132096,
            "99.500000" : 144384,
            "99.900000" : 292864,
            "99.950000" : 325632,
            "99.990000" : 415744
          }
        },
        "lat_ns" : {
          "min" : 50000,
          "max" : 607000,
          "mean" : 62468.435499,
          "stddev" : 23565.078924,
          "N" : 16395
        },
        "bw_min" : 44960,
        "bw_max" : 86272,
        "bw_agg" : 98.112187,
        "bw_mean" : 56664.666667,
        "bw_dev" : 12216.064751,
        "bw_samples" : 9,
        "iops_min" : 2810,
        "iops_max" : 5392,
        "iops_mean" : 3541.444444,
        "iops_stddev" : 763.495107,
        "iops_samples" : 9
      },
      "trim" : {
        "io_bytes" : 0,
        "io_kbytes" : 0,
        "bw_bytes" : 0,
        "bw" : 0,
        "iops" : 0.000000,
        "runtime" : 0,
        "total_ios" : 0,
        "short_ios" : 0,
        "drop_ios" : 0,
        "slat_ns" : {
          "min" : 0,
          "max" : 0,
          "mean" : 0.000000,
          "stddev" : 0.000000,
          "N" : 0
        },
        "clat_ns" : {
          "min" : 0,
          "max" : 0,
          "mean" : 0.000000,
          "stddev" : 0.000000,
          "N" : 0
        },
        "lat_ns" : {
          "min" : 0,
          "max" : 0,
          "mean" : 0.000000,
          "stddev" : 0.000000,
          "N" : 0
        },
        "bw_min" : 0,
        "bw_max" : 0,
        "bw_agg" : 0.000000,
        "bw_mean" : 0.000000,
        "bw_dev" : 0.000000,
        "bw_samples" : 0,
        "iops_min" : 0,
        "iops_max" : 0,
        "iops_mean" : 0.000000,
        "iops_stddev" : 0.000000,
        "iops_samples" : 0
      },
      "sync" : {
        "total_ios" : 0,
        "lat_ns" : {
          "min" : 0,
          "max" : 0,
          "mean" : 0.000000,
          "stddev" : 0.000000,
          "N" : 0
        }
      },
      "job_runtime" : 4541,
      "usr_cpu" : 4.140057,
      "sys_cpu" : 32.900242,
      "ctx" : 60121,
      "majf" : 0,
      "minf" : 35,
      "iodepth_level" : {
        "1" : 100.000000,
        "2" : 0.000000,
        "4" : 0.000000,
        "8" : 0.000000,
        "16" : 0.000000,
        "32" : 0.000000,
        ">=64" : 0.000000
      },
      "iodepth_submit" : {
        "0" : 0.000000,
        "4" : 100.000000,
        "8" : 0.000000,
        "16" : 0.000000,
        "32" : 0.000000,
        "64" : 0.000000,
        ">=64" : 0.000000
      },
      "iodepth_complete" : {
        "0" : 0.000000,
        "4" : 100.000000,
        "8" : 0.000000,
        "16" : 0.000000,
        "32" : 0.000000,
        "64" : 0.000000,
        ">=64" : 0.000000
      },
      "latency_ns" : {
        "2" : 0.000000,
        "4" : 0.000000,
        "10" : 0.000000,
        "20" : 0.000000,
        "50" : 0.000000,
        "100" : 0.000000,
        "250" : 0.000000,
        "500" : 0.000000,
        "750" : 0.000000,
        "1000" : 0.000000
      },
      "latency_us" : {
        "2" : 0.000000,
        "4" : 0.131226,
        "10" : 8.299255,
        "20" : 0.022888,
        "50" : 38.694763,
        "100" : 31.484985,
        "250" : 20.771790,
        "500" : 0.300598,
        "750" : 0.025940,
        "1000" : 0.073242
      },
      "latency_ms" : {
        "2" : 0.186157,
        "4" : 0.010000,
        "10" : 0.010000,
        "20" : 0.000000,
        "50" : 0.000000,
        "100" : 0.000000,
        "250" : 0.000000,
        "500" : 0.000000,
        "750" : 0.000000,
        "1000" : 0.000000,
        "2000" : 0.000000,
        ">=2000" : 0.000000
      },
      "latency_depth" : 1,
      "latency_target" : 0,
      "latency_percentile" : 100.000000,
      "latency_window" : 0
    }
  ]
}
