{
  "fio version" : "fio-3.38",
  "timestamp" : 1729842552,
  "timestamp_ms" : 1729842552789,
  "time" : "Fri Oct 25 09:49:12 2024",
  "jobs" : [
    {
      "jobname" : "Exo1_seq_62.5_rep_5",
      "groupid" : 0,
      "job_start" : 1729842546287,
      "error" : 0,
      "eta" : 0,
      "elapsed" : 7,
      "job options" : {
        "name" : "Exo1_seq_62.5_rep_5",
        "runtime" : "60",
        "numjobs" : "1",
        "rwmixwrite" : "62.5",
        "bs" : "16k",
        "filesize" : "1G",
        "direct" : "1",
        "rw" : "rw"
      },
      "read" : {
        "io_bytes" : 407207936,
        "io_kbytes" : 397664,
        "bw_bytes" : 63925892,
        "bw" : 62427,
        "iops" : 3901.726845,
        "runtime" : 6370,
        "total_ios" : 24854,
        "short_ios" : 0,
        "drop_ios" : 0,
        "slat_ns" : {
          "min" : 0,
          "max" : 0,
          "mean" : 0.000000,
          "stddev" : 0.000000,
          "N" : 0
        },
        "clat_ns" : {
          "min" : 8000,
          "max" : 4846000,
          "mean" : 107753.761970,
          "stddev" : 154885.004000,
          "N" : 24854,
          "percentile" : {
            "1.000000" : 37120,
            "5.000000" : 38144,
            "10.000000" : 38144,
            "20.000000" : 39168,
            "30.000000" : 40192,
            "40.000000" : 43776,
            "50.000000" : 68096,
            "60.000000" : 108032,
            "70.000000" : 116224,
            "80.000000" : 148480,
            "90.000000" : 203776,
            "95.000000" : 254976,
            "99.000000" : 733184,
            "99.500000" : 1236992,
            "99.900000" : 1957888,
            "99.950000" : 2244608,
            "99.990000" : 3719168
          }
        },
        "lat_ns" : {
          "min" : 8000,
          "max" : 4847000,
          "mean" : 107964.432285,
          "stddev" : 154897.887114,
          "N" : 24854
        },
        "bw_min" : 43488,
        "bw_max" : 94204,
        "bw_agg" : 99.172435,
        "bw_mean" : 61911.083333,
        "bw_dev" : 14344.730724,
        "bw_samples" : 12,
        "iops_min" : 2718,
        "iops_max" : 5887,
        "iops_mean" : 3869.333333,
        "iops_stddev" : 896.315522,
        "iops_samples" : 12
      },
      "write" : {
        "io_bytes" : 666533888,
        "io_kbytes" : 650912,
        "bw_bytes" : 104636403,
        "bw" : 102183,
        "iops" : 6386.499215,
        "runtime" : 6370,
        "total_ios" : 40682,
        "short_ios" : 0,
        "drop_ios" : 0,
        "slat_ns" : {
          "min" : 0,
          "max" : 0,
          "mean" : 0.000000,
          "stddev" : 0.000000,
          "N" : 0
        },
        "clat_ns" : {
          "min" : 46000,
          "max" : 33574000,
          "mean" : 85955.336512,
          "stddev" : 170947.817362,
          "N" : 40682,
          "percentile" : {
            "1.000000" : 49920,
            "5.000000" : 50944,
            "10.000000" : 50944,
            "20.000000" : 51968,
            "30.000000" : 52992,
            "40.000000" : 55040,
            "50.000000" : 78336,
            "60.000000" : 95744,
            "70.000000" : 103936,
            "80.000000" : 125440,
            "90.000000" : 132096,
            "95.000000" : 140288,
            "99.000000" : 156672,
            "99.500000" : 162816,
            "99.900000" : 284672,
            "99.950000" : 325632,
            "99.990000" : 1630208
          }
        },
        "lat_ns" : {
          "min" : 47000,
          "max" : 33574000,
          "mean" : 86467.430313,
          "stddev" : 170963.161182,
          "N" : 40682
        },
        "bw_min" : 69536,
        "bw_max" : 156120,
        "bw_agg" : 99.094783,
        "bw_mean" : 101259.500000,
        "bw_dev" : 23956.995807,
        "bw_samples" : 12,
        "iops_min" : 4346,
        "iops_max" : 9757,
        "iops_mean" : 6328.666667,
        "iops_stddev" : 1497.192302,
        "iops_samples" : 12
      },
      "trim" : {
        "io_bytes" : 0,
        "io_kbytes" : 0,
        "bw_bytes" : 0,
        "bw" : 0,
        "iops" : 0.000000,
        "runtime" : 0,
        "total_ios" : 0,
        "short_ios" : 0,
        "drop_ios" : 0,
        "slat_ns" : {
          "min" : 0,
          "max" : 0,
          "mean" : 0.000000,
          "stddev" : 0.000000,
          "N" : 0
        },
        "clat_ns" : {
          "min" : 0,
          "max" : 0,
          "mean" : 0.000000,
          "stddev" : 0.000000,
          "N" : 0
        },
        "lat_ns" : {
          "min" : 0,
          "max" : 0,
          "mean" : 0.000000,
          "stddev" : 0.000000,
          "N" : 0
        },
        "bw_min" : 0,
        "bw_max" : 0,
        "bw_agg" : 0.000000,
        "bw_mean" : 0.000000,
        "bw_dev" : 0.000000,
        "bw_samples" : 0,
        "iops_min" : 0,
        "iops_max" : 0,
        "iops_mean" : 0.000000,
        "iops_stddev" : 0.000000,
        "iops_samples" : 0
      },
      "sync" : {
        "total_ios" : 0,
        "lat_ns" : {
          "min" : 0,
          "max" : 0,
          "mean" : 0.000000,
          "stddev" : 0.000000,
          "N" : 0
        }
      },
      "job_runtime" : 6369,
      "usr_cpu" : 3.956665,
      "sys_cpu" : 36.426441,
      "ctx" : 65751,
      "majf" : 0,
      "minf" : 32,
      "iodepth_level" : {
        "1" : 100.000000,
        "2" : 0.000000,
        "4" : 0.000000,
        "8" : 0.000000,
        "16" : 0.000000,
        "32" : 0.000000,
        ">=64" : 0.000000
      },
      "iodepth_submit" : {
        "0" : 0.000000,
        "4" : 100.000000,
        "8" : 0.000000,
        "16" : 0.000000,
        "32" : 0.000000,
        "64" : 0.000000,
        ">=64" : 0.000000
      },
      "iodepth_complete" : {
        "0" : 0.000000,
        "4" : 100.000000,
        "8" : 0.000000,
        "16" : 0.000000,
        "32" : 0.000000,
        "64" : 0.000000,
        ">=64" : 0.000000
      },
      "latency_ns" : {
        "2" : 0.000000,
        "4" : 0.000000,
        "10" : 0.000000,
        "20" : 0.000000,
        "50" : 0.000000,
        "100" : 0.000000,
        "250" : 0.000000,
        "500" : 0.000000,
        "750" : 0.000000,
        "1000" : 0.000000
      },
      "latency_us" : {
        "2" : 0.000000,
        "4" : 0.000000,
        "10" : 0.010000,
        "20" : 0.010000,
        "50" : 17.753601,
        "100" : 45.838928,
        "250" : 34.236145,
        "500" : 1.696777,
        "750" : 0.088501,
        "1000" : 0.082397
      },
      "latency_ms" : {
        "2" : 0.260925,
        "4" : 0.033569,
        "10" : 0.010000,
        "20" : 0.000000,
        "50" : 0.010000,
        "100" : 0.000000,
        "250" : 0.000000,
        "500" : 0.000000,
        "750" : 0.000000,
        "1000" : 0.000000,
        "2000" : 0.000000,
        ">=2000" : 0.000000
      },
      "latency_depth" : 1,
      "latency_target" : 0,
      "latency_percentile" : 100.000000,
      "latency_window" : 0
    }
  ]
}
