{
  "fio version" : "fio-3.38",
  "timestamp" : 1729842837,
  "timestamp_ms" : 1729842837038,
  "time" : "Fri Oct 25 09:53:57 2024",
  "jobs" : [
    {
      "jobname" : "Exo1_rand_37.5_rep_4",
      "groupid" : 0,
      "job_start" : 1729842827812,
      "error" : 0,
      "eta" : 0,
      "elapsed" : 10,
      "job options" : {
        "name" : "Exo1_rand_37.5_rep_4",
        "runtime" : "60",
        "numjobs" : "1",
        "rwmixwrite" : "37.5",
        "bs" : "16k",
        "filesize" : "1G",
        "direct" : "1",
        "rw" : "randrw"
      },
      "read" : {
        "io_bytes" : 676413440,
        "io_kbytes" : 660560,
        "bw_bytes" : 73795924,
        "bw" : 72066,
        "iops" : 4504.145756,
        "runtime" : 9166,
        "total_ios" : 41285,
        "short_ios" : 0,
        "drop_ios" : 0,
        "slat_ns" : {
          "min" : 0,
          "max" : 0,
          "mean" : 0.000000,
          "stddev" : 0.000000,
          "N" : 0
        },
        "clat_ns" : {
          "min" : 4000,
          "max" : 4722000,
          "mean" : 151270.630980,
          "stddev" : 158561.359142,
          "N" : 41285,
          "percentile" : {
            "1.000000" : 5024,
            "5.000000" : 5984,
            "10.000000" : 7008,
            "20.000000" : 9024,
            "30.000000" : 10048,
            "40.000000" : 140288,
            "50.000000" : 175104,
            "60.000000" : 203776,
            "70.000000" : 224256,
            "80.000000" : 242688,
            "90.000000" : 264192,
            "95.000000" : 276480,
            "99.000000" : 403456,
            "99.500000" : 1155072,
            "99.900000" : 1777664,
            "99.950000" : 2113536,
            "99.990000" : 3719168
          }
        },
        "lat_ns" : {
          "min" : 4000,
          "max" : 4722000,
          "mean" : 151597.117597,
          "stddev" : 158567.483530,
          "N" : 41285
        },
        "bw_min" : 65888,
        "bw_max" : 87648,
        "bw_agg" : 99.889918,
        "bw_mean" : 71987.222222,
        "bw_dev" : 6460.928622,
        "bw_samples" : 18,
        "iops_min" : 4118,
        "iops_max" : 5478,
        "iops_mean" : 4499.111111,
        "iops_stddev" : 403.822455,
        "iops_samples" : 18
      },
      "write" : {
        "io_bytes" : 397328384,
        "io_kbytes" : 388016,
        "bw_bytes" : 43348067,
        "bw" : 42332,
        "iops" : 2645.756055,
        "runtime" : 9166,
        "total_ios" : 24251,
        "short_ios" : 0,
        "drop_ios" : 0,
        "slat_ns" : {
          "min" : 0,
          "max" : 0,
          "mean" : 0.000000,
          "stddev" : 0.000000,
          "N" : 0
        },
        "clat_ns" : {
          "min" : 51000,
          "max" : 1386000,
          "mean" : 111472.557833,
          "stddev" : 33272.193577,
          "N" : 24251,
          "percentile" : {
            "1.000000" : 52992,
            "5.000000" : 55040,
            "10.000000" : 64256,
            "20.000000" : 81408,
            "30.000000" : 104960,
            "40.000000" : 118272,
            "50.000000" : 120320,
            "60.000000" : 121344,
            "70.000000" : 122368,
            "80.000000" : 127488,
            "90.000000" : 142336,
            "95.000000" : 146432,
            "99.000000" : 189440,
            "99.500000" : 218112,
            "99.900000" : 342016,
            "99.950000" : 440320,
            "99.990000" : 856064
          }
        },
        "lat_ns" : {
          "min" : 51000,
          "max" : 1386000,
          "mean" : 112090.140613,
          "stddev" : 33357.533935,
          "N" : 24251
        },
        "bw_min" : 37728,
        "bw_max" : 53248,
        "bw_agg" : 99.876933,
        "bw_mean" : 42280.222222,
        "bw_dev" : 3994.906353,
        "bw_samples" : 18,
        "iops_min" : 2358,
        "iops_max" : 3328,
        "iops_mean" : 2642.444444,
        "iops_stddev" : 249.590776,
        "iops_samples" : 18
      },
      "trim" : {
        "io_bytes" : 0,
        "io_kbytes" : 0,
        "bw_bytes" : 0,
        "bw" : 0,
        "iops" : 0.000000,
        "runtime" : 0,
        "total_ios" : 0,
        "short_ios" : 0,
        "drop_ios" : 0,
        "slat_ns" : {
          "min" : 0,
          "max" : 0,
          "mean" : 0.000000,
          "stddev" : 0.000000,
          "N" : 0
        },
        "clat_ns" : {
          "min" : 0,
          "max" : 0,
          "mean" : 0.000000,
          "stddev" : 0.000000,
          "N" : 0
        },
        "lat_ns" : {
          "min" : 0,
          "max" : 0,
          "mean" : 0.000000,
          "stddev" : 0.000000,
          "N" : 0
        },
        "bw_min" : 0,
        "bw_max" : 0,
        "bw_agg" : 0.000000,
        "bw_mean" : 0.000000,
        "bw_dev" : 0.000000,
        "bw_samples" : 0,
        "iops_min" : 0,
        "iops_max" : 0,
        "iops_mean" : 0.000000,
        "iops_stddev" : 0.000000,
        "iops_samples" : 0
      },
      "sync" : {
        "total_ios" : 0,
        "lat_ns" : {
          "min" : 0,
          "max" : 0,
          "mean" : 0.000000,
          "stddev" : 0.000000,
          "N" : 0
        }
      },
      "job_runtime" : 9165,
      "usr_cpu" : 3.327878,
      "sys_cpu" : 23.797054,
      "ctx" : 51134,
      "majf" : 0,
      "minf" : 38,
      "iodepth_level" : {
        "1" : 100.000000,
        "2" : 0.000000,
        "4" : 0.000000,
        "8" : 0.000000,
        "16" : 0.000000,
        "32" : 0.000000,
        ">=64" : 0.000000
      },
      "iodepth_submit" : {
        "0" : 0.000000,
        "4" : 100.000000,
        "8" : 0.000000,
        "16" : 0.000000,
        "32" : 0.000000,
        "64" : 0.000000,
        ">=64" : 0.000000
      },
      "iodepth_complete" : {
        "0" : 0.000000,
        "4" : 100.000000,
        "8" : 0.000000,
        "16" : 0.000000,
        "32" : 0.000000,
        "64" : 0.000000,
        ">=64" : 0.000000
      },
      "latency_ns" : {
        "2" : 0.000000,
        "4" : 0.000000,
        "10" : 0.000000,
        "20" : 0.000000,
        "50" : 0.000000,
        "100" : 0.000000,
        "250" : 0.000000,
        "500" : 0.000000,
        "750" : 0.000000,
        "1000" : 0.000000
      },
      "latency_us" : {
        "2" : 0.000000,
        "4" : 0.000000,
        "10" : 15.693665,
        "20" : 6.024170,
        "50" : 0.621033,
        "100" : 9.802246,
        "250" : 57.240295,
        "500" : 10.003662,
        "750" : 0.077820,
        "1000" : 0.073242
      },
      "latency_ms" : {
        "2" : 0.425720,
        "4" : 0.033569,
        "10" : 0.010000,
        "20" : 0.000000,
        "50" : 0.000000,
        "100" : 0.000000,
        "250" : 0.000000,
        "500" : 0.000000,
        "750" : 0.000000,
        "1000" : 0.000000,
        "2000" : 0.000000,
        ">=2000" : 0.000000
      },
      "latency_depth" : 1,
      "latency_target" : 0,
      "latency_percentile" : 100.000000,
      "latency_window" : 0
    }
  ]
}
