{
  "fio version" : "fio-3.38",
  "timestamp" : 1729842761,
  "timestamp_ms" : 1729842761316,
  "time" : "Fri Oct 25 09:52:41 2024",
  "jobs" : [
    {
      "jobname" : "Exo1_rand_25_rep_2",
      "groupid" : 0,
      "job_start" : 1729842752283,
      "error" : 0,
      "eta" : 0,
      "elapsed" : 10,
      "job options" : {
        "name" : "Exo1_rand_25_rep_2",
        "runtime" : "60",
        "numjobs" : "1",
        "rwmixwrite" : "25",
        "bs" : "16k",
        "filesize" : "1G",
        "direct" : "1",
        "rw" : "randrw"
      },
      "read" : {
        "io_bytes" : 805126144,
        "io_kbytes" : 786256,
        "bw_bytes" : 89607806,
        "bw" : 87507,
        "iops" : 5469.226489,
        "runtime" : 8985,
        "total_ios" : 49141,
        "short_ios" : 0,
        "drop_ios" : 0,
        "slat_ns" : {
          "min" : 0,
          "max" : 0,
          "mean" : 0.000000,
          "stddev" : 0.000000,
          "N" : 0
        },
        "clat_ns" : {
          "min" : 4000,
          "max" : 6979000,
          "mean" : 141644.655176,
          "stddev" : 140090.611482,
          "N" : 49141,
          "percentile" : {
            "1.000000" : 5024,
            "5.000000" : 5984,
            "10.000000" : 7008,
            "20.000000" : 8032,
            "30.000000" : 10048,
            "40.000000" : 134144,
            "50.000000" : 156672,
            "60.000000" : 189440,
            "70.000000" : 211968,
            "80.000000" : 232448,
            "90.000000" : 254976,
            "95.000000" : 268288,
            "99.000000" : 325632,
            "99.500000" : 962560,
            "99.900000" : 1482752,
            "99.950000" : 1941504,
            "99.990000" : 2637824
          }
        },
        "lat_ns" : {
          "min" : 4000,
          "max" : 6979000,
          "mean" : 141955.841354,
          "stddev" : 140104.166883,
          "N" : 49141
        },
        "bw_min" : 78272,
        "bw_max" : 100502,
        "bw_agg" : 100.000000,
        "bw_mean" : 87723.705882,
        "bw_dev" : 7330.219478,
        "bw_samples" : 17,
        "iops_min" : 4892,
        "iops_max" : 6281,
        "iops_mean" : 5482.470588,
        "iops_stddev" : 458.179020,
        "iops_samples" : 17
      },
      "write" : {
        "io_bytes" : 268615680,
        "io_kbytes" : 262320,
        "bw_bytes" : 29896013,
        "bw" : 29195,
        "iops" : 1824.707846,
        "runtime" : 8985,
        "total_ios" : 16395,
        "short_ios" : 0,
        "drop_ios" : 0,
        "slat_ns" : {
          "min" : 0,
          "max" : 0,
          "mean" : 0.000000,
          "stddev" : 0.000000,
          "N" : 0
        },
        "clat_ns" : {
          "min" : 51000,
          "max" : 25232000,
          "mean" : 110847.331504,
          "stddev" : 200484.695534,
          "N" : 16395,
          "percentile" : {
            "1.000000" : 51968,
            "5.000000" : 54016,
            "10.000000" : 57088,
            "20.000000" : 80384,
            "30.000000" : 98816,
            "40.000000" : 107008,
            "50.000000" : 119296,
            "60.000000" : 121344,
            "70.000000" : 122368,
            "80.000000" : 123392,
            "90.000000" : 138240,
            "95.000000" : 144384,
            "99.000000" : 195584,
            "99.500000" : 276480,
            "99.900000" : 362496,
            "99.950000" : 741376,
            "99.990000" : 1646592
          }
        },
        "lat_ns" : {
          "min" : 51000,
          "max" : 25233000,
          "mean" : 111434.461726,
          "stddev" : 200504.333974,
          "N" : 16395
        },
        "bw_min" : 25248,
        "bw_max" : 33564,
        "bw_agg" : 99.920106,
        "bw_mean" : 29172.058824,
        "bw_dev" : 2708.685924,
        "bw_samples" : 17,
        "iops_min" : 1578,
        "iops_max" : 2097,
        "iops_mean" : 1823.058824,
        "iops_stddev" : 169.230786,
        "iops_samples" : 17
      },
      "trim" : {
        "io_bytes" : 0,
        "io_kbytes" : 0,
        "bw_bytes" : 0,
        "bw" : 0,
        "iops" : 0.000000,
        "runtime" : 0,
        "total_ios" : 0,
        "short_ios" : 0,
        "drop_ios" : 0,
        "slat_ns" : {
          "min" : 0,
          "max" : 0,
          "mean" : 0.000000,
          "stddev" : 0.000000,
          "N" : 0
        },
        "clat_ns" : {
          "min" : 0,
          "max" : 0,
          "mean" : 0.000000,
          "stddev" : 0.000000,
          "N" : 0
        },
        "lat_ns" : {
          "min" : 0,
          "max" : 0,
          "mean" : 0.000000,
          "stddev" : 0.000000,
          "N" : 0
        },
        "bw_min" : 0,
        "bw_max" : 0,
        "bw_agg" : 0.000000,
        "bw_mean" : 0.000000,
        "bw_dev" : 0.000000,
        "bw_samples" : 0,
        "iops_min" : 0,
        "iops_max" : 0,
        "iops_mean" : 0.000000,
        "iops_stddev" : 0.000000,
        "iops_samples" : 0
      },
      "sync" : {
        "total_ios" : 0,
        "lat_ns" : {
          "min" : 0,
          "max" : 0,
          "mean" : 0.000000,
          "stddev" : 0.000000,
          "N" : 0
        }
      },
      "job_runtime" : 8984,
      "usr_cpu" : 3.172306,
      "sys_cpu" : 20.981745,
      "ctx" : 48934,
      "majf" : 0,
      "minf" : 40,
      "iodepth_level" : {
        "1" : 100.000000,
        "2" : 0.000000,
        "4" : 0.000000,
        "8" : 0.000000,
        "16" : 0.000000,
        "32" : 0.000000,
        ">=64" : 0.000000
      },
      "iodepth_submit" : {
        "0" : 0.000000,
        "4" : 100.000000,
        "8" : 0.000000,
        "16" : 0.000000,
        "32" : 0.000000,
        "64" : 0.000000,
        ">=64" : 0.000000
      },
      "iodepth_complete" : {
        "0" : 0.000000,
        "4" : 100.000000,
        "8" : 0.000000,
        "16" : 0.000000,
        "32" : 0.000000,
        "64" : 0.000000,
        ">=64" : 0.000000
      },
      "latency_ns" : {
        "2" : 0.000000,
        "4" : 0.000000,
        "10" : 0.000000,
        "20" : 0.000000,
        "50" : 0.000000,
        "100" : 0.000000,
        "250" : 0.000000,
        "500" : 0.000000,
        "750" : 0.000000,
        "1000" : 0.000000
      },
      "latency_us" : {
        "2" : 0.000000,
        "4" : 0.000000,
        "10" : 20.840454,
        "20" : 4.602051,
        "50" : 0.469971,
        "100" : 7.748413,
        "250" : 57.090759,
        "500" : 8.708191,
        "750" : 0.129700,
        "1000" : 0.033569
      },
      "latency_ms" : {
        "2" : 0.352478,
        "4" : 0.019836,
        "10" : 0.010000,
        "20" : 0.000000,
        "50" : 0.010000,
        "100" : 0.000000,
        "250" : 0.000000,
        "500" : 0.000000,
        "750" : 0.000000,
        "1000" : 0.000000,
        "2000" : 0.000000,
        ">=2000" : 0.000000
      },
      "latency_depth" : 1,
      "latency_target" : 0,
      "latency_percentile" : 100.000000,
      "latency_window" : 0
    }
  ]
}
