{
  "fio version" : "fio-3.38",
  "timestamp" : 1729842575,
  "timestamp_ms" : 1729842575069,
  "time" : "Fri Oct 25 09:49:35 2024",
  "jobs" : [
    {
      "jobname" : "Exo1_seq_75_rep_3",
      "groupid" : 0,
      "job_start" : 1729842568823,
      "error" : 0,
      "eta" : 0,
      "elapsed" : 7,
      "job options" : {
        "name" : "Exo1_seq_75_rep_3",
        "runtime" : "60",
        "numjobs" : "1",
        "rwmixwrite" : "75",
        "bs" : "16k",
        "filesize" : "1G",
        "direct" : "1",
        "rw" : "rw"
      },
      "read" : {
        "io_bytes" : 268910592,
        "io_kbytes" : 262608,
        "bw_bytes" : 44199637,
        "bw" : 43163,
        "iops" : 2697.731755,
        "runtime" : 6084,
        "total_ios" : 16413,
        "short_ios" : 0,
        "drop_ios" : 0,
        "slat_ns" : {
          "min" : 0,
          "max" : 0,
          "mean" : 0.000000,
          "stddev" : 0.000000,
          "N" : 0
        },
        "clat_ns" : {
          "min" : 36000,
          "max" : 4717000,
          "mean" : 115790.410041,
          "stddev" : 197886.895869,
          "N" : 16413,
          "percentile" : {
            "1.000000" : 37120,
            "5.000000" : 38144,
            "10.000000" : 38144,
            "20.000000" : 39168,
            "30.000000" : 40192,
            "40.000000" : 43776,
            "50.000000" : 62208,
            "60.000000" : 108032,
            "70.000000" : 114176,
            "80.000000" : 146432,
            "90.000000" : 207872,
            "95.000000" : 257024,
            "99.000000" : 1171456,
            "99.500000" : 1449984,
            "99.900000" : 2310144,
            "99.950000" : 3031040,
            "99.990000" : 4112384
          }
        },
        "lat_ns" : {
          "min" : 36000,
          "max" : 4717000,
          "mean" : 116004.630476,
          "stddev" : 197884.329534,
          "N" : 16413
        },
        "bw_min" : 39136,
        "bw_max" : 50746,
        "bw_agg" : 99.857037,
        "bw_mean" : 43102.250000,
        "bw_dev" : 3550.079797,
        "bw_samples" : 12,
        "iops_min" : 2446,
        "iops_max" : 3171,
        "iops_mean" : 2693.750000,
        "iops_stddev" : 221.748065,
        "iops_samples" : 12
      },
      "write" : {
        "io_bytes" : 804831232,
        "io_kbytes" : 785968,
        "bw_bytes" : 132286527,
        "bw" : 129186,
        "iops" : 8074.128863,
        "runtime" : 6084,
        "total_ios" : 49123,
        "short_ios" : 0,
        "drop_ios" : 0,
        "slat_ns" : {
          "min" : 0,
          "max" : 0,
          "mean" : 0.000000,
          "stddev" : 0.000000,
          "N" : 0
        },
        "clat_ns" : {
          "min" : 49000,
          "max" : 492000,
          "mean" : 81422.714411,
          "stddev" : 34024.616252,
          "N" : 49123,
          "percentile" : {
            "1.000000" : 49920,
            "5.000000" : 49920,
            "10.000000" : 50944,
            "20.000000" : 50944,
            "30.000000" : 51968,
            "40.000000" : 52992,
            "50.000000" : 68096,
            "60.000000" : 84480,
            "70.000000" : 102912,
            "80.000000" : 124416,
            "90.000000" : 128512,
            "95.000000" : 132096,
            "99.000000" : 144384,
            "99.500000" : 156672,
            "99.900000" : 248832,
            "99.950000" : 301056,
            "99.990000" : 473088
          }
        },
        "lat_ns" : {
          "min" : 49000,
          "max" : 493000,
          "mean" : 81922.215663,
          "stddev" : 34078.128986,
          "N" : 49123
        },
        "bw_min" : 113184,
        "bw_max" : 157349,
        "bw_agg" : 99.917900,
        "bw_mean" : 129080.333333,
        "bw_dev" : 12617.596071,
        "bw_samples" : 12,
        "iops_min" : 7074,
        "iops_max" : 9834,
        "iops_mean" : 8067.333333,
        "iops_stddev" : 788.532161,
        "iops_samples" : 12
      },
      "trim" : {
        "io_bytes" : 0,
        "io_kbytes" : 0,
        "bw_bytes" : 0,
        "bw" : 0,
        "iops" : 0.000000,
        "runtime" : 0,
        "total_ios" : 0,
        "short_ios" : 0,
        "drop_ios" : 0,
        "slat_ns" : {
          "min" : 0,
          "max" : 0,
          "mean" : 0.000000,
          "stddev" : 0.000000,
          "N" : 0
        },
        "clat_ns" : {
          "min" : 0,
          "max" : 0,
          "mean" : 0.000000,
          "stddev" : 0.000000,
          "N" : 0
        },
        "lat_ns" : {
          "min" : 0,
          "max" : 0,
          "mean" : 0.000000,
          "stddev" : 0.000000,
          "N" : 0
        },
        "bw_min" : 0,
        "bw_max" : 0,
        "bw_agg" : 0.000000,
        "bw_mean" : 0.000000,
        "bw_dev" : 0.000000,
        "bw_samples" : 0,
        "iops_min" : 0,
        "iops_max" : 0,
        "iops_mean" : 0.000000,
        "iops_stddev" : 0.000000,
        "iops_samples" : 0
      },
      "sync" : {
        "total_ios" : 0,
        "lat_ns" : {
          "min" : 0,
          "max" : 0,
          "mean" : 0.000000,
          "stddev" : 0.000000,
          "N" : 0
        }
      },
      "job_runtime" : 6083,
      "usr_cpu" : 3.896104,
      "sys_cpu" : 37.744534,
      "ctx" : 65740,
      "majf" : 0,
      "minf" : 32,
      "iodepth_level" : {
        "1" : 100.000000,
        "2" : 0.000000,
        "4" : 0.000000,
        "8" : 0.000000,
        "16" : 0.000000,
        "32" : 0.000000,
        ">=64" : 0.000000
      },
      "iodepth_submit" : {
        "0" : 0.000000,
        "4" : 100.000000,
        "8" : 0.000000,
        "16" : 0.000000,
        "32" : 0.000000,
        "64" : 0.000000,
        ">=64" : 0.000000
      },
      "iodepth_complete" : {
        "0" : 0.000000,
        "4" : 100.000000,
        "8" : 0.000000,
        "16" : 0.000000,
        "32" : 0.000000,
        "64" : 0.000000,
        ">=64" : 0.000000
      },
      "latency_ns" : {
        "2" : 0.000000,
        "4" : 0.000000,
        "10" : 0.000000,
        "20" : 0.000000,
        "50" : 0.000000,
        "100" : 0.000000,
        "250" : 0.000000,
        "500" : 0.000000,
        "750" : 0.000000,
        "1000" : 0.000000
      },
      "latency_us" : {
        "2" : 0.000000,
        "4" : 0.000000,
        "10" : 0.000000,
        "20" : 0.000000,
        "50" : 12.023926,
        "100" : 53.549194,
        "250" : 32.936096,
        "500" : 0.968933,
        "750" : 0.106812,
        "1000" : 0.090027
      },
      "latency_ms" : {
        "2" : 0.273132,
        "4" : 0.048828,
        "10" : 0.010000,
        "20" : 0.000000,
        "50" : 0.000000,
        "100" : 0.000000,
        "250" : 0.000000,
        "500" : 0.000000,
        "750" : 0.000000,
        "1000" : 0.000000,
        "2000" : 0.000000,
        ">=2000" : 0.000000
      },
      "latency_depth" : 1,
      "latency_target" : 0,
      "latency_percentile" : 100.000000,
      "latency_window" : 0
    }
  ]
}
