{
  "fio version" : "fio-3.38",
  "timestamp" : 1729842636,
  "timestamp_ms" : 1729842636407,
  "time" : "Fri Oct 25 09:50:36 2024",
  "jobs" : [
    {
      "jobname" : "Exo1_seq_100_rep_2",
      "groupid" : 0,
      "job_start" : 1729842631511,
      "error" : 0,
      "eta" : 0,
      "elapsed" : 5,
      "job options" : {
        "name" : "Exo1_seq_100_rep_2",
        "runtime" : "60",
        "numjobs" : "1",
        "rwmixwrite" : "100",
        "bs" : "16k",
        "filesize" : "1G",
        "direct" : "1",
        "rw" : "rw"
      },
      "read" : {
        "io_bytes" : 0,
        "io_kbytes" : 0,
        "bw_bytes" : 0,
        "bw" : 0,
        "iops" : 0.000000,
        "runtime" : 0,
        "total_ios" : 0,
        "short_ios" : 0,
        "drop_ios" : 0,
        "slat_ns" : {
          "min" : 0,
          "max" : 0,
          "mean" : 0.000000,
          "stddev" : 0.000000,
          "N" : 0
        },
        "clat_ns" : {
          "min" : 0,
          "max" : 0,
          "mean" : 0.000000,
          "stddev" : 0.000000,
          "N" : 0
        },
        "lat_ns" : {
          "min" : 0,
          "max" : 0,
          "mean" : 0.000000,
          "stddev" : 0.000000,
          "N" : 0
        },
        "bw_min" : 0,
        "bw_max" : 0,
        "bw_agg" : 0.000000,
        "bw_mean" : 0.000000,
        "bw_dev" : 0.000000,
        "bw_samples" : 0,
        "iops_min" : 0,
        "iops_max" : 0,
        "iops_mean" : 0.000000,
        "iops_stddev" : 0.000000,
        "iops_samples" : 0
      },
      "write" : {
        "io_bytes" : 1073741824,
        "io_kbytes" : 1048576,
        "bw_bytes" : 223929473,
        "bw" : 218681,
        "iops" : 13667.570386,
        "runtime" : 4795,
        "total_ios" : 65536,
        "short_ios" : 0,
        "drop_ios" : 0,
        "slat_ns" : {
          "min" : 0,
          "max" : 0,
          "mean" : 0.000000,
          "stddev" : 0.000000,
          "N" : 0
        },
        "clat_ns" : {
          "min" : 47000,
          "max" : 391492000,
          "mean" : 70497.146606,
          "stddev" : 1536198.332294,
          "N" : 65536,
          "percentile" : {
            "1.000000" : 50944,
            "5.000000" : 51968,
            "10.000000" : 51968,
            "20.000000" : 51968,
            "30.000000" : 52992,
            "40.000000" : 52992,
            "50.000000" : 52992,
            "60.000000" : 54016,
            "70.000000" : 55040,
            "80.000000" : 59136,
            "90.000000" : 73216,
            "95.000000" : 89600,
            "99.000000" : 132096,
            "99.500000" : 156672,
            "99.900000" : 3096576,
            "99.950000" : 4046848,
            "99.990000" : 5472256
          }
        },
        "lat_ns" : {
          "min" : 47000,
          "max" : 391492000,
          "mean" : 70974.868774,
          "stddev" : 1536197.215550,
          "N" : 65536
        },
        "bw_min" : 109021,
        "bw_max" : 275552,
        "bw_agg" : 98.824715,
        "bw_mean" : 216111.555556,
        "bw_dev" : 67352.135638,
        "bw_samples" : 9,
        "iops_min" : 6813,
        "iops_max" : 17222,
        "iops_mean" : 13506.777778,
        "iops_stddev" : 4209.654908,
        "iops_samples" : 9
      },
      "trim" : {
        "io_bytes" : 0,
        "io_kbytes" : 0,
        "bw_bytes" : 0,
        "bw" : 0,
        "iops" : 0.000000,
        "runtime" : 0,
        "total_ios" : 0,
        "short_ios" : 0,
        "drop_ios" : 0,
        "slat_ns" : {
          "min" : 0,
          "max" : 0,
          "mean" : 0.000000,
          "stddev" : 0.000000,
          "N" : 0
        },
        "clat_ns" : {
          "min" : 0,
          "max" : 0,
          "mean" : 0.000000,
          "stddev" : 0.000000,
          "N" : 0
        },
        "lat_ns" : {
          "min" : 0,
          "max" : 0,
          "mean" : 0.000000,
          "stddev" : 0.000000,
          "N" : 0
        },
        "bw_min" : 0,
        "bw_max" : 0,
        "bw_agg" : 0.000000,
        "bw_mean" : 0.000000,
        "bw_dev" : 0.000000,
        "bw_samples" : 0,
        "iops_min" : 0,
        "iops_max" : 0,
        "iops_mean" : 0.000000,
        "iops_stddev" : 0.000000,
        "iops_samples" : 0
      },
      "sync" : {
        "total_ios" : 0,
        "lat_ns" : {
          "min" : 0,
          "max" : 0,
          "mean" : 0.000000,
          "stddev" : 0.000000,
          "N" : 0
        }
      },
      "job_runtime" : 4794,
      "usr_cpu" : 4.985398,
      "sys_cpu" : 44.597413,
      "ctx" : 66028,
      "majf" : 0,
      "minf" : 35,
      "iodepth_level" : {
        "1" : 100.000000,
        "2" : 0.000000,
        "4" : 0.000000,
        "8" : 0.000000,
        "16" : 0.000000,
        "32" : 0.000000,
        ">=64" : 0.000000
      },
      "iodepth_submit" : {
        "0" : 0.000000,
        "4" : 100.000000,
        "8" : 0.000000,
        "16" : 0.000000,
        "32" : 0.000000,
        "64" : 0.000000,
        ">=64" : 0.000000
      },
      "iodepth_complete" : {
        "0" : 0.000000,
        "4" : 100.000000,
        "8" : 0.000000,
        "16" : 0.000000,
        "32" : 0.000000,
        "64" : 0.000000,
        ">=64" : 0.000000
      },
      "latency_ns" : {
        "2" : 0.000000,
        "4" : 0.000000,
        "10" : 0.000000,
        "20" : 0.000000,
        "50" : 0.000000,
        "100" : 0.000000,
        "250" : 0.000000,
        "500" : 0.000000,
        "750" : 0.000000,
        "1000" : 0.000000
      },
      "latency_us" : {
        "2" : 0.000000,
        "4" : 0.000000,
        "10" : 0.000000,
        "20" : 0.000000,
        "50" : 0.010000,
        "100" : 96.795654,
        "250" : 2.967834,
        "500" : 0.042725,
        "750" : 0.015259,
        "1000" : 0.010000
      },
      "latency_ms" : {
        "2" : 0.010681,
        "4" : 0.103760,
        "10" : 0.051880,
        "20" : 0.000000,
        "50" : 0.000000,
        "100" : 0.000000,
        "250" : 0.000000,
        "500" : 0.010000,
        "750" : 0.000000,
        "1000" : 0.000000,
        "2000" : 0.000000,
        ">=2000" : 0.000000
      },
      "latency_depth" : 1,
      "latency_target" : 0,
      "latency_percentile" : 100.000000,
      "latency_window" : 0
    }
  ]
}
