{
  "fio version" : "fio-3.38",
  "timestamp" : 1729842391,
  "timestamp_ms" : 1729842391768,
  "time" : "Fri Oct 25 09:46:31 2024",
  "jobs" : [
    {
      "jobname" : "Exo1_seq_12.5_rep_1",
      "groupid" : 0,
      "job_start" : 1729842387361,
      "error" : 0,
      "eta" : 0,
      "elapsed" : 5,
      "job options" : {
        "name" : "Exo1_seq_12.5_rep_1",
        "runtime" : "60",
        "numjobs" : "1",
        "rwmixwrite" : "12.5",
        "bs" : "16k",
        "filesize" : "1G",
        "direct" : "1",
        "rw" : "rw"
      },
      "read" : {
        "io_bytes" : 944881664,
        "io_kbytes" : 922736,
        "bw_bytes" : 220869954,
        "bw" : 215693,
        "iops" : 13480.832165,
        "runtime" : 4278,
        "total_ios" : 57671,
        "short_ios" : 0,
        "drop_ios" : 0,
        "slat_ns" : {
          "min" : 0,
          "max" : 0,
          "mean" : 0.000000,
          "stddev" : 0.000000,
          "N" : 0
        },
        "clat_ns" : {
          "min" : 3000,
          "max" : 3459000,
          "mean" : 62042.152902,
          "stddev" : 70750.845938,
          "N" : 57671,
          "percentile" : {
            "1.000000" : 4016,
            "5.000000" : 4016,
            "10.000000" : 4016,
            "20.000000" : 37120,
            "30.000000" : 38144,
            "40.000000" : 38144,
            "50.000000" : 39168,
            "60.000000" : 41216,
            "70.000000" : 70144,
            "80.000000" : 113152,
            "90.000000" : 136192,
            "95.000000" : 154624,
            "99.000000" : 207872,
            "99.500000" : 236544,
            "99.900000" : 1073152,
            "99.950000" : 1286144,
            "99.990000" : 1908736
          }
        },
        "lat_ns" : {
          "min" : 3000,
          "max" : 3459000,
          "mean" : 62223.769312,
          "stddev" : 70775.811224,
          "N" : 57671
        },
        "bw_min" : 161728,
        "bw_max" : 197920,
        "bw_agg" : 85.110195,
        "bw_mean" : 183577.000000,
        "bw_dev" : 14330.009869,
        "bw_samples" : 8,
        "iops_min" : 10108,
        "iops_max" : 12370,
        "iops_mean" : 11473.500000,
        "iops_stddev" : 895.604983,
        "iops_samples" : 8
      },
      "write" : {
        "io_bytes" : 128860160,
        "io_kbytes" : 125840,
        "bw_bytes" : 30121589,
        "bw" : 29415,
        "iops" : 1838.475923,
        "runtime" : 4278,
        "total_ios" : 7865,
        "short_ios" : 0,
        "drop_ios" : 0,
        "slat_ns" : {
          "min" : 0,
          "max" : 0,
          "mean" : 0.000000,
          "stddev" : 0.000000,
          "N" : 0
        },
        "clat_ns" : {
          "min" : 50000,
          "max" : 2592000,
          "mean" : 71023.013350,
          "stddev" : 49890.919716,
          "N" : 7865,
          "percentile" : {
            "1.000000" : 51968,
            "5.000000" : 51968,
            "10.000000" : 52992,
            "20.000000" : 52992,
            "30.000000" : 54016,
            "40.000000" : 55040,
            "50.000000" : 56064,
            "60.000000" : 62208,
            "70.000000" : 77312,
            "80.000000" : 93696,
            "90.000000" : 101888,
            "95.000000" : 116224,
            "99.000000" : 154624,
            "99.500000" : 166912,
            "99.900000" : 236544,
            "99.950000" : 1138688,
            "99.990000" : 2605056
          }
        },
        "lat_ns" : {
          "min" : 50000,
          "max" : 2592000,
          "mean" : 71484.933249,
          "stddev" : 49934.624688,
          "N" : 7865
        },
        "bw_min" : 21792,
        "bw_max" : 27552,
        "bw_agg" : 85.794571,
        "bw_mean" : 25237.375000,
        "bw_dev" : 2306.801430,
        "bw_samples" : 8,
        "iops_min" : 1362,
        "iops_max" : 1722,
        "iops_mean" : 1577.250000,
        "iops_stddev" : 144.126680,
        "iops_samples" : 8
      },
      "trim" : {
        "io_bytes" : 0,
        "io_kbytes" : 0,
        "bw_bytes" : 0,
        "bw" : 0,
        "iops" : 0.000000,
        "runtime" : 0,
        "total_ios" : 0,
        "short_ios" : 0,
        "drop_ios" : 0,
        "slat_ns" : {
          "min" : 0,
          "max" : 0,
          "mean" : 0.000000,
          "stddev" : 0.000000,
          "N" : 0
        },
        "clat_ns" : {
          "min" : 0,
          "max" : 0,
          "mean" : 0.000000,
          "stddev" : 0.000000,
          "N" : 0
        },
        "lat_ns" : {
          "min" : 0,
          "max" : 0,
          "mean" : 0.000000,
          "stddev" : 0.000000,
          "N" : 0
        },
        "bw_min" : 0,
        "bw_max" : 0,
        "bw_agg" : 0.000000,
        "bw_mean" : 0.000000,
        "bw_dev" : 0.000000,
        "bw_samples" : 0,
        "iops_min" : 0,
        "iops_max" : 0,
        "iops_mean" : 0.000000,
        "iops_stddev" : 0.000000,
        "iops_samples" : 0
      },
      "sync" : {
        "total_ios" : 0,
        "lat_ns" : {
          "min" : 0,
          "max" : 0,
          "mean" : 0.000000,
          "stddev" : 0.000000,
          "N" : 0
        }
      },
      "job_runtime" : 4277,
      "usr_cpu" : 4.395604,
      "sys_cpu" : 31.073182,
      "ctx" : 57414,
      "majf" : 0,
      "minf" : 32,
      "iodepth_level" : {
        "1" : 100.000000,
        "2" : 0.000000,
        "4" : 0.000000,
        "8" : 0.000000,
        "16" : 0.000000,
        "32" : 0.000000,
        ">=64" : 0.000000
      },
      "iodepth_submit" : {
        "0" : 0.000000,
        "4" : 100.000000,
        "8" : 0.000000,
        "16" : 0.000000,
        "32" : 0.000000,
        "64" : 0.000000,
        ">=64" : 0.000000
      },
      "iodepth_complete" : {
        "0" : 0.000000,
        "4" : 100.000000,
        "8" : 0.000000,
        "16" : 0.000000,
        "32" : 0.000000,
        "64" : 0.000000,
        ">=64" : 0.000000
      },
      "latency_ns" : {
        "2" : 0.000000,
        "4" : 0.000000,
        "10" : 0.000000,
        "20" : 0.000000,
        "50" : 0.000000,
        "100" : 0.000000,
        "250" : 0.000000,
        "500" : 0.000000,
        "750" : 0.000000,
        "1000" : 0.000000
      },
      "latency_us" : {
        "2" : 0.000000,
        "4" : 0.279236,
        "10" : 15.373230,
        "20" : 0.010000,
        "50" : 40.586853,
        "100" : 22.489929,
        "250" : 20.890808,
        "500" : 0.212097,
        "750" : 0.015259,
        "1000" : 0.045776
      },
      "latency_ms" : {
        "2" : 0.093079,
        "4" : 0.010000,
        "10" : 0.000000,
        "20" : 0.000000,
        "50" : 0.000000,
        "100" : 0.000000,
        "250" : 0.000000,
        "500" : 0.000000,
        "750" : 0.000000,
        "1000" : 0.000000,
        "2000" : 0.000000,
        ">=2000" : 0.000000
      },
      "latency_depth" : 1,
      "latency_target" : 0,
      "latency_percentile" : 100.000000,
      "latency_window" : 0
    }
  ]
}
