{
  "fio version" : "fio-3.38",
  "timestamp" : 1729843005,
  "timestamp_ms" : 1729843005777,
  "time" : "Fri Oct 25 09:56:45 2024",
  "jobs" : [
    {
      "jobname" : "Exo1_rand_87.5_rep_1",
      "groupid" : 0,
      "job_start" : 1729843001518,
      "error" : 0,
      "eta" : 0,
      "elapsed" : 5,
      "job options" : {
        "name" : "Exo1_rand_87.5_rep_1",
        "runtime" : "60",
        "numjobs" : "1",
        "rwmixwrite" : "87.5",
        "bs" : "16k",
        "filesize" : "1G",
        "direct" : "1",
        "rw" : "randrw"
      },
      "read" : {
        "io_bytes" : 140673024,
        "io_kbytes" : 137376,
        "bw_bytes" : 34504052,
        "bw" : 33695,
        "iops" : 2105.960265,
        "runtime" : 4077,
        "total_ios" : 8586,
        "short_ios" : 0,
        "drop_ios" : 0,
        "slat_ns" : {
          "min" : 0,
          "max" : 0,
          "mean" : 0.000000,
          "stddev" : 0.000000,
          "N" : 0
        },
        "clat_ns" : {
          "min" : 3000,
          "max" : 2903000,
          "mean" : 28087.235034,
          "stddev" : 124932.016766,
          "N" : 8586,
          "percentile" : {
            "1.000000" : 4016,
            "5.000000" : 4016,
            "10.000000" : 5024,
            "20.000000" : 5984,
            "30.000000" : 5984,
            "40.000000" : 5984,
            "50.000000" : 5984,
            "60.000000" : 7008,
            "70.000000" : 7008,
            "80.000000" : 7008,
            "90.000000" : 8032,
            "95.000000" : 228352,
            "99.000000" : 301056,
            "99.500000" : 692224,
            "99.900000" : 2072576,
            "99.950000" : 2146304,
            "99.990000" : 2899968
          }
        },
        "lat_ns" : {
          "min" : 3000,
          "max" : 2903000,
          "mean" : 28300.955043,
          "stddev" : 124934.802022,
          "N" : 8586
        },
        "bw_min" : 31520,
        "bw_max" : 37088,
        "bw_agg" : 99.883179,
        "bw_mean" : 33656.000000,
        "bw_dev" : 1900.375903,
        "bw_samples" : 8,
        "iops_min" : 1970,
        "iops_max" : 2318,
        "iops_mean" : 2103.500000,
        "iops_stddev" : 118.773494,
        "iops_samples" : 8
      },
      "write" : {
        "io_bytes" : 933068800,
        "io_kbytes" : 911200,
        "bw_bytes" : 228861613,
        "bw" : 223497,
        "iops" : 13968.604366,
        "runtime" : 4077,
        "total_ios" : 56950,
        "short_ios" : 0,
        "drop_ios" : 0,
        "slat_ns" : {
          "min" : 0,
          "max" : 0,
          "mean" : 0.000000,
          "stddev" : 0.000000,
          "N" : 0
        },
        "clat_ns" : {
          "min" : 46000,
          "max" : 1769000,
          "mean" : 64451.553995,
          "stddev" : 31114.072576,
          "N" : 56950,
          "percentile" : {
            "1.000000" : 49920,
            "5.000000" : 50944,
            "10.000000" : 50944,
            "20.000000" : 50944,
            "30.000000" : 51968,
            "40.000000" : 51968,
            "50.000000" : 51968,
            "60.000000" : 52992,
            "70.000000" : 54016,
            "80.000000" : 76288,
            "90.000000" : 94720,
            "95.000000" : 123392,
            "99.000000" : 207872,
            "99.500000" : 222208,
            "99.900000" : 292864,
            "99.950000" : 342016,
            "99.990000" : 552960
          }
        },
        "lat_ns" : {
          "min" : 46000,
          "max" : 1769000,
          "mean" : 64899.824407,
          "stddev" : 31105.824943,
          "N" : 56950
        },
        "bw_min" : 210560,
        "bw_max" : 239744,
        "bw_agg" : 99.984935,
        "bw_mean" : 223464.000000,
        "bw_dev" : 10190.864256,
        "bw_samples" : 8,
        "iops_min" : 13160,
        "iops_max" : 14984,
        "iops_mean" : 13966.500000,
        "iops_stddev" : 636.929016,
        "iops_samples" : 8
      },
      "trim" : {
        "io_bytes" : 0,
        "io_kbytes" : 0,
        "bw_bytes" : 0,
        "bw" : 0,
        "iops" : 0.000000,
        "runtime" : 0,
        "total_ios" : 0,
        "short_ios" : 0,
        "drop_ios" : 0,
        "slat_ns" : {
          "min" : 0,
          "max" : 0,
          "mean" : 0.000000,
          "stddev" : 0.000000,
          "N" : 0
        },
        "clat_ns" : {
          "min" : 0,
          "max" : 0,
          "mean" : 0.000000,
          "stddev" : 0.000000,
          "N" : 0
        },
        "lat_ns" : {
          "min" : 0,
          "max" : 0,
          "mean" : 0.000000,
          "stddev" : 0.000000,
          "N" : 0
        },
        "bw_min" : 0,
        "bw_max" : 0,
        "bw_agg" : 0.000000,
        "bw_mean" : 0.000000,
        "bw_dev" : 0.000000,
        "bw_samples" : 0,
        "iops_min" : 0,
        "iops_max" : 0,
        "iops_mean" : 0.000000,
        "iops_stddev" : 0.000000,
        "iops_samples" : 0
      },
      "sync" : {
        "total_ios" : 0,
        "lat_ns" : {
          "min" : 0,
          "max" : 0,
          "mean" : 0.000000,
          "stddev" : 0.000000,
          "N" : 0
        }
      },
      "job_runtime" : 4077,
      "usr_cpu" : 5.518764,
      "sys_cpu" : 44.027471,
      "ctx" : 57657,
      "majf" : 0,
      "minf" : 30,
      "iodepth_level" : {
        "1" : 100.000000,
        "2" : 0.000000,
        "4" : 0.000000,
        "8" : 0.000000,
        "16" : 0.000000,
        "32" : 0.000000,
        ">=64" : 0.000000
      },
      "iodepth_submit" : {
        "0" : 0.000000,
        "4" : 100.000000,
        "8" : 0.000000,
        "16" : 0.000000,
        "32" : 0.000000,
        "64" : 0.000000,
        ">=64" : 0.000000
      },
      "iodepth_complete" : {
        "0" : 0.000000,
        "4" : 100.000000,
        "8" : 0.000000,
        "16" : 0.000000,
        "32" : 0.000000,
        "64" : 0.000000,
        ">=64" : 0.000000
      },
      "latency_ns" : {
        "2" : 0.000000,
        "4" : 0.000000,
        "10" : 0.000000,
        "20" : 0.000000,
        "50" : 0.000000,
        "100" : 0.000000,
        "250" : 0.000000,
        "500" : 0.000000,
        "750" : 0.000000,
        "1000" : 0.000000
      },
      "latency_us" : {
        "2" : 0.000000,
        "4" : 0.010000,
        "10" : 12.086487,
        "20" : 0.144958,
        "50" : 0.105286,
        "100" : 80.435181,
        "250" : 6.578064,
        "500" : 0.549316,
        "750" : 0.035095,
        "1000" : 0.015259
      },
      "latency_ms" : {
        "2" : 0.035095,
        "4" : 0.013733,
        "10" : 0.000000,
        "20" : 0.000000,
        "50" : 0.000000,
        "100" : 0.000000,
        "250" : 0.000000,
        "500" : 0.000000,
        "750" : 0.000000,
        "1000" : 0.000000,
        "2000" : 0.000000,
        ">=2000" : 0.000000
      },
      "latency_depth" : 1,
      "latency_target" : 0,
      "latency_percentile" : 100.000000,
      "latency_window" : 0
    }
  ]
}
