{
  "fio version" : "fio-3.38",
  "timestamp" : 1729842624,
  "timestamp_ms" : 1729842624720,
  "time" : "Fri Oct 25 09:50:24 2024",
  "jobs" : [
    {
      "jobname" : "Exo1_seq_87.5_rep_5",
      "groupid" : 0,
      "job_start" : 1729842619212,
      "error" : 0,
      "eta" : 0,
      "elapsed" : 6,
      "job options" : {
        "name" : "Exo1_seq_87.5_rep_5",
        "runtime" : "60",
        "numjobs" : "1",
        "rwmixwrite" : "87.5",
        "bs" : "16k",
        "filesize" : "1G",
        "direct" : "1",
        "rw" : "rw"
      },
      "read" : {
        "io_bytes" : 140673024,
        "io_kbytes" : 137376,
        "bw_bytes" : 25787905,
        "bw" : 25183,
        "iops" : 1573.968836,
        "runtime" : 5455,
        "total_ios" : 8586,
        "short_ios" : 0,
        "drop_ios" : 0,
        "slat_ns" : {
          "min" : 0,
          "max" : 0,
          "mean" : 0.000000,
          "stddev" : 0.000000,
          "N" : 0
        },
        "clat_ns" : {
          "min" : 37000,
          "max" : 5058000,
          "mean" : 123356.394130,
          "stddev" : 240461.855505,
          "N" : 8586,
          "percentile" : {
            "1.000000" : 38144,
            "5.000000" : 39168,
            "10.000000" : 39168,
            "20.000000" : 40192,
            "30.000000" : 40192,
            "40.000000" : 42240,
            "50.000000" : 46848,
            "60.000000" : 77312,
            "70.000000" : 114176,
            "80.000000" : 162816,
            "90.000000" : 224256,
            "95.000000" : 272384,
            "99.000000" : 1351680,
            "99.500000" : 1843200,
            "99.900000" : 3129344,
            "99.950000" : 3391488,
            "99.990000" : 5079040
          }
        },
        "lat_ns" : {
          "min" : 37000,
          "max" : 5058000,
          "mean" : 123601.327743,
          "stddev" : 240470.344869,
          "N" : 8586
        },
        "bw_min" : 21728,
        "bw_max" : 27904,
        "bw_agg" : 100.000000,
        "bw_mean" : 25228.400000,
        "bw_dev" : 1869.924966,
        "bw_samples" : 10,
        "iops_min" : 1358,
        "iops_max" : 1744,
        "iops_mean" : 1576.600000,
        "iops_stddev" : 116.992117,
        "iops_samples" : 10
      },
      "write" : {
        "io_bytes" : 933068800,
        "io_kbytes" : 911200,
        "bw_bytes" : 171048359,
        "bw" : 167039,
        "iops" : 10439.963336,
        "runtime" : 5455,
        "total_ios" : 56950,
        "short_ios" : 0,
        "drop_ios" : 0,
        "slat_ns" : {
          "min" : 0,
          "max" : 0,
          "mean" : 0.000000,
          "stddev" : 0.000000,
          "N" : 0
        },
        "clat_ns" : {
          "min" : 47000,
          "max" : 578000,
          "mean" : 74084.986831,
          "stddev" : 32222.627401,
          "N" : 56950,
          "percentile" : {
            "1.000000" : 49920,
            "5.000000" : 49920,
            "10.000000" : 50944,
            "20.000000" : 50944,
            "30.000000" : 50944,
            "40.000000" : 51968,
            "50.000000" : 52992,
            "60.000000" : 57088,
            "70.000000" : 86528,
            "80.000000" : 111104,
            "90.000000" : 126464,
            "95.000000" : 128512,
            "99.000000" : 140288,
            "99.500000" : 148480,
            "99.900000" : 268288,
            "99.950000" : 325632,
            "99.990000" : 444416
          }
        },
        "lat_ns" : {
          "min" : 48000,
          "max" : 578000,
          "mean" : 74618.823529,
          "stddev" : 32270.237007,
          "N" : 56950
        },
        "bw_min" : 148160,
        "bw_max" : 183392,
        "bw_agg" : 100.000000,
        "bw_mean" : 167435.100000,
        "bw_dev" : 11330.784992,
        "bw_samples" : 10,
        "iops_min" : 9260,
        "iops_max" : 11462,
        "iops_mean" : 10464.600000,
        "iops_stddev" : 708.242457,
        "iops_samples" : 10
      },
      "trim" : {
        "io_bytes" : 0,
        "io_kbytes" : 0,
        "bw_bytes" : 0,
        "bw" : 0,
        "iops" : 0.000000,
        "runtime" : 0,
        "total_ios" : 0,
        "short_ios" : 0,
        "drop_ios" : 0,
        "slat_ns" : {
          "min" : 0,
          "max" : 0,
          "mean" : 0.000000,
          "stddev" : 0.000000,
          "N" : 0
        },
        "clat_ns" : {
          "min" : 0,
          "max" : 0,
          "mean" : 0.000000,
          "stddev" : 0.000000,
          "N" : 0
        },
        "lat_ns" : {
          "min" : 0,
          "max" : 0,
          "mean" : 0.000000,
          "stddev" : 0.000000,
          "N" : 0
        },
        "bw_min" : 0,
        "bw_max" : 0,
        "bw_agg" : 0.000000,
        "bw_mean" : 0.000000,
        "bw_dev" : 0.000000,
        "bw_samples" : 0,
        "iops_min" : 0,
        "iops_max" : 0,
        "iops_mean" : 0.000000,
        "iops_stddev" : 0.000000,
        "iops_samples" : 0
      },
      "sync" : {
        "total_ios" : 0,
        "lat_ns" : {
          "min" : 0,
          "max" : 0,
          "mean" : 0.000000,
          "stddev" : 0.000000,
          "N" : 0
        }
      },
      "job_runtime" : 5455,
      "usr_cpu" : 4.271311,
      "sys_cpu" : 41.136572,
      "ctx" : 65699,
      "majf" : 0,
      "minf" : 39,
      "iodepth_level" : {
        "1" : 100.000000,
        "2" : 0.000000,
        "4" : 0.000000,
        "8" : 0.000000,
        "16" : 0.000000,
        "32" : 0.000000,
        ">=64" : 0.000000
      },
      "iodepth_submit" : {
        "0" : 0.000000,
        "4" : 100.000000,
        "8" : 0.000000,
        "16" : 0.000000,
        "32" : 0.000000,
        "64" : 0.000000,
        ">=64" : 0.000000
      },
      "iodepth_complete" : {
        "0" : 0.000000,
        "4" : 100.000000,
        "8" : 0.000000,
        "16" : 0.000000,
        "32" : 0.000000,
        "64" : 0.000000,
        ">=64" : 0.000000
      },
      "latency_ns" : {
        "2" : 0.000000,
        "4" : 0.000000,
        "10" : 0.000000,
        "20" : 0.000000,
        "50" : 0.000000,
        "100" : 0.000000,
        "250" : 0.000000,
        "500" : 0.000000,
        "750" : 0.000000,
        "1000" : 0.000000
      },
      "latency_us" : {
        "2" : 0.000000,
        "4" : 0.000000,
        "10" : 0.000000,
        "20" : 0.000000,
        "50" : 6.886292,
        "100" : 68.725586,
        "250" : 23.522949,
        "500" : 0.524902,
        "750" : 0.065613,
        "1000" : 0.061035
      },
      "latency_ms" : {
        "2" : 0.169373,
        "4" : 0.038147,
        "10" : 0.010000,
        "20" : 0.000000,
        "50" : 0.000000,
        "100" : 0.000000,
        "250" : 0.000000,
        "500" : 0.000000,
        "750" : 0.000000,
        "1000" : 0.000000,
        "2000" : 0.000000,
        ">=2000" : 0.000000
      },
      "latency_depth" : 1,
      "latency_target" : 0,
      "latency_percentile" : 100.000000,
      "latency_window" : 0
    }
  ]
}
