{
  "fio version" : "fio-3.38",
  "timestamp" : 1729843051,
  "timestamp_ms" : 1729843051074,
  "time" : "Fri Oct 25 09:57:31 2024",
  "jobs" : [
    {
      "jobname" : "Exo1_rand_100_rep_4",
      "groupid" : 0,
      "job_start" : 1729843046819,
      "error" : 0,
      "eta" : 0,
      "elapsed" : 5,
      "job options" : {
        "name" : "Exo1_rand_100_rep_4",
        "runtime" : "60",
        "numjobs" : "1",
        "rwmixwrite" : "100",
        "bs" : "16k",
        "filesize" : "1G",
        "direct" : "1",
        "rw" : "randrw"
      },
      "read" : {
        "io_bytes" : 0,
        "io_kbytes" : 0,
        "bw_bytes" : 0,
        "bw" : 0,
        "iops" : 0.000000,
        "runtime" : 0,
        "total_ios" : 0,
        "short_ios" : 0,
        "drop_ios" : 0,
        "slat_ns" : {
          "min" : 0,
          "max" : 0,
          "mean" : 0.000000,
          "stddev" : 0.000000,
          "N" : 0
        },
        "clat_ns" : {
          "min" : 0,
          "max" : 0,
          "mean" : 0.000000,
          "stddev" : 0.000000,
          "N" : 0
        },
        "lat_ns" : {
          "min" : 0,
          "max" : 0,
          "mean" : 0.000000,
          "stddev" : 0.000000,
          "N" : 0
        },
        "bw_min" : 0,
        "bw_max" : 0,
        "bw_agg" : 0.000000,
        "bw_mean" : 0.000000,
        "bw_dev" : 0.000000,
        "bw_samples" : 0,
        "iops_min" : 0,
        "iops_max" : 0,
        "iops_mean" : 0.000000,
        "iops_stddev" : 0.000000,
        "iops_samples" : 0
      },
      "write" : {
        "io_bytes" : 1073741824,
        "io_kbytes" : 1048576,
        "bw_bytes" : 260997040,
        "bw" : 254879,
        "iops" : 15929.995139,
        "runtime" : 4114,
        "total_ios" : 65536,
        "short_ios" : 0,
        "drop_ios" : 0,
        "slat_ns" : {
          "min" : 0,
          "max" : 0,
          "mean" : 0.000000,
          "stddev" : 0.000000,
          "N" : 0
        },
        "clat_ns" : {
          "min" : 45000,
          "max" : 3053000,
          "mean" : 59878.814697,
          "stddev" : 29587.396753,
          "N" : 65536,
          "percentile" : {
            "1.000000" : 49920,
            "5.000000" : 50944,
            "10.000000" : 50944,
            "20.000000" : 51968,
            "30.000000" : 51968,
            "40.000000" : 51968,
            "50.000000" : 51968,
            "60.000000" : 52992,
            "70.000000" : 52992,
            "80.000000" : 54016,
            "90.000000" : 77312,
            "95.000000" : 98816,
            "99.000000" : 199680,
            "99.500000" : 218112,
            "99.900000" : 264192,
            "99.950000" : 309248,
            "99.990000" : 509952
          }
        },
        "lat_ns" : {
          "min" : 46000,
          "max" : 3054000,
          "mean" : 60347.335815,
          "stddev" : 29602.025101,
          "N" : 65536
        },
        "bw_min" : 237563,
        "bw_max" : 264892,
        "bw_agg" : 100.000000,
        "bw_mean" : 254971.000000,
        "bw_dev" : 10604.145187,
        "bw_samples" : 8,
        "iops_min" : 14847,
        "iops_max" : 16555,
        "iops_mean" : 15935.500000,
        "iops_stddev" : 662.818657,
        "iops_samples" : 8
      },
      "trim" : {
        "io_bytes" : 0,
        "io_kbytes" : 0,
        "bw_bytes" : 0,
        "bw" : 0,
        "iops" : 0.000000,
        "runtime" : 0,
        "total_ios" : 0,
        "short_ios" : 0,
        "drop_ios" : 0,
        "slat_ns" : {
          "min" : 0,
          "max" : 0,
          "mean" : 0.000000,
          "stddev" : 0.000000,
          "N" : 0
        },
        "clat_ns" : {
          "min" : 0,
          "max" : 0,
          "mean" : 0.000000,
          "stddev" : 0.000000,
          "N" : 0
        },
        "lat_ns" : {
          "min" : 0,
          "max" : 0,
          "mean" : 0.000000,
          "stddev" : 0.000000,
          "N" : 0
        },
        "bw_min" : 0,
        "bw_max" : 0,
        "bw_agg" : 0.000000,
        "bw_mean" : 0.000000,
        "bw_dev" : 0.000000,
        "bw_samples" : 0,
        "iops_min" : 0,
        "iops_max" : 0,
        "iops_mean" : 0.000000,
        "iops_stddev" : 0.000000,
        "iops_samples" : 0
      },
      "sync" : {
        "total_ios" : 0,
        "lat_ns" : {
          "min" : 0,
          "max" : 0,
          "mean" : 0.000000,
          "stddev" : 0.000000,
          "N" : 0
        }
      },
      "job_runtime" : 4113,
      "usr_cpu" : 5.859470,
      "sys_cpu" : 48.140044,
      "ctx" : 65719,
      "majf" : 0,
      "minf" : 32,
      "iodepth_level" : {
        "1" : 100.000000,
        "2" : 0.000000,
        "4" : 0.000000,
        "8" : 0.000000,
        "16" : 0.000000,
        "32" : 0.000000,
        ">=64" : 0.000000
      },
      "iodepth_submit" : {
        "0" : 0.000000,
        "4" : 100.000000,
        "8" : 0.000000,
        "16" : 0.000000,
        "32" : 0.000000,
        "64" : 0.000000,
        ">=64" : 0.000000
      },
      "iodepth_complete" : {
        "0" : 0.000000,
        "4" : 100.000000,
        "8" : 0.000000,
        "16" : 0.000000,
        "32" : 0.000000,
        "64" : 0.000000,
        ">=64" : 0.000000
      },
      "latency_ns" : {
        "2" : 0.000000,
        "4" : 0.000000,
        "10" : 0.000000,
        "20" : 0.000000,
        "50" : 0.000000,
        "100" : 0.000000,
        "250" : 0.000000,
        "500" : 0.000000,
        "750" : 0.000000,
        "1000" : 0.000000
      },
      "latency_us" : {
        "2" : 0.000000,
        "4" : 0.000000,
        "10" : 0.000000,
        "20" : 0.000000,
        "50" : 0.039673,
        "100" : 95.127869,
        "250" : 4.681396,
        "500" : 0.137329,
        "750" : 0.010000,
        "1000" : 0.000000
      },
      "latency_ms" : {
        "2" : 0.010000,
        "4" : 0.010000,
        "10" : 0.000000,
        "20" : 0.000000,
        "50" : 0.000000,
        "100" : 0.000000,
        "250" : 0.000000,
        "500" : 0.000000,
        "750" : 0.000000,
        "1000" : 0.000000,
        "2000" : 0.000000,
        ">=2000" : 0.000000
      },
      "latency_depth" : 1,
      "latency_target" : 0,
      "latency_percentile" : 100.000000,
      "latency_window" : 0
    }
  ]
}
