{
  "fio version" : "fio-3.38",
  "timestamp" : 1729842514,
  "timestamp_ms" : 1729842514053,
  "time" : "Fri Oct 25 09:48:34 2024",
  "jobs" : [
    {
      "jobname" : "Exo1_seq_50_rep_5",
      "groupid" : 0,
      "job_start" : 1729842508801,
      "error" : 0,
      "eta" : 0,
      "elapsed" : 6,
      "job options" : {
        "name" : "Exo1_seq_50_rep_5",
        "runtime" : "60",
        "numjobs" : "1",
        "rwmixwrite" : "50",
        "bs" : "16k",
        "filesize" : "1G",
        "direct" : "1",
        "rw" : "rw"
      },
      "read" : {
        "io_bytes" : 536363008,
        "io_kbytes" : 523792,
        "bw_bytes" : 106484615,
        "bw" : 103988,
        "iops" : 6499.305142,
        "runtime" : 5037,
        "total_ios" : 32737,
        "short_ios" : 0,
        "drop_ios" : 0,
        "slat_ns" : {
          "min" : 0,
          "max" : 0,
          "mean" : 0.000000,
          "stddev" : 0.000000,
          "N" : 0
        },
        "clat_ns" : {
          "min" : 9000,
          "max" : 4977000,
          "mean" : 81752.268076,
          "stddev" : 117303.078849,
          "N" : 32737,
          "percentile" : {
            "1.000000" : 37120,
            "5.000000" : 37120,
            "10.000000" : 38144,
            "20.000000" : 38144,
            "30.000000" : 39168,
            "40.000000" : 39168,
            "50.000000" : 40192,
            "60.000000" : 42240,
            "70.000000" : 76288,
            "80.000000" : 128512,
            "90.000000" : 171008,
            "95.000000" : 214016,
            "99.000000" : 288768,
            "99.500000" : 749568,
            "99.900000" : 1564672,
            "99.950000" : 1925120,
            "99.990000" : 3260416
          }
        },
        "lat_ns" : {
          "min" : 9000,
          "max" : 4977000,
          "mean" : 81967.223631,
          "stddev" : 117320.429619,
          "N" : 32737
        },
        "bw_min" : 67257,
        "bw_max" : 153632,
        "bw_agg" : 99.775090,
        "bw_mean" : 103755.900000,
        "bw_dev" : 35286.640712,
        "bw_samples" : 10,
        "iops_min" : 4203,
        "iops_max" : 9602,
        "iops_mean" : 6484.500000,
        "iops_stddev" : 2205.417836,
        "iops_samples" : 10
      },
      "write" : {
        "io_bytes" : 537378816,
        "io_kbytes" : 524784,
        "bw_bytes" : 106686284,
        "bw" : 104185,
        "iops" : 6511.614056,
        "runtime" : 5037,
        "total_ios" : 32799,
        "short_ios" : 0,
        "drop_ios" : 0,
        "slat_ns" : {
          "min" : 0,
          "max" : 0,
          "mean" : 0.000000,
          "stddev" : 0.000000,
          "N" : 0
        },
        "clat_ns" : {
          "min" : 48000,
          "max" : 1819000,
          "mean" : 66857.770054,
          "stddev" : 29955.165747,
          "N" : 32799,
          "percentile" : {
            "1.000000" : 49920,
            "5.000000" : 50944,
            "10.000000" : 50944,
            "20.000000" : 50944,
            "30.000000" : 51968,
            "40.000000" : 51968,
            "50.000000" : 52992,
            "60.000000" : 52992,
            "70.000000" : 57088,
            "80.000000" : 87552,
            "90.000000" : 110080,
            "95.000000" : 129536,
            "99.000000" : 146432,
            "99.500000" : 160768,
            "99.900000" : 288768,
            "99.950000" : 329728,
            "99.990000" : 481280
          }
        },
        "lat_ns" : {
          "min" : 49000,
          "max" : 1820000,
          "mean" : 67324.034269,
          "stddev" : 30012.507385,
          "N" : 32799
        },
        "bw_min" : 67161,
        "bw_max" : 155528,
        "bw_agg" : 99.818762,
        "bw_mean" : 103997.100000,
        "bw_dev" : 35328.792011,
        "bw_samples" : 10,
        "iops_min" : 4197,
        "iops_max" : 9720,
        "iops_mean" : 6499.700000,
        "iops_stddev" : 2208.043279,
        "iops_samples" : 10
      },
      "trim" : {
        "io_bytes" : 0,
        "io_kbytes" : 0,
        "bw_bytes" : 0,
        "bw" : 0,
        "iops" : 0.000000,
        "runtime" : 0,
        "total_ios" : 0,
        "short_ios" : 0,
        "drop_ios" : 0,
        "slat_ns" : {
          "min" : 0,
          "max" : 0,
          "mean" : 0.000000,
          "stddev" : 0.000000,
          "N" : 0
        },
        "clat_ns" : {
          "min" : 0,
          "max" : 0,
          "mean" : 0.000000,
          "stddev" : 0.000000,
          "N" : 0
        },
        "lat_ns" : {
          "min" : 0,
          "max" : 0,
          "mean" : 0.000000,
          "stddev" : 0.000000,
          "N" : 0
        },
        "bw_min" : 0,
        "bw_max" : 0,
        "bw_agg" : 0.000000,
        "bw_mean" : 0.000000,
        "bw_dev" : 0.000000,
        "bw_samples" : 0,
        "iops_min" : 0,
        "iops_max" : 0,
        "iops_mean" : 0.000000,
        "iops_stddev" : 0.000000,
        "iops_samples" : 0
      },
      "sync" : {
        "total_ios" : 0,
        "lat_ns" : {
          "min" : 0,
          "max" : 0,
          "mean" : 0.000000,
          "stddev" : 0.000000,
          "N" : 0
        }
      },
      "job_runtime" : 5036,
      "usr_cpu" : 4.368546,
      "sys_cpu" : 37.787927,
      "ctx" : 65715,
      "majf" : 0,
      "minf" : 37,
      "iodepth_level" : {
        "1" : 100.000000,
        "2" : 0.000000,
        "4" : 0.000000,
        "8" : 0.000000,
        "16" : 0.000000,
        "32" : 0.000000,
        ">=64" : 0.000000
      },
      "iodepth_submit" : {
        "0" : 0.000000,
        "4" : 100.000000,
        "8" : 0.000000,
        "16" : 0.000000,
        "32" : 0.000000,
        "64" : 0.000000,
        ">=64" : 0.000000
      },
      "iodepth_complete" : {
        "0" : 0.000000,
        "4" : 100.000000,
        "8" : 0.000000,
        "16" : 0.000000,
        "32" : 0.000000,
        "64" : 0.000000,
        ">=64" : 0.000000
      },
      "latency_ns" : {
        "2" : 0.000000,
        "4" : 0.000000,
        "10" : 0.000000,
        "20" : 0.000000,
        "50" : 0.000000,
        "100" : 0.000000,
        "250" : 0.000000,
        "500" : 0.000000,
        "750" : 0.000000,
        "1000" : 0.000000
      },
      "latency_us" : {
        "2" : 0.000000,
        "4" : 0.000000,
        "10" : 0.010000,
        "20" : 0.010000,
        "50" : 33.137512,
        "100" : 46.284485,
        "250" : 19.403076,
        "500" : 0.891113,
        "750" : 0.021362,
        "1000" : 0.045776
      },
      "latency_ms" : {
        "2" : 0.190735,
        "4" : 0.012207,
        "10" : 0.010000,
        "20" : 0.000000,
        "50" : 0.000000,
        "100" : 0.000000,
        "250" : 0.000000,
        "500" : 0.000000,
        "750" : 0.000000,
        "1000" : 0.000000,
        "2000" : 0.000000,
        ">=2000" : 0.000000
      },
      "latency_depth" : 1,
      "latency_target" : 0,
      "latency_percentile" : 100.000000,
      "latency_window" : 0
    }
  ]
}
