{
  "fio version" : "fio-3.38",
  "timestamp" : 1729842956,
  "timestamp_ms" : 1729842956327,
  "time" : "Fri Oct 25 09:55:56 2024",
  "jobs" : [
    {
      "jobname" : "Exo1_rand_62.5_rep_5",
      "groupid" : 0,
      "job_start" : 1729842946882,
      "error" : 0,
      "eta" : 0,
      "elapsed" : 10,
      "job options" : {
        "name" : "Exo1_rand_62.5_rep_5",
        "runtime" : "60",
        "numjobs" : "1",
        "rwmixwrite" : "62.5",
        "bs" : "16k",
        "filesize" : "1G",
        "direct" : "1",
        "rw" : "randrw"
      },
      "read" : {
        "io_bytes" : 407207936,
        "io_kbytes" : 397664,
        "bw_bytes" : 44046288,
        "bw" : 43013,
        "iops" : 2688.372093,
        "runtime" : 9245,
        "total_ios" : 24854,
        "short_ios" : 0,
        "drop_ios" : 0,
        "slat_ns" : {
          "min" : 0,
          "max" : 0,
          "mean" : 0.000000,
          "stddev" : 0.000000,
          "N" : 0
        },
        "clat_ns" : {
          "min" : 4000,
          "max" : 4306000,
          "mean" : 178098.736622,
          "stddev" : 206495.585858,
          "N" : 24854,
          "percentile" : {
            "1.000000" : 5024,
            "5.000000" : 7008,
            "10.000000" : 8032,
            "20.000000" : 10048,
            "30.000000" : 12992,
            "40.000000" : 158720,
            "50.000000" : 197632,
            "60.000000" : 222208,
            "70.000000" : 244736,
            "80.000000" : 259072,
            "90.000000" : 280576,
            "95.000000" : 296960,
            "99.000000" : 1171456,
            "99.500000" : 1417216,
            "99.900000" : 2146304,
            "99.950000" : 2277376,
            "99.990000" : 4014080
          }
        },
        "lat_ns" : {
          "min" : 4000,
          "max" : 4307000,
          "mean" : 178478.112175,
          "stddev" : 206502.805859,
          "N" : 24854
        },
        "bw_min" : 36739,
        "bw_max" : 49408,
        "bw_agg" : 99.523519,
        "bw_mean" : 42809.666667,
        "bw_dev" : 3832.848764,
        "bw_samples" : 18,
        "iops_min" : 2296,
        "iops_max" : 3088,
        "iops_mean" : 2675.444444,
        "iops_stddev" : 239.611505,
        "iops_samples" : 18
      },
      "write" : {
        "io_bytes" : 666533888,
        "io_kbytes" : 650912,
        "bw_bytes" : 72096688,
        "bw" : 70406,
        "iops" : 4400.432666,
        "runtime" : 9245,
        "total_ios" : 40682,
        "short_ios" : 0,
        "drop_ios" : 0,
        "slat_ns" : {
          "min" : 0,
          "max" : 0,
          "mean" : 0.000000,
          "stddev" : 0.000000,
          "N" : 0
        },
        "clat_ns" : {
          "min" : 47000,
          "max" : 588000,
          "mean" : 112238.164299,
          "stddev" : 29751.184790,
          "N" : 40682,
          "percentile" : {
            "1.000000" : 51968,
            "5.000000" : 54016,
            "10.000000" : 64256,
            "20.000000" : 91648,
            "30.000000" : 104960,
            "40.000000" : 118272,
            "50.000000" : 119296,
            "60.000000" : 120320,
            "70.000000" : 121344,
            "80.000000" : 128512,
            "90.000000" : 142336,
            "95.000000" : 146432,
            "99.000000" : 183296,
            "99.500000" : 211968,
            "99.900000" : 276480,
            "99.950000" : 325632,
            "99.990000" : 473088
          }
        },
        "lat_ns" : {
          "min" : 48000,
          "max" : 588000,
          "mean" : 112876.726808,
          "stddev" : 29861.945150,
          "N" : 40682
        },
        "bw_min" : 61805,
        "bw_max" : 80416,
        "bw_agg" : 99.396477,
        "bw_mean" : 69982.222222,
        "bw_dev" : 5525.694522,
        "bw_samples" : 18,
        "iops_min" : 3862,
        "iops_max" : 5026,
        "iops_mean" : 4373.666667,
        "iops_stddev" : 345.473247,
        "iops_samples" : 18
      },
      "trim" : {
        "io_bytes" : 0,
        "io_kbytes" : 0,
        "bw_bytes" : 0,
        "bw" : 0,
        "iops" : 0.000000,
        "runtime" : 0,
        "total_ios" : 0,
        "short_ios" : 0,
        "drop_ios" : 0,
        "slat_ns" : {
          "min" : 0,
          "max" : 0,
          "mean" : 0.000000,
          "stddev" : 0.000000,
          "N" : 0
        },
        "clat_ns" : {
          "min" : 0,
          "max" : 0,
          "mean" : 0.000000,
          "stddev" : 0.000000,
          "N" : 0
        },
        "lat_ns" : {
          "min" : 0,
          "max" : 0,
          "mean" : 0.000000,
          "stddev" : 0.000000,
          "N" : 0
        },
        "bw_min" : 0,
        "bw_max" : 0,
        "bw_agg" : 0.000000,
        "bw_mean" : 0.000000,
        "bw_dev" : 0.000000,
        "bw_samples" : 0,
        "iops_min" : 0,
        "iops_max" : 0,
        "iops_mean" : 0.000000,
        "iops_stddev" : 0.000000,
        "iops_samples" : 0
      },
      "sync" : {
        "total_ios" : 0,
        "lat_ns" : {
          "min" : 0,
          "max" : 0,
          "mean" : 0.000000,
          "stddev" : 0.000000,
          "N" : 0
        }
      },
      "job_runtime" : 9244,
      "usr_cpu" : 3.732151,
      "sys_cpu" : 28.191259,
      "ctx" : 57600,
      "majf" : 0,
      "minf" : 34,
      "iodepth_level" : {
        "1" : 100.000000,
        "2" : 0.000000,
        "4" : 0.000000,
        "8" : 0.000000,
        "16" : 0.000000,
        "32" : 0.000000,
        ">=64" : 0.000000
      },
      "iodepth_submit" : {
        "0" : 0.000000,
        "4" : 100.000000,
        "8" : 0.000000,
        "16" : 0.000000,
        "32" : 0.000000,
        "64" : 0.000000,
        ">=64" : 0.000000
      },
      "iodepth_complete" : {
        "0" : 0.000000,
        "4" : 100.000000,
        "8" : 0.000000,
        "16" : 0.000000,
        "32" : 0.000000,
        "64" : 0.000000,
        ">=64" : 0.000000
      },
      "latency_ns" : {
        "2" : 0.000000,
        "4" : 0.000000,
        "10" : 0.000000,
        "20" : 0.000000,
        "50" : 0.000000,
        "100" : 0.000000,
        "250" : 0.000000,
        "500" : 0.000000,
        "750" : 0.000000,
        "1000" : 0.000000
      },
      "latency_us" : {
        "2" : 0.000000,
        "4" : 0.000000,
        "10" : 7.296753,
        "20" : 4.939270,
        "50" : 0.370789,
        "100" : 15.394592,
        "250" : 61.860657,
        "500" : 9.286499,
        "750" : 0.099182,
        "1000" : 0.181580
      },
      "latency_ms" : {
        "2" : 0.518799,
        "4" : 0.047302,
        "10" : 0.010000,
        "20" : 0.000000,
        "50" : 0.000000,
        "100" : 0.000000,
        "250" : 0.000000,
        "500" : 0.000000,
        "750" : 0.000000,
        "1000" : 0.000000,
        "2000" : 0.000000,
        ">=2000" : 0.000000
      },
      "latency_depth" : 1,
      "latency_target" : 0,
      "latency_percentile" : 100.000000,
      "latency_window" : 0
    }
  ]
}
