{
  "fio version" : "fio-3.38",
  "timestamp" : 1729842710,
  "timestamp_ms" : 1729842710544,
  "time" : "Fri Oct 25 09:51:50 2024",
  "jobs" : [
    {
      "jobname" : "Exo1_rand_12.5_rep_2",
      "groupid" : 0,
      "job_start" : 1729842702531,
      "error" : 0,
      "eta" : 0,
      "elapsed" : 9,
      "job options" : {
        "name" : "Exo1_rand_12.5_rep_2",
        "runtime" : "60",
        "numjobs" : "1",
        "rwmixwrite" : "12.5",
        "bs" : "16k",
        "filesize" : "1G",
        "direct" : "1",
        "rw" : "randrw"
      },
      "read" : {
        "io_bytes" : 944881664,
        "io_kbytes" : 922736,
        "bw_bytes" : 121325329,
        "bw" : 118481,
        "iops" : 7405.110426,
        "runtime" : 7788,
        "total_ios" : 57671,
        "short_ios" : 0,
        "drop_ios" : 0,
        "slat_ns" : {
          "min" : 0,
          "max" : 0,
          "mean" : 0.000000,
          "stddev" : 0.000000,
          "N" : 0
        },
        "clat_ns" : {
          "min" : 4000,
          "max" : 5125000,
          "mean" : 119106.934161,
          "stddev" : 109756.720395,
          "N" : 57671,
          "percentile" : {
            "1.000000" : 4016,
            "5.000000" : 5024,
            "10.000000" : 5024,
            "20.000000" : 5984,
            "30.000000" : 9024,
            "40.000000" : 121344,
            "50.000000" : 132096,
            "60.000000" : 144384,
            "70.000000" : 162816,
            "80.000000" : 199680,
            "90.000000" : 232448,
            "95.000000" : 252928,
            "99.000000" : 284672,
            "99.500000" : 342016,
            "99.900000" : 1351680,
            "99.950000" : 1466368,
            "99.990000" : 2211840
          }
        },
        "lat_ns" : {
          "min" : 4000,
          "max" : 5125000,
          "mean" : 119339.772156,
          "stddev" : 109774.452559,
          "N" : 57671
        },
        "bw_min" : 98528,
        "bw_max" : 144704,
        "bw_agg" : 99.774002,
        "bw_mean" : 118214.266667,
        "bw_dev" : 12214.495718,
        "bw_samples" : 15,
        "iops_min" : 6158,
        "iops_max" : 9044,
        "iops_mean" : 7388.333333,
        "iops_stddev" : 763.351040,
        "iops_samples" : 15
      },
      "write" : {
        "io_bytes" : 128860160,
        "io_kbytes" : 125840,
        "bw_bytes" : 16545988,
        "bw" : 16158,
        "iops" : 1009.887006,
        "runtime" : 7788,
        "total_ios" : 7865,
        "short_ios" : 0,
        "drop_ios" : 0,
        "slat_ns" : {
          "min" : 0,
          "max" : 0,
          "mean" : 0.000000,
          "stddev" : 0.000000,
          "N" : 0
        },
        "clat_ns" : {
          "min" : 50000,
          "max" : 508000,
          "mean" : 96419.326128,
          "stddev" : 34813.211539,
          "N" : 7865,
          "percentile" : {
            "1.000000" : 51968,
            "5.000000" : 52992,
            "10.000000" : 54016,
            "20.000000" : 56064,
            "30.000000" : 76288,
            "40.000000" : 95744,
            "50.000000" : 98816,
            "60.000000" : 105984,
            "70.000000" : 116224,
            "80.000000" : 122368,
            "90.000000" : 128512,
            "95.000000" : 140288,
            "99.000000" : 179200,
            "99.500000" : 272384,
            "99.900000" : 358400,
            "99.950000" : 370688,
            "99.990000" : 509952
          }
        },
        "lat_ns" : {
          "min" : 51000,
          "max" : 509000,
          "mean" : 96876.033058,
          "stddev" : 34884.127574,
          "N" : 7865
        },
        "bw_min" : 13248,
        "bw_max" : 19392,
        "bw_agg" : 99.584165,
        "bw_mean" : 16091.400000,
        "bw_dev" : 1854.180674,
        "bw_samples" : 15,
        "iops_min" : 828,
        "iops_max" : 1212,
        "iops_mean" : 1005.666667,
        "iops_stddev" : 115.832186,
        "iops_samples" : 15
      },
      "trim" : {
        "io_bytes" : 0,
        "io_kbytes" : 0,
        "bw_bytes" : 0,
        "bw" : 0,
        "iops" : 0.000000,
        "runtime" : 0,
        "total_ios" : 0,
        "short_ios" : 0,
        "drop_ios" : 0,
        "slat_ns" : {
          "min" : 0,
          "max" : 0,
          "mean" : 0.000000,
          "stddev" : 0.000000,
          "N" : 0
        },
        "clat_ns" : {
          "min" : 0,
          "max" : 0,
          "mean" : 0.000000,
          "stddev" : 0.000000,
          "N" : 0
        },
        "lat_ns" : {
          "min" : 0,
          "max" : 0,
          "mean" : 0.000000,
          "stddev" : 0.000000,
          "N" : 0
        },
        "bw_min" : 0,
        "bw_max" : 0,
        "bw_agg" : 0.000000,
        "bw_mean" : 0.000000,
        "bw_dev" : 0.000000,
        "bw_samples" : 0,
        "iops_min" : 0,
        "iops_max" : 0,
        "iops_mean" : 0.000000,
        "iops_stddev" : 0.000000,
        "iops_samples" : 0
      },
      "sync" : {
        "total_ios" : 0,
        "lat_ns" : {
          "min" : 0,
          "max" : 0,
          "mean" : 0.000000,
          "stddev" : 0.000000,
          "N" : 0
        }
      },
      "job_runtime" : 7787,
      "usr_cpu" : 2.915115,
      "sys_cpu" : 18.826249,
      "ctx" : 46164,
      "majf" : 0,
      "minf" : 29,
      "iodepth_level" : {
        "1" : 100.000000,
        "2" : 0.000000,
        "4" : 0.000000,
        "8" : 0.000000,
        "16" : 0.000000,
        "32" : 0.000000,
        ">=64" : 0.000000
      },
      "iodepth_submit" : {
        "0" : 0.000000,
        "4" : 100.000000,
        "8" : 0.000000,
        "16" : 0.000000,
        "32" : 0.000000,
        "64" : 0.000000,
        ">=64" : 0.000000
      },
      "iodepth_complete" : {
        "0" : 0.000000,
        "4" : 100.000000,
        "8" : 0.000000,
        "16" : 0.000000,
        "32" : 0.000000,
        "64" : 0.000000,
        ">=64" : 0.000000
      },
      "latency_ns" : {
        "2" : 0.000000,
        "4" : 0.000000,
        "10" : 0.000000,
        "20" : 0.000000,
        "50" : 0.000000,
        "100" : 0.000000,
        "250" : 0.000000,
        "500" : 0.000000,
        "750" : 0.000000,
        "1000" : 0.000000
      },
      "latency_us" : {
        "2" : 0.000000,
        "4" : 0.000000,
        "10" : 27.403259,
        "20" : 1.554871,
        "50" : 0.904846,
        "100" : 6.350708,
        "250" : 58.831787,
        "500" : 4.652405,
        "750" : 0.134277,
        "1000" : 0.010000
      },
      "latency_ms" : {
        "2" : 0.151062,
        "4" : 0.010000,
        "10" : 0.010000,
        "20" : 0.000000,
        "50" : 0.000000,
        "100" : 0.000000,
        "250" : 0.000000,
        "500" : 0.000000,
        "750" : 0.000000,
        "1000" : 0.000000,
        "2000" : 0.000000,
        ">=2000" : 0.000000
      },
      "latency_depth" : 1,
      "latency_target" : 0,
      "latency_percentile" : 100.000000,
      "latency_window" : 0
    }
  ]
}
