{
  "fio version" : "fio-3.38",
  "timestamp" : 1729842467,
  "timestamp_ms" : 1729842467149,
  "time" : "Fri Oct 25 09:47:47 2024",
  "jobs" : [
    {
      "jobname" : "Exo1_seq_37.5_rep_3",
      "groupid" : 0,
      "job_start" : 1729842461133,
      "error" : 0,
      "eta" : 0,
      "elapsed" : 7,
      "job options" : {
        "name" : "Exo1_seq_37.5_rep_3",
        "runtime" : "60",
        "numjobs" : "1",
        "rwmixwrite" : "37.5",
        "bs" : "16k",
        "filesize" : "1G",
        "direct" : "1",
        "rw" : "rw"
      },
      "read" : {
        "io_bytes" : 676413440,
        "io_kbytes" : 660560,
        "bw_bytes" : 116242213,
        "bw" : 113517,
        "iops" : 7094.861660,
        "runtime" : 5819,
        "total_ios" : 41285,
        "short_ios" : 0,
        "drop_ios" : 0,
        "slat_ns" : {
          "min" : 0,
          "max" : 0,
          "mean" : 0.000000,
          "stddev" : 0.000000,
          "N" : 0
        },
        "clat_ns" : {
          "min" : 36000,
          "max" : 5073000,
          "mean" : 93029.720237,
          "stddev" : 117080.330590,
          "N" : 41285,
          "percentile" : {
            "1.000000" : 37120,
            "5.000000" : 37120,
            "10.000000" : 38144,
            "20.000000" : 38144,
            "30.000000" : 39168,
            "40.000000" : 40192,
            "50.000000" : 56064,
            "60.000000" : 80384,
            "70.000000" : 113152,
            "80.000000" : 132096,
            "90.000000" : 168960,
            "95.000000" : 214016,
            "99.000000" : 292864,
            "99.500000" : 897024,
            "99.900000" : 1646592,
            "99.950000" : 1794048,
            "99.990000" : 3031040
          }
        },
        "lat_ns" : {
          "min" : 36000,
          "max" : 5074000,
          "mean" : 93213.273586,
          "stddev" : 117090.739113,
          "N" : 41285
        },
        "bw_min" : 99936,
        "bw_max" : 138358,
        "bw_agg" : 99.638131,
        "bw_mean" : 113107.090909,
        "bw_dev" : 13407.501874,
        "bw_samples" : 11,
        "iops_min" : 6246,
        "iops_max" : 8647,
        "iops_mean" : 7068.909091,
        "iops_stddev" : 837.856844,
        "iops_samples" : 11
      },
      "write" : {
        "io_bytes" : 397328384,
        "io_kbytes" : 388016,
        "bw_bytes" : 68281213,
        "bw" : 66680,
        "iops" : 4167.554563,
        "runtime" : 5819,
        "total_ios" : 24251,
        "short_ios" : 0,
        "drop_ios" : 0,
        "slat_ns" : {
          "min" : 0,
          "max" : 0,
          "mean" : 0.000000,
          "stddev" : 0.000000,
          "N" : 0
        },
        "clat_ns" : {
          "min" : 49000,
          "max" : 1806000,
          "mean" : 74486.495402,
          "stddev" : 33604.412037,
          "N" : 24251,
          "percentile" : {
            "1.000000" : 49920,
            "5.000000" : 50944,
            "10.000000" : 50944,
            "20.000000" : 51968,
            "30.000000" : 51968,
            "40.000000" : 52992,
            "50.000000" : 54016,
            "60.000000" : 60160,
            "70.000000" : 88576,
            "80.000000" : 100864,
            "90.000000" : 126464,
            "95.000000" : 130560,
            "99.000000" : 146432,
            "99.500000" : 160768,
            "99.900000" : 284672,
            "99.950000" : 346112,
            "99.990000" : 501760
          }
        },
        "lat_ns" : {
          "min" : 50000,
          "max" : 1806000,
          "mean" : 74961.609831,
          "stddev" : 33660.349129,
          "N" : 24251
        },
        "bw_min" : 57248,
        "bw_max" : 80509,
        "bw_agg" : 99.487301,
        "bw_mean" : 66339.636364,
        "bw_dev" : 7881.266437,
        "bw_samples" : 11,
        "iops_min" : 3578,
        "iops_max" : 5031,
        "iops_mean" : 4146.000000,
        "iops_stddev" : 492.437813,
        "iops_samples" : 11
      },
      "trim" : {
        "io_bytes" : 0,
        "io_kbytes" : 0,
        "bw_bytes" : 0,
        "bw" : 0,
        "iops" : 0.000000,
        "runtime" : 0,
        "total_ios" : 0,
        "short_ios" : 0,
        "drop_ios" : 0,
        "slat_ns" : {
          "min" : 0,
          "max" : 0,
          "mean" : 0.000000,
          "stddev" : 0.000000,
          "N" : 0
        },
        "clat_ns" : {
          "min" : 0,
          "max" : 0,
          "mean" : 0.000000,
          "stddev" : 0.000000,
          "N" : 0
        },
        "lat_ns" : {
          "min" : 0,
          "max" : 0,
          "mean" : 0.000000,
          "stddev" : 0.000000,
          "N" : 0
        },
        "bw_min" : 0,
        "bw_max" : 0,
        "bw_agg" : 0.000000,
        "bw_mean" : 0.000000,
        "bw_dev" : 0.000000,
        "bw_samples" : 0,
        "iops_min" : 0,
        "iops_max" : 0,
        "iops_mean" : 0.000000,
        "iops_stddev" : 0.000000,
        "iops_samples" : 0
      },
      "sync" : {
        "total_ios" : 0,
        "lat_ns" : {
          "min" : 0,
          "max" : 0,
          "mean" : 0.000000,
          "stddev" : 0.000000,
          "N" : 0
        }
      },
      "job_runtime" : 5818,
      "usr_cpu" : 3.832932,
      "sys_cpu" : 33.826057,
      "ctx" : 65773,
      "majf" : 0,
      "minf" : 32,
      "iodepth_level" : {
        "1" : 100.000000,
        "2" : 0.000000,
        "4" : 0.000000,
        "8" : 0.000000,
        "16" : 0.000000,
        "32" : 0.000000,
        ">=64" : 0.000000
      },
      "iodepth_submit" : {
        "0" : 0.000000,
        "4" : 100.000000,
        "8" : 0.000000,
        "16" : 0.000000,
        "32" : 0.000000,
        "64" : 0.000000,
        ">=64" : 0.000000
      },
      "iodepth_complete" : {
        "0" : 0.000000,
        "4" : 100.000000,
        "8" : 0.000000,
        "16" : 0.000000,
        "32" : 0.000000,
        "64" : 0.000000,
        ">=64" : 0.000000
      },
      "latency_ns" : {
        "2" : 0.000000,
        "4" : 0.000000,
        "10" : 0.000000,
        "20" : 0.000000,
        "50" : 0.000000,
        "100" : 0.000000,
        "250" : 0.000000,
        "500" : 0.000000,
        "750" : 0.000000,
        "1000" : 0.000000
      },
      "latency_us" : {
        "2" : 0.000000,
        "4" : 0.000000,
        "10" : 0.000000,
        "20" : 0.000000,
        "50" : 30.850220,
        "100" : 37.730408,
        "250" : 29.684448,
        "500" : 1.249695,
        "750" : 0.091553,
        "1000" : 0.112915
      },
      "latency_ms" : {
        "2" : 0.268555,
        "4" : 0.010681,
        "10" : 0.010000,
        "20" : 0.000000,
        "50" : 0.000000,
        "100" : 0.000000,
        "250" : 0.000000,
        "500" : 0.000000,
        "750" : 0.000000,
        "1000" : 0.000000,
        "2000" : 0.000000,
        ">=2000" : 0.000000
      },
      "latency_depth" : 1,
      "latency_target" : 0,
      "latency_percentile" : 100.000000,
      "latency_window" : 0
    }
  ]
}
