{
  "fio version" : "fio-3.38",
  "timestamp" : 1729842913,
  "timestamp_ms" : 1729842913204,
  "time" : "Fri Oct 25 09:55:13 2024",
  "jobs" : [
    {
      "jobname" : "Exo1_rand_62.5_rep_1",
      "groupid" : 0,
      "job_start" : 1729842903721,
      "error" : 0,
      "eta" : 0,
      "elapsed" : 10,
      "job options" : {
        "name" : "Exo1_rand_62.5_rep_1",
        "runtime" : "60",
        "numjobs" : "1",
        "rwmixwrite" : "62.5",
        "bs" : "16k",
        "filesize" : "1G",
        "direct" : "1",
        "rw" : "randrw"
      },
      "read" : {
        "io_bytes" : 407207936,
        "io_kbytes" : 397664,
        "bw_bytes" : 43715291,
        "bw" : 42690,
        "iops" : 2668.169619,
        "runtime" : 9315,
        "total_ios" : 24854,
        "short_ios" : 0,
        "drop_ios" : 0,
        "slat_ns" : {
          "min" : 0,
          "max" : 0,
          "mean" : 0.000000,
          "stddev" : 0.000000,
          "N" : 0
        },
        "clat_ns" : {
          "min" : 4000,
          "max" : 3992000,
          "mean" : 172342.761728,
          "stddev" : 203250.584118,
          "N" : 24854,
          "percentile" : {
            "1.000000" : 5984,
            "5.000000" : 7008,
            "10.000000" : 8032,
            "20.000000" : 9024,
            "30.000000" : 10944,
            "40.000000" : 148480,
            "50.000000" : 201728,
            "60.000000" : 224256,
            "70.000000" : 246784,
            "80.000000" : 261120,
            "90.000000" : 280576,
            "95.000000" : 296960,
            "99.000000" : 1155072,
            "99.500000" : 1335296,
            "99.900000" : 2146304,
            "99.950000" : 2342912,
            "99.990000" : 3883008
          }
        },
        "lat_ns" : {
          "min" : 4000,
          "max" : 3993000,
          "mean" : 172698.076768,
          "stddev" : 203263.456745,
          "N" : 24854
        },
        "bw_min" : 37664,
        "bw_max" : 46624,
        "bw_agg" : 100.000000,
        "bw_mean" : 42723.666667,
        "bw_dev" : 2554.416982,
        "bw_samples" : 18,
        "iops_min" : 2354,
        "iops_max" : 2914,
        "iops_mean" : 2670.111111,
        "iops_stddev" : 159.620096,
        "iops_samples" : 18
      },
      "write" : {
        "io_bytes" : 666533888,
        "io_kbytes" : 650912,
        "bw_bytes" : 71554899,
        "bw" : 69877,
        "iops" : 4367.364466,
        "runtime" : 9315,
        "total_ios" : 40682,
        "short_ios" : 0,
        "drop_ios" : 0,
        "slat_ns" : {
          "min" : 0,
          "max" : 0,
          "mean" : 0.000000,
          "stddev" : 0.000000,
          "N" : 0
        },
        "clat_ns" : {
          "min" : 50000,
          "max" : 26079000,
          "mean" : 117674.376874,
          "stddev" : 135151.577886,
          "N" : 40682,
          "percentile" : {
            "1.000000" : 55040,
            "5.000000" : 66048,
            "10.000000" : 79360,
            "20.000000" : 103936,
            "30.000000" : 115200,
            "40.000000" : 119296,
            "50.000000" : 120320,
            "60.000000" : 120320,
            "70.000000" : 122368,
            "80.000000" : 132096,
            "90.000000" : 142336,
            "95.000000" : 144384,
            "99.000000" : 183296,
            "99.500000" : 211968,
            "99.900000" : 296960,
            "99.950000" : 395264,
            "99.990000" : 1892352
          }
        },
        "lat_ns" : {
          "min" : 51000,
          "max" : 26079000,
          "mean" : 118361.757042,
          "stddev" : 135166.826976,
          "N" : 40682
        },
        "bw_min" : 61280,
        "bw_max" : 77029,
        "bw_agg" : 99.971620,
        "bw_mean" : 69858.388889,
        "bw_dev" : 3794.200530,
        "bw_samples" : 18,
        "iops_min" : 3832,
        "iops_max" : 4814,
        "iops_mean" : 4366.111111,
        "iops_stddev" : 236.859573,
        "iops_samples" : 18
      },
      "trim" : {
        "io_bytes" : 0,
        "io_kbytes" : 0,
        "bw_bytes" : 0,
        "bw" : 0,
        "iops" : 0.000000,
        "runtime" : 0,
        "total_ios" : 0,
        "short_ios" : 0,
        "drop_ios" : 0,
        "slat_ns" : {
          "min" : 0,
          "max" : 0,
          "mean" : 0.000000,
          "stddev" : 0.000000,
          "N" : 0
        },
        "clat_ns" : {
          "min" : 0,
          "max" : 0,
          "mean" : 0.000000,
          "stddev" : 0.000000,
          "N" : 0
        },
        "lat_ns" : {
          "min" : 0,
          "max" : 0,
          "mean" : 0.000000,
          "stddev" : 0.000000,
          "N" : 0
        },
        "bw_min" : 0,
        "bw_max" : 0,
        "bw_agg" : 0.000000,
        "bw_mean" : 0.000000,
        "bw_dev" : 0.000000,
        "bw_samples" : 0,
        "iops_min" : 0,
        "iops_max" : 0,
        "iops_mean" : 0.000000,
        "iops_stddev" : 0.000000,
        "iops_samples" : 0
      },
      "sync" : {
        "total_ios" : 0,
        "lat_ns" : {
          "min" : 0,
          "max" : 0,
          "mean" : 0.000000,
          "stddev" : 0.000000,
          "N" : 0
        }
      },
      "job_runtime" : 9314,
      "usr_cpu" : 3.650419,
      "sys_cpu" : 28.924200,
      "ctx" : 56525,
      "majf" : 0,
      "minf" : 35,
      "iodepth_level" : {
        "1" : 100.000000,
        "2" : 0.000000,
        "4" : 0.000000,
        "8" : 0.000000,
        "16" : 0.000000,
        "32" : 0.000000,
        ">=64" : 0.000000
      },
      "iodepth_submit" : {
        "0" : 0.000000,
        "4" : 100.000000,
        "8" : 0.000000,
        "16" : 0.000000,
        "32" : 0.000000,
        "64" : 0.000000,
        ">=64" : 0.000000
      },
      "iodepth_complete" : {
        "0" : 0.000000,
        "4" : 100.000000,
        "8" : 0.000000,
        "16" : 0.000000,
        "32" : 0.000000,
        "64" : 0.000000,
        ">=64" : 0.000000
      },
      "latency_ns" : {
        "2" : 0.000000,
        "4" : 0.000000,
        "10" : 0.000000,
        "20" : 0.000000,
        "50" : 0.000000,
        "100" : 0.000000,
        "250" : 0.000000,
        "500" : 0.000000,
        "750" : 0.000000,
        "1000" : 0.000000
      },
      "latency_us" : {
        "2" : 0.000000,
        "4" : 0.000000,
        "10" : 7.611084,
        "20" : 6.109619,
        "50" : 0.428772,
        "100" : 10.893250,
        "250" : 64.204407,
        "500" : 9.878540,
        "750" : 0.125122,
        "1000" : 0.187683
      },
      "latency_ms" : {
        "2" : 0.509644,
        "4" : 0.050354,
        "10" : 0.000000,
        "20" : 0.000000,
        "50" : 0.010000,
        "100" : 0.000000,
        "250" : 0.000000,
        "500" : 0.000000,
        "750" : 0.000000,
        "1000" : 0.000000,
        "2000" : 0.000000,
        ">=2000" : 0.000000
      },
      "latency_depth" : 1,
      "latency_target" : 0,
      "latency_percentile" : 100.000000,
      "latency_window" : 0
    }
  ]
}
