{
  "fio version" : "fio-3.38",
  "timestamp" : 1729842414,
  "timestamp_ms" : 1729842414138,
  "time" : "Fri Oct 25 09:46:54 2024",
  "jobs" : [
    {
      "jobname" : "Exo1_seq_12.5_rep_5",
      "groupid" : 0,
      "job_start" : 1729842409872,
      "error" : 0,
      "eta" : 0,
      "elapsed" : 5,
      "job options" : {
        "name" : "Exo1_seq_12.5_rep_5",
        "runtime" : "60",
        "numjobs" : "1",
        "rwmixwrite" : "12.5",
        "bs" : "16k",
        "filesize" : "1G",
        "direct" : "1",
        "rw" : "rw"
      },
      "read" : {
        "io_bytes" : 944881664,
        "io_kbytes" : 922736,
        "bw_bytes" : 226916826,
        "bw" : 221598,
        "iops" : 13849.903939,
        "runtime" : 4164,
        "total_ios" : 57671,
        "short_ios" : 0,
        "drop_ios" : 0,
        "slat_ns" : {
          "min" : 0,
          "max" : 0,
          "mean" : 0.000000,
          "stddev" : 0.000000,
          "N" : 0
        },
        "clat_ns" : {
          "min" : 3000,
          "max" : 3287000,
          "mean" : 59374.590349,
          "stddev" : 68632.347409,
          "N" : 57671,
          "percentile" : {
            "1.000000" : 4016,
            "5.000000" : 4016,
            "10.000000" : 4016,
            "20.000000" : 5984,
            "30.000000" : 45824,
            "40.000000" : 45824,
            "50.000000" : 46848,
            "60.000000" : 47872,
            "70.000000" : 49920,
            "80.000000" : 66048,
            "90.000000" : 132096,
            "95.000000" : 191488,
            "99.000000" : 242688,
            "99.500000" : 259072,
            "99.900000" : 897024,
            "99.950000" : 1236992,
            "99.990000" : 1859584
          }
        },
        "lat_ns" : {
          "min" : 3000,
          "max" : 3287000,
          "mean" : 59535.659170,
          "stddev" : 68639.367933,
          "N" : 57671
        },
        "bw_min" : 166616,
        "bw_max" : 257568,
        "bw_agg" : 88.287165,
        "bw_mean" : 195643.000000,
        "bw_dev" : 26624.764734,
        "bw_samples" : 8,
        "iops_min" : 10413,
        "iops_max" : 16098,
        "iops_mean" : 12227.625000,
        "iops_stddev" : 1664.125677,
        "iops_samples" : 8
      },
      "write" : {
        "io_bytes" : 128860160,
        "io_kbytes" : 125840,
        "bw_bytes" : 30946243,
        "bw" : 30220,
        "iops" : 1888.808838,
        "runtime" : 4164,
        "total_ios" : 7865,
        "short_ios" : 0,
        "drop_ios" : 0,
        "slat_ns" : {
          "min" : 0,
          "max" : 0,
          "mean" : 0.000000,
          "stddev" : 0.000000,
          "N" : 0
        },
        "clat_ns" : {
          "min" : 60000,
          "max" : 595000,
          "mean" : 76801.652893,
          "stddev" : 22625.350440,
          "N" : 7865,
          "percentile" : {
            "1.000000" : 61184,
            "5.000000" : 62208,
            "10.000000" : 62208,
            "20.000000" : 63232,
            "30.000000" : 64256,
            "40.000000" : 64256,
            "50.000000" : 66048,
            "60.000000" : 68096,
            "70.000000" : 81408,
            "80.000000" : 98816,
            "90.000000" : 101888,
            "95.000000" : 107008,
            "99.000000" : 132096,
            "99.500000" : 148480,
            "99.900000" : 317440,
            "99.950000" : 448512,
            "99.990000" : 593920
          }
        },
        "lat_ns" : {
          "min" : 60000,
          "max" : 595000,
          "mean" : 77212.714558,
          "stddev" : 22689.876812,
          "N" : 7865
        },
        "bw_min" : 22711,
        "bw_max" : 35488,
        "bw_agg" : 88.898623,
        "bw_mean" : 26866.875000,
        "bw_dev" : 3738.092693,
        "bw_samples" : 8,
        "iops_min" : 1419,
        "iops_max" : 2218,
        "iops_mean" : 1679.125000,
        "iops_stddev" : 233.700319,
        "iops_samples" : 8
      },
      "trim" : {
        "io_bytes" : 0,
        "io_kbytes" : 0,
        "bw_bytes" : 0,
        "bw" : 0,
        "iops" : 0.000000,
        "runtime" : 0,
        "total_ios" : 0,
        "short_ios" : 0,
        "drop_ios" : 0,
        "slat_ns" : {
          "min" : 0,
          "max" : 0,
          "mean" : 0.000000,
          "stddev" : 0.000000,
          "N" : 0
        },
        "clat_ns" : {
          "min" : 0,
          "max" : 0,
          "mean" : 0.000000,
          "stddev" : 0.000000,
          "N" : 0
        },
        "lat_ns" : {
          "min" : 0,
          "max" : 0,
          "mean" : 0.000000,
          "stddev" : 0.000000,
          "N" : 0
        },
        "bw_min" : 0,
        "bw_max" : 0,
        "bw_agg" : 0.000000,
        "bw_mean" : 0.000000,
        "bw_dev" : 0.000000,
        "bw_samples" : 0,
        "iops_min" : 0,
        "iops_max" : 0,
        "iops_mean" : 0.000000,
        "iops_stddev" : 0.000000,
        "iops_samples" : 0
      },
      "sync" : {
        "total_ios" : 0,
        "lat_ns" : {
          "min" : 0,
          "max" : 0,
          "mean" : 0.000000,
          "stddev" : 0.000000,
          "N" : 0
        }
      },
      "job_runtime" : 4163,
      "usr_cpu" : 4.419890,
      "sys_cpu" : 46.312755,
      "ctx" : 98889,
      "majf" : 0,
      "minf" : 40,
      "iodepth_level" : {
        "1" : 100.000000,
        "2" : 0.000000,
        "4" : 0.000000,
        "8" : 0.000000,
        "16" : 0.000000,
        "32" : 0.000000,
        ">=64" : 0.000000
      },
      "iodepth_submit" : {
        "0" : 0.000000,
        "4" : 100.000000,
        "8" : 0.000000,
        "16" : 0.000000,
        "32" : 0.000000,
        "64" : 0.000000,
        ">=64" : 0.000000
      },
      "iodepth_complete" : {
        "0" : 0.000000,
        "4" : 100.000000,
        "8" : 0.000000,
        "16" : 0.000000,
        "32" : 0.000000,
        "64" : 0.000000,
        ">=64" : 0.000000
      },
      "latency_ns" : {
        "2" : 0.000000,
        "4" : 0.000000,
        "10" : 0.000000,
        "20" : 0.000000,
        "50" : 0.000000,
        "100" : 0.000000,
        "250" : 0.000000,
        "500" : 0.000000,
        "750" : 0.000000,
        "1000" : 0.000000
      },
      "latency_us" : {
        "2" : 0.000000,
        "4" : 0.117493,
        "10" : 17.932129,
        "20" : 0.083923,
        "50" : 42.855835,
        "100" : 24.003601,
        "250" : 14.346313,
        "500" : 0.527954,
        "750" : 0.021362,
        "1000" : 0.036621
      },
      "latency_ms" : {
        "2" : 0.073242,
        "4" : 0.010000,
        "10" : 0.000000,
        "20" : 0.000000,
        "50" : 0.000000,
        "100" : 0.000000,
        "250" : 0.000000,
        "500" : 0.000000,
        "750" : 0.000000,
        "1000" : 0.000000,
        "2000" : 0.000000,
        ">=2000" : 0.000000
      },
      "latency_depth" : 1,
      "latency_target" : 0,
      "latency_percentile" : 100.000000,
      "latency_window" : 0
    }
  ]
}
