{
  "fio version" : "fio-3.38",
  "timestamp" : 1729842740,
  "timestamp_ms" : 1729842740069,
  "time" : "Fri Oct 25 09:52:20 2024",
  "jobs" : [
    {
      "jobname" : "Exo1_rand_12.5_rep_5",
      "groupid" : 0,
      "job_start" : 1729842731570,
      "error" : 0,
      "eta" : 0,
      "elapsed" : 9,
      "job options" : {
        "name" : "Exo1_rand_12.5_rep_5",
        "runtime" : "60",
        "numjobs" : "1",
        "rwmixwrite" : "12.5",
        "bs" : "16k",
        "filesize" : "1G",
        "direct" : "1",
        "rw" : "randrw"
      },
      "read" : {
        "io_bytes" : 944881664,
        "io_kbytes" : 922736,
        "bw_bytes" : 111529941,
        "bw" : 108915,
        "iops" : 6807.247403,
        "runtime" : 8472,
        "total_ios" : 57671,
        "short_ios" : 0,
        "drop_ios" : 0,
        "slat_ns" : {
          "min" : 0,
          "max" : 0,
          "mean" : 0.000000,
          "stddev" : 0.000000,
          "N" : 0
        },
        "clat_ns" : {
          "min" : 4000,
          "max" : 5132000,
          "mean" : 129385.497044,
          "stddev" : 117006.218360,
          "N" : 57671,
          "percentile" : {
            "1.000000" : 4016,
            "5.000000" : 5024,
            "10.000000" : 5984,
            "20.000000" : 7008,
            "30.000000" : 9024,
            "40.000000" : 126464,
            "50.000000" : 142336,
            "60.000000" : 166912,
            "70.000000" : 199680,
            "80.000000" : 220160,
            "90.000000" : 240640,
            "95.000000" : 254976,
            "99.000000" : 284672,
            "99.500000" : 329728,
            "99.900000" : 1269760,
            "99.950000" : 1417216,
            "99.990000" : 2998272
          }
        },
        "lat_ns" : {
          "min" : 4000,
          "max" : 5132000,
          "mean" : 129691.907545,
          "stddev" : 117023.049296,
          "N" : 57671
        },
        "bw_min" : 95552,
        "bw_max" : 139232,
        "bw_agg" : 100.000000,
        "bw_mean" : 109452.125000,
        "bw_dev" : 14154.871877,
        "bw_samples" : 16,
        "iops_min" : 5972,
        "iops_max" : 8702,
        "iops_mean" : 6840.562500,
        "iops_stddev" : 884.622478,
        "iops_samples" : 16
      },
      "write" : {
        "io_bytes" : 128860160,
        "io_kbytes" : 125840,
        "bw_bytes" : 15210122,
        "bw" : 14853,
        "iops" : 928.352219,
        "runtime" : 8472,
        "total_ios" : 7865,
        "short_ios" : 0,
        "drop_ios" : 0,
        "slat_ns" : {
          "min" : 0,
          "max" : 0,
          "mean" : 0.000000,
          "stddev" : 0.000000,
          "N" : 0
        },
        "clat_ns" : {
          "min" : 51000,
          "max" : 643000,
          "mean" : 104853.146853,
          "stddev" : 32225.863523,
          "N" : 7865,
          "percentile" : {
            "1.000000" : 52992,
            "5.000000" : 54016,
            "10.000000" : 55040,
            "20.000000" : 75264,
            "30.000000" : 96768,
            "40.000000" : 105984,
            "50.000000" : 114176,
            "60.000000" : 121344,
            "70.000000" : 122368,
            "80.000000" : 123392,
            "90.000000" : 128512,
            "95.000000" : 138240,
            "99.000000" : 173056,
            "99.500000" : 209920,
            "99.900000" : 358400,
            "99.950000" : 382976,
            "99.990000" : 643072
          }
        },
        "lat_ns" : {
          "min" : 52000,
          "max" : 644000,
          "mean" : 105349.904641,
          "stddev" : 32303.618794,
          "N" : 7865
        },
        "bw_min" : 11936,
        "bw_max" : 18656,
        "bw_agg" : 100.000000,
        "bw_mean" : 14875.375000,
        "bw_dev" : 2118.236999,
        "bw_samples" : 16,
        "iops_min" : 746,
        "iops_max" : 1166,
        "iops_mean" : 929.500000,
        "iops_stddev" : 132.357596,
        "iops_samples" : 16
      },
      "trim" : {
        "io_bytes" : 0,
        "io_kbytes" : 0,
        "bw_bytes" : 0,
        "bw" : 0,
        "iops" : 0.000000,
        "runtime" : 0,
        "total_ios" : 0,
        "short_ios" : 0,
        "drop_ios" : 0,
        "slat_ns" : {
          "min" : 0,
          "max" : 0,
          "mean" : 0.000000,
          "stddev" : 0.000000,
          "N" : 0
        },
        "clat_ns" : {
          "min" : 0,
          "max" : 0,
          "mean" : 0.000000,
          "stddev" : 0.000000,
          "N" : 0
        },
        "lat_ns" : {
          "min" : 0,
          "max" : 0,
          "mean" : 0.000000,
          "stddev" : 0.000000,
          "N" : 0
        },
        "bw_min" : 0,
        "bw_max" : 0,
        "bw_agg" : 0.000000,
        "bw_mean" : 0.000000,
        "bw_dev" : 0.000000,
        "bw_samples" : 0,
        "iops_min" : 0,
        "iops_max" : 0,
        "iops_mean" : 0.000000,
        "iops_stddev" : 0.000000,
        "iops_samples" : 0
      },
      "sync" : {
        "total_ios" : 0,
        "lat_ns" : {
          "min" : 0,
          "max" : 0,
          "mean" : 0.000000,
          "stddev" : 0.000000,
          "N" : 0
        }
      },
      "job_runtime" : 8471,
      "usr_cpu" : 3.057490,
      "sys_cpu" : 18.533821,
      "ctx" : 45857,
      "majf" : 0,
      "minf" : 31,
      "iodepth_level" : {
        "1" : 100.000000,
        "2" : 0.000000,
        "4" : 0.000000,
        "8" : 0.000000,
        "16" : 0.000000,
        "32" : 0.000000,
        ">=64" : 0.000000
      },
      "iodepth_submit" : {
        "0" : 0.000000,
        "4" : 100.000000,
        "8" : 0.000000,
        "16" : 0.000000,
        "32" : 0.000000,
        "64" : 0.000000,
        ">=64" : 0.000000
      },
      "iodepth_complete" : {
        "0" : 0.000000,
        "4" : 100.000000,
        "8" : 0.000000,
        "16" : 0.000000,
        "32" : 0.000000,
        "64" : 0.000000,
        ">=64" : 0.000000
      },
      "latency_ns" : {
        "2" : 0.000000,
        "4" : 0.000000,
        "10" : 0.000000,
        "20" : 0.000000,
        "50" : 0.000000,
        "100" : 0.000000,
        "250" : 0.000000,
        "500" : 0.000000,
        "750" : 0.000000,
        "1000" : 0.000000
      },
      "latency_us" : {
        "2" : 0.000000,
        "4" : 0.000000,
        "10" : 27.732849,
        "20" : 2.166748,
        "50" : 0.433350,
        "100" : 4.292297,
        "250" : 59.365845,
        "500" : 5.691528,
        "750" : 0.105286,
        "1000" : 0.010000
      },
      "latency_ms" : {
        "2" : 0.189209,
        "4" : 0.012207,
        "10" : 0.010000,
        "20" : 0.000000,
        "50" : 0.000000,
        "100" : 0.000000,
        "250" : 0.000000,
        "500" : 0.000000,
        "750" : 0.000000,
        "1000" : 0.000000,
        "2000" : 0.000000,
        ">=2000" : 0.000000
      },
      "latency_depth" : 1,
      "latency_target" : 0,
      "latency_percentile" : 100.000000,
      "latency_window" : 0
    }
  ]
}
